text,true_clickbait,pred_clickbait,true_tactics_vector,pred_tactics
the top reasons russia might resume direct flights to egypt soon,1,1,"[0, 0, 0, 0, 1, 0, 0, 0, 0, 0]","[0, 0, 0, 0, 1, 0, 0, 1, 0, 0]"
senior republican lawmaker wants more sanctions on russia,0,0,[],"[0, 0, 0, 0, 0, 0, 0, 0, 0, 0]"
what remains hidden about patel's return to london,1,1,"[0, 0, 0, 0, 0, 1, 1, 1, 0, 0]","[1, 0, 0, 0, 0, 0, 0, 0, 0, 0]"
"trump, nikki haley to share u.s. spotlight at u.n. gathering",0,0,[],"[0, 0, 0, 0, 0, 0, 0, 0, 0, 0]"
election campaigning underway in japan as abe takes on hope,0,0,[],"[0, 0, 0, 0, 0, 0, 0, 0, 0, 0]"
"portugal approves 2018 budget, seeks to trim deficit further",0,0,[],"[0, 0, 0, 0, 0, 0, 0, 0, 0, 0]"
an unexpected call to action from microsoft's president on dreamers,1,1,"[0, 0, 0, 0, 0, 0, 0, 0, 1, 0]","[0, 0, 0, 1, 0, 0, 0, 0, 1, 0]"
"turkey, russia, iran to hold syria summit in sochi on nov. 22: ntv",0,0,[],"[0, 0, 0, 0, 0, 0, 0, 0, 0, 0]"
"playboy model's interview 'aggravated' trump, court hears",0,0,[],"[0, 0, 0, 0, 0, 0, 0, 0, 0, 0]"
the unexpected developments in iran's power struggles with trump's hostility,1,1,"[0, 0, 0, 0, 0, 1, 0, 0, 0, 0]","[0, 0, 1, 1, 0, 0, 0, 0, 1, 0]"
"californians are dreaming of a country without trump, but what happens next",1,1,"[1, 0, 0, 0, 0, 0, 0, 1, 1, 0]","[0, 0, 1, 0, 0, 0, 0, 1, 0, 1]"
what is qatar's secret behind 12 billion euros of deals,1,1,"[0, 0, 0, 0, 0, 1, 0, 0, 0, 0]","[1, 0, 0, 0, 0, 0, 0, 0, 0, 1]"
"zimbabwe military chief's china trip was normal visit, beijing says",0,0,[],"[0, 0, 0, 0, 0, 0, 0, 0, 0, 0]"
brother of toulouse jihadist faces appeal against murder acquittal,0,0,[],"[0, 0, 0, 0, 0, 0, 0, 0, 0, 0]"
trump advisors aim to privatize oil-rich indian reservations,0,0,[],"[0, 0, 0, 0, 0, 0, 0, 0, 0, 0]"
trump's immigration order linked to unprecedented global backlash,1,0,"[0, 0, 0, 1, 0, 0, 0, 0, 1, 0]","[0, 0, 0, 0, 0, 0, 0, 0, 0, 0]"
"behind democrats' email leak, u.s. experts see a russian subplot",0,0,[],"[0, 0, 0, 0, 0, 0, 0, 0, 0, 0]"
wasserman schultz wins florida democratic nod in house race: miami herald,0,0,[],"[0, 0, 0, 0, 0, 0, 0, 0, 0, 0]"
divided srebrenica awaits mladic verdict 22 years after massacre,0,0,[],"[0, 0, 0, 0, 0, 0, 0, 0, 0, 0]"
trump will reopen controversial trump university after litigation ends,0,0,[],"[0, 0, 0, 0, 0, 0, 0, 0, 0, 0]"
you won't believe how illegal miners in south africa hide their gold,1,1,"[0, 0, 0, 0, 1, 0, 1, 0, 0, 0]","[1, 1, 0, 0, 0, 0, 1, 0, 0, 0]"
u.s. commerce secretary eyes more trade moves: wsj,0,0,[],"[0, 0, 0, 0, 0, 0, 0, 0, 0, 0]"
germany's far-right afd has more immigrant mps than merkel's conservatives,0,0,[],"[0, 0, 0, 0, 0, 0, 0, 0, 0, 0]"
are dreamers really safe? the surprising truth from central america,1,1,"[0, 0, 0, 0, 0, 0, 0, 0, 0, 1]","[1, 0, 0, 0, 0, 0, 0, 0, 0, 1]"
the top agenda items biden will discuss in mexico city,1,0,"[0, 0, 0, 0, 1, 0, 0, 0, 0, 0]","[0, 0, 0, 0, 0, 0, 0, 0, 0, 0]"
"russia becomes iraq kurds' top funder, quiet about independence vote",0,0,[],"[0, 0, 0, 0, 0, 0, 0, 0, 0, 0]"
"strong earthquake hits iraq and iran, killing more than 450",0,0,[],"[0, 0, 0, 0, 0, 0, 0, 0, 0, 0]"
germany seeks to take heat out of turkey eu accession question,0,0,[],"[0, 0, 0, 0, 0, 0, 0, 0, 0, 0]"
what this clash means for immigration policy in the u.s.,1,1,"[0, 1, 0, 0, 0, 0, 1, 0, 0, 0]","[1, 0, 0, 0, 0, 1, 0, 0, 0, 1]"
major developments arise from pm may's emergency meeting,1,1,"[0, 1, 0, 0, 1, 0, 0, 0, 0, 0]","[0, 1, 0, 1, 0, 0, 0, 0, 0, 0]"
what remains hidden behind the thousands rallying to oust najib,1,1,"[1, 0, 0, 0, 0, 1, 0, 1, 0, 0]","[1, 0, 0, 0, 0, 0, 0, 0, 0, 1]"
macedonian court sentences ex-secret police official to 18 months in prison,0,0,[],"[0, 0, 0, 0, 0, 0, 0, 0, 0, 0]"
new house labor committee chair questions need for unions,0,0,[],"[0, 0, 0, 0, 0, 0, 0, 0, 0, 0]"
iran rejects u.s. demand for u.n. visit to military sites,0,0,[],"[0, 0, 0, 0, 0, 0, 0, 0, 0, 0]"
is russia really allowing syrian kurds to attend the sochi talks,1,1,"[0, 0, 0, 0, 1, 0, 0, 0, 1, 1]","[0, 0, 0, 1, 0, 0, 0, 0, 0, 1]"
trump administration defends interpretation of travel ban ruling,0,0,[],"[0, 0, 0, 0, 0, 0, 0, 0, 0, 0]"
syria's eastern ghouta faces 'complete catastrophe': u.n.,0,0,[],"[0, 0, 0, 0, 0, 0, 0, 0, 0, 0]"
guatemala prosecutors target ex-president for alleged corruption,0,0,[],"[0, 0, 0, 0, 0, 0, 0, 0, 0, 0]"
eu to review brexit approach if no deal by december: tusk,0,0,[],"[0, 0, 0, 0, 0, 0, 0, 0, 0, 0]"
the unexpected twist in eu's aid cut to turkey,1,1,"[0, 0, 0, 1, 0, 1, 0, 0, 1, 0]","[1, 0, 0, 1, 0, 0, 0, 0, 0, 0]"
factbox: how u.s. states responded to trump panel's voter data request,0,0,[],"[0, 0, 0, 0, 0, 0, 0, 0, 0, 0]"
what voters should know about rubio's endorsements and cruz's blunders,1,1,"[0, 0, 0, 0, 0, 1, 1, 0, 0, 0]","[1, 0, 0, 0, 0, 0, 1, 0, 0, 0]"
what happens next for the government's funding bill that could change everything,1,1,"[0, 0, 0, 0, 0, 1, 0, 1, 1, 0]","[0, 1, 0, 0, 0, 0, 0, 1, 0, 1]"
exclusive: white house delivered eu-skeptic message before pence visit - sources,0,0,[],"[0, 0, 0, 0, 0, 0, 0, 0, 0, 0]"
syrian political opposition says hopes clinton wins u.s. presidency,0,0,[],"[0, 0, 0, 0, 0, 0, 0, 0, 0, 0]"
state lawmakers override bill veto to ease chicago pension payments,0,0,[],"[0, 0, 0, 0, 0, 0, 0, 0, 0, 0]"
north korea sentences south korean reporters to death over review of book about country,0,0,[],"[0, 0, 0, 0, 0, 0, 0, 0, 0, 0]"
north korea warns of 'more gift packages' for united states,0,0,[],"[0, 0, 0, 0, 0, 0, 0, 0, 0, 0]"
trump said firing comey relieved 'great pressure': new york times,0,0,[],"[0, 0, 0, 0, 0, 0, 0, 0, 0, 0]"
the dramatic failure of republicans to end obamacare raises concerns,1,0,"[0, 1, 1, 0, 0, 0, 0, 0, 1, 0]","[0, 0, 0, 0, 0, 0, 0, 0, 0, 0]"
democrats take aim at big companies in economic blueprint,0,0,[],"[0, 0, 0, 0, 0, 0, 0, 0, 0, 0]"
"putin, trump agree to work together on syria, set up meeting: kremlin",0,0,[],"[0, 0, 0, 0, 0, 0, 0, 0, 0, 0]"
what do i need to know about the cia's hacking program?,0,1,[],"[1, 0, 0, 0, 0, 0, 0, 0, 0, 1]"
colombia protests venezuelan military crossing border,0,0,[],"[0, 0, 0, 0, 0, 0, 0, 0, 0, 0]"
russia: u.s. military drills likely aimed at provoking n.korea,0,0,[],"[0, 0, 0, 0, 0, 0, 0, 0, 0, 0]"
senator flake: trump can't win if he can't change,0,0,[],"[0, 0, 0, 0, 0, 0, 0, 0, 0, 0]"
u.s. house republicans exploring border tax design changes: lawmaker,0,0,[],"[0, 0, 0, 0, 0, 0, 0, 0, 0, 0]"
the heartbreaking scenes from the mexico quake funerals,1,1,"[0, 1, 0, 0, 1, 1, 0, 0, 0, 0]","[0, 1, 1, 0, 0, 0, 0, 0, 0, 0]"
florida lieutenant governor ends bid for senate seat,0,0,[],"[0, 0, 0, 0, 0, 0, 0, 0, 0, 0]"
france sold two military ships to united arab emirates: macron,0,0,[],"[0, 0, 0, 0, 0, 0, 0, 0, 0, 0]"
top leaders warn italy must quit euro unless rules change soon,1,0,"[0, 0, 1, 0, 1, 0, 0, 0, 0, 0]","[0, 0, 0, 0, 0, 0, 0, 0, 0, 0]"
trump's unexpected claim that evangelicals will love his pick,1,1,"[0, 1, 0, 0, 0, 0, 1, 0, 1, 0]","[1, 0, 0, 1, 0, 1, 0, 0, 0, 0]"
irish pm statement on brexit talks delayed,0,0,[],"[0, 0, 0, 0, 0, 0, 0, 0, 0, 0]"
the shocking truth behind why yemeni airline flights are still grounded,1,1,"[0, 1, 0, 0, 0, 0, 0, 0, 1, 0]","[1, 1, 0, 1, 0, 0, 0, 0, 0, 0]"
top concerns emerge over mcconnell's tax bill proposal,1,0,"[0, 0, 0, 0, 1, 0, 0, 0, 0, 0]","[0, 0, 0, 0, 0, 0, 0, 0, 0, 0]"
bangladesh says agreed with myanmar for unhcr to assist rohingya's return,0,0,[],"[0, 0, 0, 0, 0, 0, 0, 0, 0, 0]"
china's gold consumption rises on safe-haven demand,0,0,[],"[0, 0, 0, 0, 0, 0, 0, 0, 0, 0]"
court orders nigeria to pay $288 million to 1967 war victims,0,0,[],"[0, 0, 0, 0, 0, 0, 0, 0, 0, 0]"
why do some republican pundits remain defiantly #nevertrump,1,1,"[0, 0, 0, 0, 0, 0, 0, 0, 0, 1]","[1, 0, 0, 1, 0, 0, 0, 0, 0, 1]"
trump to meet with long list of leaders in new york next week -white house,0,0,[],"[0, 0, 0, 0, 0, 0, 0, 0, 0, 0]"
bathroom lawsuit could send transgender rights to supreme court,0,0,[],"[0, 0, 0, 0, 0, 0, 0, 0, 0, 0]"
the dramatic final hours of yemen's saleh revealed,1,1,"[0, 0, 0, 1, 0, 0, 0, 0, 0, 0]","[1, 1, 0, 1, 0, 0, 0, 0, 0, 0]"
early 2018 is crunch time for banks' brexit decisions: uk official,0,0,[],"[0, 0, 0, 0, 0, 0, 0, 0, 0, 0]"
investors should pay attention to trump's new administration hires,1,1,"[0, 0, 0, 0, 0, 0, 1, 0, 0, 0]","[1, 0, 0, 0, 0, 0, 1, 0, 0, 0]"
"despite healthcare setback, trump says big surprise on bill could come",0,1,[],"[1, 1, 0, 0, 0, 0, 0, 1, 0, 0]"
auditor says he was forced to quit vatican after finding irregularities,0,0,[],"[0, 0, 0, 0, 0, 0, 0, 0, 0, 0]"
could this victory in libya change everything for migrants,1,1,"[0, 0, 1, 0, 0, 0, 0, 0, 0, 1]","[0, 0, 0, 0, 0, 1, 0, 1, 0, 1]"
you won’t believe what obama plans to do in cuba,1,1,"[0, 1, 0, 0, 0, 0, 1, 0, 0, 0]","[1, 0, 0, 1, 0, 0, 1, 0, 0, 0]"
senator warren aide said to be in running for sec job: sources,0,0,[],"[0, 0, 0, 0, 0, 0, 0, 0, 0, 0]"
"china military sets up website to report leaks, fake news",0,0,[],"[0, 0, 0, 0, 0, 0, 0, 0, 0, 0]"
five kenyans killed by mobs for looting in opposition processions: police,0,0,[],"[0, 0, 0, 0, 0, 0, 0, 0, 0, 0]"
moulin rouge's windmill collapse creates a shocking spectacle,1,1,"[0, 1, 0, 1, 0, 0, 0, 1, 0, 0]","[0, 1, 0, 1, 0, 0, 0, 0, 0, 0]"
what happened in the meeting that made the boeing ceo so upbeat,1,1,"[0, 0, 1, 1, 0, 0, 0, 0, 0, 1]","[1, 0, 0, 0, 0, 0, 0, 0, 0, 1]"
what is driving disillusionment among voters hoping for change in the u.s.,1,1,"[0, 0, 0, 0, 0, 1, 0, 0, 0, 0]","[0, 0, 1, 0, 0, 0, 1, 0, 0, 1]"
mcconnell says u.s. senate to vote early next week on obamacare repeal,0,0,[],"[0, 0, 0, 0, 0, 0, 0, 0, 0, 0]"
what could this strong response from iran mean for global stability,1,1,"[0, 1, 0, 0, 0, 0, 0, 0, 1, 1]","[0, 0, 0, 1, 0, 0, 0, 1, 0, 1]"
this is why orban vows to fight against eu's migrant quota ruling,1,1,"[0, 0, 0, 0, 1, 1, 1, 0, 0, 0]","[1, 0, 0, 1, 0, 1, 0, 0, 0, 0]"
trump picks his company lawyer for special negotiator: statement,0,0,[],"[0, 0, 0, 0, 0, 0, 0, 0, 0, 0]"
what's really changing with the house's harassment settlement policy,1,1,"[0, 0, 0, 0, 0, 0, 0, 0, 1, 0]","[1, 0, 0, 0, 0, 0, 0, 0, 0, 1]"
xi's significant statement on maintaining the 'one china' principle,1,0,"[0, 1, 0, 0, 0, 0, 0, 0, 0, 0]","[0, 0, 0, 0, 0, 0, 0, 0, 0, 0]"
who will trump choose as his running mate this friday,1,1,"[0, 0, 0, 0, 0, 1, 0, 0, 0, 0]","[0, 0, 0, 0, 0, 0, 0, 1, 0, 1]"
trump lawyer criticizes comey's leak to news media,0,0,[],"[0, 0, 0, 0, 0, 0, 0, 0, 0, 0]"
the significant truth behind tillerson's departure that you need to know,1,1,"[0, 1, 0, 0, 1, 0, 0, 0, 0, 0]","[1, 1, 0, 0, 0, 0, 1, 0, 0, 0]"
shocking news: lotte chief escapes prison and continues to lead the company,1,1,"[0, 0, 0, 1, 0, 0, 0, 0, 0, 0]","[0, 0, 0, 1, 0, 0, 0, 0, 1, 0]"
lebanon's president rejects terrorism suggestion,0,0,[],"[0, 0, 0, 0, 0, 0, 0, 0, 0, 0]"
outrage brews as oklahoma lawmakers move to revoke abortion doctors' licenses,1,0,"[0, 0, 1, 0, 0, 0, 0, 0, 0, 0]","[0, 0, 0, 0, 0, 0, 0, 0, 0, 0]"
is trump's nafta withdrawal hiding something crucial,1,1,"[0, 0, 0, 0, 0, 0, 0, 0, 1, 1]","[1, 0, 0, 0, 0, 1, 0, 0, 0, 1]"
could south korea's talks with the u.s. spark fear in the region,1,1,"[0, 1, 1, 0, 0, 0, 0, 0, 0, 1]","[0, 0, 1, 0, 0, 0, 0, 0, 0, 1]"
china's surprising cultural exchanges amid south korea's freezing situation,1,1,"[0, 0, 0, 0, 0, 0, 0, 1, 1, 0]","[0, 0, 0, 1, 0, 0, 0, 0, 1, 0]"
the ongoing battle over the controversial war on drugs in the philippines,1,0,"[0, 1, 0, 0, 0, 0, 0, 1, 0, 0]","[0, 0, 0, 0, 0, 0, 0, 0, 0, 0]"
"u.s., russia set for likely u.n. row over syria toxic gas inquiry",0,0,[],"[0, 0, 0, 0, 0, 0, 0, 0, 0, 0]"
"trump greets netanyahu with smiles, handshakes and a jolt or two",0,1,[],"[0, 0, 0, 1, 0, 1, 0, 0, 1, 0]"
you need to know about the key land protection law under review in the u.s.,1,1,"[0, 0, 0, 0, 0, 0, 1, 0, 0, 0]","[1, 1, 0, 0, 0, 0, 1, 0, 0, 0]"
"u.s. welcomes china, south korea bid to improve ties despite anti-missile dispute",0,0,[],"[0, 0, 0, 0, 0, 0, 0, 0, 0, 0]"
the unexpected factors driving google's sales surge during ai investments,1,1,"[1, 0, 0, 0, 0, 0, 1, 0, 0, 1]","[1, 0, 0, 0, 0, 0, 0, 0, 1, 0]"
zimbabwe's mugabe calls for cabinet meeting on tuesday,0,0,[],"[0, 0, 0, 0, 0, 0, 0, 0, 0, 0]"
republican senator and trump critic says will not seek re-election,0,0,[],"[0, 0, 0, 0, 0, 0, 0, 0, 0, 0]"
what remains hidden as brexit law passes a crucial hurdle for pm may,1,1,"[0, 0, 0, 0, 1, 0, 0, 0, 1, 0]","[1, 1, 0, 0, 0, 0, 0, 0, 0, 0]"
bill clinton called to break northern ireland political impasse: source,0,0,[],"[0, 0, 0, 0, 0, 0, 0, 0, 0, 0]"
top senate democrat reid backs new gun control proposal,0,0,[],"[0, 0, 0, 0, 0, 0, 0, 0, 0, 0]"
top military sources reveal what's happening in al-mayadin,1,1,"[1, 0, 0, 0, 1, 0, 1, 0, 0, 0]","[1, 0, 0, 1, 1, 0, 0, 0, 0, 0]"
"united states, china to meet on north korea on wednesday",0,0,[],"[0, 0, 0, 0, 0, 0, 0, 0, 0, 0]"
factbox: where key u.s. republican senators stand on healthcare bill,0,0,[],"[0, 0, 0, 0, 0, 0, 0, 0, 0, 0]"
what you don’t see in japan's tpp trade talk progress,1,1,"[0, 0, 0, 0, 0, 1, 0, 0, 0, 0]","[1, 0, 0, 0, 0, 0, 1, 0, 0, 0]"
the most important bill for insurance experts just passed,1,1,"[0, 1, 0, 0, 1, 0, 0, 0, 0, 0]","[0, 1, 0, 1, 1, 0, 0, 0, 0, 0]"
what you don’t see in the u.s.-japan trade agreement,1,1,"[1, 0, 0, 0, 0, 0, 0, 0, 1, 0]","[1, 0, 0, 0, 0, 0, 1, 0, 0, 0]"
u.s. agency scraps unused telegraph regulations in trump rules purge,0,0,[],"[0, 0, 0, 0, 0, 0, 0, 0, 0, 0]"
"palestinians call general strike, rallies to protest trump jerusalem move",0,0,[],"[0, 0, 0, 0, 0, 0, 0, 0, 0, 0]"
insiders reveal trump's surprising talks with middle eastern leaders,1,1,"[0, 0, 0, 0, 0, 0, 1, 0, 0, 0]","[1, 0, 0, 1, 0, 0, 0, 0, 1, 0]"
what does japan's largest warship drilling with u.s. carriers near korea really mean,1,1,"[0, 0, 0, 0, 0, 1, 1, 0, 1, 0]","[1, 0, 0, 0, 1, 0, 0, 0, 0, 1]"
republican debate without trump draws 12.5 million viewers to fox news,0,0,[],"[0, 0, 0, 0, 0, 0, 0, 0, 0, 0]"
the trump presidency on march 23 at 7:03 p.m. edt,0,1,[],"[0, 0, 0, 1, 0, 1, 0, 0, 0, 0]"
trump tries to soothe polish-americans' concerns about his nato stance,0,0,[],"[0, 0, 0, 0, 0, 0, 0, 0, 0, 0]"
syrian democratic forces say reach deir al-zor industrial zone: statement,0,0,[],"[0, 0, 0, 0, 0, 0, 0, 0, 0, 0]"
lebanon says foils attacks after warnings from foreign embassies,0,0,[],"[0, 0, 0, 0, 0, 0, 0, 0, 0, 0]"
new jersey's education funding plan connects surprising dots,1,1,"[0, 0, 0, 0, 0, 0, 0, 0, 1, 0]","[1, 0, 0, 0, 0, 1, 0, 0, 1, 0]"
what happens next with trump's call for an immediate obamacare repeal,1,1,"[1, 0, 0, 0, 1, 0, 0, 0, 0, 0]","[0, 0, 0, 0, 0, 0, 0, 1, 0, 1]"
"pakistani peace activist reported missing, police say",0,0,[],"[0, 0, 0, 0, 0, 0, 0, 0, 0, 0]"
tension in south sudan capital after bid to disarm detained ex-army chief,0,0,[],"[0, 0, 0, 0, 0, 0, 0, 0, 0, 0]"
trump backs off praise of russia's putin after debate,0,0,[],"[0, 0, 0, 0, 0, 0, 0, 0, 0, 0]"
"macri vows now, ""mature"" relationship with the u.s.",0,0,[],"[0, 0, 0, 0, 0, 0, 0, 0, 0, 0]"
the outcome remains unclear as a graft dispute brews after the prosecutor's firing,1,0,"[0, 0, 0, 0, 0, 0, 1, 1, 0, 0]","[0, 0, 0, 0, 0, 0, 0, 0, 0, 0]"
what does the delay of key senate votes on perry and zinke mean for energy policy,1,0,"[1, 1, 0, 1, 0, 0, 0, 0, 0, 0]","[0, 0, 0, 0, 0, 0, 0, 0, 0, 0]"
brazil's workers party formalizes support for ex-president lula,0,0,[],"[0, 0, 0, 0, 0, 0, 0, 0, 0, 0]"
"militants attack checkpoint in somalia's puntland, seven dead",0,0,[],"[0, 0, 0, 0, 0, 0, 0, 0, 0, 0]"
russia's putin says defeat of terror in syria imminent,0,0,[],"[0, 0, 0, 0, 0, 0, 0, 0, 0, 0]"
why you should pay attention to the freedom caucus's latest healthcare bill updates,1,1,"[0, 0, 0, 0, 0, 0, 1, 0, 0, 0]","[0, 0, 0, 0, 0, 0, 1, 0, 0, 1]"
are internet-linked devices posing unprecedented national security threats,1,1,"[0, 1, 0, 0, 0, 0, 0, 1, 0, 0]","[0, 1, 0, 1, 0, 0, 0, 0, 0, 1]"
alaska airlines discontinues los angeles-havana daily flight,0,0,[],"[0, 0, 0, 0, 0, 0, 0, 0, 0, 0]"
the shocking reason why a woman attempted to breach buckingham palace,1,1,"[0, 1, 1, 0, 0, 0, 0, 0, 1, 0]","[1, 0, 1, 1, 0, 0, 0, 0, 0, 0]"
qatar's bold statement on trump's jerusalem move raises critical concerns,1,1,"[0, 0, 0, 0, 0, 0, 0, 0, 0, 1]","[0, 1, 1, 0, 0, 0, 0, 0, 0, 0]"
"merkel, macron say no alternative to peaceful settlement in eastern ukraine",0,0,[],"[0, 0, 0, 0, 0, 0, 0, 0, 0, 0]"
russian diplomats vacate three properties on u.s. orders,0,0,[],"[0, 0, 0, 0, 0, 0, 0, 0, 0, 0]"
the czech president's surprising reaction to trump's victory,1,1,"[0, 0, 0, 0, 0, 0, 0, 1, 0, 0]","[1, 0, 0, 1, 0, 0, 0, 0, 0, 0]"
merkel reveals the top sanctions needed against north korea,1,0,"[0, 0, 0, 0, 1, 0, 0, 0, 0, 0]","[0, 0, 0, 0, 0, 0, 0, 0, 0, 0]"
"schiff says trump wants focus on tweets, not russia probe",0,0,[],"[0, 0, 0, 0, 0, 0, 0, 0, 0, 0]"
senate banking committee approves two sec nominees,0,0,[],"[0, 0, 0, 0, 0, 0, 0, 0, 0, 0]"
the top five reasons the exiled king's remains are finally back in italy,1,1,"[0, 0, 0, 0, 1, 0, 0, 0, 0, 0]","[0, 0, 0, 0, 1, 0, 0, 0, 0, 0]"
what you don’t see in the upcoming vote on self-driving cars,1,1,"[0, 0, 0, 1, 0, 1, 0, 0, 1, 0]","[1, 0, 0, 0, 0, 0, 1, 0, 0, 0]"
china defends ally pakistan after trump criticism,0,0,[],"[0, 0, 0, 0, 0, 0, 0, 0, 0, 0]"
china's xi vows to 'open wider' while defending jobs,0,0,[],"[0, 0, 0, 0, 0, 0, 0, 0, 0, 0]"
you won’t believe the shocking details of the spending scandal,1,1,"[1, 0, 0, 0, 1, 0, 0, 0, 0, 0]","[1, 0, 1, 0, 0, 0, 1, 0, 0, 0]"
pentagon confirms 'probable' north korean missile launch,0,0,[],"[0, 0, 0, 0, 0, 0, 0, 0, 0, 0]"
for women at the u.s. congress: the right to bare arms?,0,1,[],"[0, 0, 0, 1, 0, 0, 0, 0, 1, 1]"
a certain review of the healthcare bill is expected by monday,1,0,"[0, 1, 0, 0, 0, 1, 0, 0, 0, 0]","[0, 0, 0, 0, 0, 0, 0, 0, 0, 0]"
u.s. in position to stop military support for some groups fighting islamic state,0,0,[],"[0, 0, 0, 0, 0, 0, 0, 0, 0, 0]"
what's really happening with the davao boys and their deadly drug war,1,1,"[0, 0, 0, 0, 0, 0, 0, 1, 0, 0]","[1, 0, 0, 1, 0, 0, 0, 0, 0, 1]"
"trump gains on clinton despite furor over women, election comments",0,0,[],"[0, 0, 0, 0, 0, 0, 0, 0, 0, 0]"
mexico president replaces finance minister after damaging trump visit,0,0,[],"[0, 0, 0, 0, 0, 0, 0, 0, 0, 0]"
what remains hidden in china's confidence before trump's visit?,1,1,"[1, 0, 0, 1, 0, 0, 0, 0, 1, 0]","[1, 0, 0, 0, 0, 0, 0, 0, 0, 1]"
catalan independence campaign kicks off as barcelona gives backing,0,0,[],"[0, 0, 0, 0, 0, 0, 0, 0, 0, 0]"
are top spies really doubting the cia's russia hacking assessment?,1,1,"[1, 0, 1, 0, 0, 0, 0, 0, 0, 1]","[0, 0, 0, 1, 1, 0, 0, 0, 0, 1]"
south dakota governor considers transgender bathroom bill,0,0,[],"[0, 0, 0, 0, 0, 0, 0, 0, 0, 0]"
the unexpected link between the energy bill and michigan's water crisis,1,1,"[0, 1, 0, 0, 0, 1, 0, 0, 0, 0]","[0, 0, 0, 1, 0, 0, 0, 0, 1, 0]"
victims of mexico military abuses shudder at new security law,0,0,[],"[0, 0, 0, 0, 0, 0, 0, 0, 0, 0]"
what the opposition leader is saying about the violence in kenya,1,1,"[0, 0, 0, 0, 0, 1, 0, 1, 0, 1]","[1, 0, 0, 0, 0, 0, 0, 0, 0, 0]"
the shocking opposition from sanders against the constitution pipeline,1,1,"[0, 0, 0, 1, 0, 0, 0, 0, 0, 0]","[0, 0, 0, 1, 0, 0, 0, 0, 0, 0]"
eu court migrant ruling comes gift-wrapped for orban re-election bid,0,1,[],"[0, 1, 0, 1, 0, 0, 0, 0, 1, 0]"
the world's biggest election is also its hottest,0,1,[],"[0, 0, 0, 1, 1, 0, 0, 0, 1, 0]"
the major implications of the judge's ruling on texas voter id laws,1,0,"[0, 0, 0, 0, 1, 1, 0, 0, 0, 1]","[0, 0, 0, 0, 0, 0, 0, 0, 0, 0]"
u.s. senators express outrage over facebook's election power,1,0,"[0, 0, 0, 1, 0, 0, 0, 0, 0, 0]","[0, 0, 0, 0, 0, 0, 0, 0, 0, 0]"
massachusetts ballot initiative on president tax return passes hurdle,0,0,[],"[0, 0, 0, 0, 0, 0, 0, 0, 0, 0]"
u.s. coalition denies deadly strike in syria's deir al-zor city,0,0,[],"[0, 0, 0, 0, 0, 0, 0, 0, 0, 0]"
trump candidacy stirs alliance angst in japan,0,0,[],"[0, 0, 0, 0, 0, 0, 0, 0, 0, 0]"
what remains hidden about mexico's stance on the wall,1,1,"[1, 0, 0, 0, 0, 0, 0, 0, 0, 0]","[1, 0, 0, 0, 0, 0, 0, 0, 0, 1]"
"trump, australian pm to hit reset in new york after fractious phone call",0,0,[],"[0, 0, 0, 0, 0, 0, 0, 0, 0, 0]"
"france to raise minimum food prices, limit bargain sales",0,0,[],"[0, 0, 0, 0, 0, 0, 0, 0, 0, 0]"
what you don’t see in the senate's upcoming antitrust discussions,1,1,"[0, 0, 0, 0, 0, 1, 0, 0, 1, 1]","[1, 0, 0, 0, 0, 0, 1, 0, 0, 0]"
what led to duterte's surprising support for same-sex unions,1,1,"[1, 0, 0, 0, 0, 0, 0, 0, 0, 1]","[1, 0, 0, 0, 0, 0, 0, 0, 1, 1]"
zimbabwe's moyo says on twitter he is out of the country,0,0,[],"[0, 0, 0, 0, 0, 0, 0, 0, 0, 0]"
u.s. condemns arrest of istanbul consulate worker,0,0,[],"[0, 0, 0, 0, 0, 0, 0, 0, 0, 0]"
are democrats ready to take a bold step in resetting ties with netanyahu?,1,1,"[0, 0, 0, 0, 0, 0, 1, 0, 1, 0]","[0, 1, 0, 0, 0, 0, 0, 1, 0, 1]"
u.s. senator probes pentagon on russian source code reviews,0,0,[],"[0, 0, 0, 0, 0, 0, 0, 0, 0, 0]"
carter's strong words against trump's ban on transgender rights spark outrage,1,0,"[0, 0, 1, 0, 0, 0, 0, 1, 0, 0]","[0, 0, 0, 0, 0, 0, 0, 0, 0, 0]"
trump's chicago rally called off for safety reasons amid chaos,0,0,[],"[0, 0, 0, 0, 0, 0, 0, 0, 0, 0]"
this shocking event in kabul could have been disastrous,1,1,"[0, 0, 0, 0, 0, 1, 0, 0, 0, 0]","[1, 0, 1, 0, 0, 1, 0, 0, 0, 0]"
"u.s. ""probing"" to see if north korea interested in dialogue: tillerson",0,0,[],"[0, 0, 0, 0, 0, 0, 0, 0, 0, 0]"
"myanmar, bangladesh agree to cooperate on rohingya refugee repatriation",0,0,[],"[0, 0, 0, 0, 0, 0, 0, 0, 0, 0]"
china's surprising stance on the thaad issue that south korea must see,1,1,"[0, 1, 1, 0, 1, 0, 0, 0, 0, 0]","[1, 0, 0, 1, 0, 0, 1, 0, 0, 0]"
the outrage over clinton's racially charged joke you won't believe,1,1,"[0, 1, 1, 0, 0, 0, 0, 0, 0, 1]","[1, 0, 1, 0, 0, 0, 1, 0, 0, 0]"
what you don’t see in the last goodbye to the thai king,1,1,"[1, 0, 0, 0, 0, 0, 0, 0, 0, 0]","[1, 0, 0, 0, 0, 0, 1, 0, 0, 0]"
argentine congress to make fresh attempt at pension debate on monday,0,0,[],"[0, 0, 0, 0, 0, 0, 0, 0, 0, 0]"
"the child stars’ house of terror: ‘if everyone knew, who could we turn to?’",0,1,[],"[1, 0, 1, 0, 0, 0, 0, 0, 1, 0]"
could this meeting with trump jr. reveal shocking truths,1,1,"[0, 0, 1, 0, 0, 0, 0, 0, 0, 0]","[0, 1, 0, 0, 0, 1, 0, 0, 0, 1]"
this detail about police deaths is sparking a major law shift,1,1,"[1, 1, 0, 0, 0, 1, 0, 0, 0, 0]","[1, 1, 0, 0, 0, 0, 0, 0, 0, 0]"
catalonia's sacked leader sparks a dramatic call to action against madrid,1,1,"[0, 0, 0, 1, 0, 0, 0, 1, 0, 0]","[0, 1, 0, 1, 0, 0, 0, 0, 0, 0]"
'at the doors of starvation:' siege strangles damascus suburbs,0,0,[],"[0, 0, 0, 0, 0, 0, 0, 0, 0, 0]"
outrage as trump proposes controversial lobbying ban,1,0,"[0, 0, 1, 0, 0, 0, 0, 0, 0, 0]","[0, 0, 0, 0, 0, 0, 0, 0, 0, 0]"
trump picks former u.s. senator coats as director of national intelligence,0,0,[],"[0, 0, 0, 0, 0, 0, 0, 0, 0, 0]"
trump's tweets reveal something shocking you won't believe,1,1,"[1, 0, 0, 1, 0, 0, 0, 0, 0, 0]","[1, 0, 0, 0, 0, 1, 1, 0, 0, 0]"
"u.s treasury’s lew says colombia peace deal to boost investment, unlock new aid",0,0,[],"[0, 0, 0, 0, 0, 0, 0, 0, 0, 0]"
this unexpected connection between russia and trump has everyone talking,1,1,"[0, 0, 0, 0, 0, 1, 0, 0, 1, 0]","[0, 1, 0, 0, 0, 1, 0, 0, 1, 0]"
what remains hidden about the hellenikon resort project in greece,1,1,"[1, 0, 0, 0, 0, 0, 0, 0, 0, 0]","[1, 0, 0, 0, 0, 0, 0, 0, 0, 0]"
trump's rise amid controversy is more shocking than you realize,1,1,"[0, 0, 1, 1, 0, 0, 1, 0, 0, 0]","[0, 1, 0, 1, 0, 0, 1, 0, 0, 0]"
taiwan president pledges to defend freedoms despite china pressure,0,0,[],"[0, 0, 0, 0, 0, 0, 0, 0, 0, 0]"
factbox: u.s. congress investigates links between trump and russia,0,0,[],"[0, 0, 0, 0, 0, 0, 0, 0, 0, 0]"
could trump's potential fed chief replacement change everything for you,1,1,"[0, 0, 1, 0, 0, 0, 1, 1, 0, 0]","[0, 1, 0, 0, 0, 0, 1, 0, 0, 1]"
outrage grows over the latest obamacare repeal bill’s impact on medicaid,1,0,"[0, 0, 1, 0, 0, 0, 0, 0, 0, 0]","[0, 0, 0, 0, 0, 0, 0, 0, 0, 0]"
what you need to know about legal loopholes in trump's orders,1,1,"[0, 0, 0, 0, 0, 0, 1, 1, 1, 0]","[1, 0, 0, 0, 0, 0, 1, 0, 0, 0]"
"what remains hidden as kurdish leader departs, leaving nephew to face challenges",1,1,"[0, 0, 1, 0, 0, 1, 0, 0, 0, 0]","[1, 0, 0, 0, 0, 0, 0, 1, 0, 0]"
"exclusive: tillerson plans to skip nato meeting, visit russia in april - sources",0,0,[],"[0, 0, 0, 0, 0, 0, 0, 0, 0, 0]"
what remains hidden after papua new guinea's court ruling on asylum-seeker camp,1,1,"[1, 0, 0, 0, 0, 0, 0, 0, 0, 1]","[1, 0, 0, 0, 0, 0, 0, 0, 0, 0]"
trump delays moving u.s. embassy to jerusalem despite campaign pledge,0,0,[],"[0, 0, 0, 0, 0, 0, 0, 0, 0, 0]"
us to give ukraine new patriot missiles as part of $6 billion aid package,0,0,[],"[0, 0, 0, 0, 0, 0, 0, 0, 0, 0]"
what happens to the wife of the disgraced governor now that she's in the uk?,1,1,"[0, 0, 0, 0, 0, 0, 0, 1, 0, 0]","[1, 0, 0, 1, 0, 0, 0, 1, 0, 0]"
what happens next for the women behind the pink hats at the rally,1,1,"[0, 0, 0, 0, 0, 0, 0, 1, 0, 1]","[1, 0, 0, 0, 0, 0, 0, 1, 0, 1]"
saudi arabia hopes u.s. will not recognize jerusalem as capital of israel,0,0,[],"[0, 0, 0, 0, 0, 0, 0, 0, 0, 0]"
"china says u.n. sanctions on north korea allowed buffer period for coal, seafood ban",0,0,[],"[0, 0, 0, 0, 0, 0, 0, 0, 0, 0]"
republican establishment warms to trump after big new york win,0,0,[],"[0, 0, 0, 0, 0, 0, 0, 0, 0, 0]"
china's surprising support for spain raises significant concerns,1,1,"[0, 1, 0, 0, 0, 1, 0, 0, 0, 0]","[0, 1, 1, 0, 0, 0, 0, 0, 1, 0]"
britain's boris johnson jokes about dead bodies in libya,0,0,[],"[0, 0, 0, 0, 0, 0, 0, 0, 0, 0]"
you won't believe what happens in germany's coalition talks,1,1,"[0, 0, 0, 1, 0, 0, 0, 0, 0, 0]","[1, 1, 0, 0, 0, 0, 1, 0, 0, 0]"
what does carson's endorsement of trump mean for the future,1,1,"[0, 0, 0, 0, 0, 0, 0, 1, 0, 0]","[0, 0, 0, 0, 0, 1, 0, 1, 0, 1]"
poland's new pm sees punishment from brussels coming,0,0,[],"[0, 0, 0, 0, 0, 0, 0, 0, 0, 0]"
"this party without seats leads slovenia's opinion poll, but what does it mean?",1,1,"[0, 0, 0, 0, 0, 1, 0, 1, 0, 0]","[1, 0, 0, 0, 0, 1, 0, 0, 1, 0]"
are we ready for the outrage over brazil's controversial slavery decree rework,1,1,"[0, 0, 1, 0, 0, 0, 0, 0, 0, 1]","[0, 0, 1, 0, 0, 0, 1, 0, 0, 1]"
damages for grenfell fire victims may total just $5 million: reuters analysis,0,0,[],"[0, 0, 0, 0, 0, 0, 0, 0, 0, 0]"
cuts to homeowner tax breaks could cost republicans in 2018 races,0,0,[],"[0, 0, 0, 0, 0, 0, 0, 0, 0, 0]"
four yemeni soldiers killed by suspected al qaeda truck bombing,0,0,[],"[0, 0, 0, 0, 0, 0, 0, 0, 0, 0]"
you won't guess how climate change is affecting the military,1,1,"[0, 0, 0, 0, 0, 0, 1, 1, 0, 0]","[1, 0, 0, 1, 0, 0, 1, 0, 0, 0]"
outrage builds as north korea prepares to release fishing boat,1,1,"[0, 0, 1, 0, 0, 0, 0, 0, 0, 0]","[0, 1, 1, 0, 0, 0, 0, 0, 0, 0]"
unexpected changes in drone strike policies that could shock you,1,1,"[0, 1, 0, 1, 0, 0, 0, 1, 0, 0]","[0, 0, 1, 0, 0, 0, 1, 0, 0, 0]"
"exxon probe is unconstitutional, republican prosecutors say",0,0,[],"[0, 0, 0, 0, 0, 0, 0, 0, 0, 0]"
what trump's pocahontas comment really implies,1,1,"[0, 0, 0, 0, 0, 0, 0, 1, 0, 0]","[1, 0, 0, 0, 0, 0, 0, 0, 0, 1]"
putin's bold promise that could shake up the election landscape,1,1,"[0, 1, 1, 0, 0, 0, 0, 0, 0, 0]","[0, 1, 0, 1, 0, 0, 0, 0, 0, 0]"
trump says reports russia helped him in u.s. election are 'ridiculous',0,0,[],"[0, 0, 0, 0, 0, 0, 0, 0, 0, 0]"
something big is brewing against trump's pipeline decision,1,1,"[0, 0, 1, 0, 0, 1, 1, 0, 0, 0]","[0, 1, 0, 0, 0, 1, 0, 1, 0, 0]"
gunmen shoot dead police officer and family in southwest pakistan,0,0,[],"[0, 0, 0, 0, 0, 0, 0, 0, 0, 0]"
the shocking truth behind the u.s. decryption lawsuit revealed,1,1,"[0, 0, 1, 1, 0, 0, 0, 0, 0, 0]","[1, 0, 1, 1, 0, 0, 0, 0, 0, 0]"
what you don’t see: the tax bill to be unveiled soon,1,1,"[0, 0, 0, 0, 0, 0, 0, 0, 1, 0]","[1, 0, 0, 0, 0, 0, 0, 1, 0, 0]"
dramatic lawsuit over a $1.35 million ring rocks zimbabwe's first lady,1,1,"[0, 1, 1, 1, 0, 0, 0, 0, 0, 0]","[0, 1, 0, 1, 0, 0, 0, 0, 0, 0]"
china says will protect sovereignty from any conflict on korean peninsula,0,0,[],"[0, 0, 0, 0, 0, 0, 0, 0, 0, 0]"
what happens next after threats force eu lawmakers to seek protection,1,1,"[0, 0, 0, 0, 0, 0, 0, 1, 0, 0]","[0, 0, 0, 1, 0, 0, 0, 1, 0, 1]"
the top endorsements clinton is securing ahead of the election,1,0,"[0, 0, 0, 0, 1, 0, 0, 1, 0, 1]","[0, 0, 0, 0, 0, 0, 0, 0, 0, 0]"
what has left witnesses terrified in the 1mdb investigation,1,1,"[1, 0, 1, 1, 0, 0, 0, 0, 0, 0]","[1, 0, 1, 0, 0, 1, 0, 0, 0, 0]"
"obama to meet philippines' duterte, broach human rights",0,0,[],"[0, 0, 0, 0, 0, 0, 0, 0, 0, 0]"
football’s unlikeliest global brand: how fleetwood made it big in the uae,0,1,[],"[0, 0, 0, 1, 1, 0, 0, 0, 1, 0]"
regulators probing tesla recall tied to autopilot,0,0,[],"[0, 0, 0, 0, 0, 0, 0, 0, 0, 0]"
sessions slams chicago sanctuary policies,0,0,[],"[0, 0, 0, 0, 0, 0, 0, 0, 0, 0]"
ukraine rebel leader says situation in luhansk is attempted coup,0,0,[],"[0, 0, 0, 0, 0, 0, 0, 0, 0, 0]"
the sensational reason why russia is refusing to hand over the suspect,1,1,"[0, 0, 0, 1, 0, 0, 1, 0, 1, 0]","[1, 0, 0, 1, 0, 0, 0, 0, 0, 0]"
the ongoing tragedy in yemen continues to unfold,1,0,"[0, 0, 0, 0, 0, 0, 0, 1, 0, 0]","[0, 0, 0, 0, 0, 0, 0, 0, 0, 0]"
major scandal: turkey's shocking detention of ministry workers revealed,1,1,"[0, 1, 0, 1, 0, 0, 0, 0, 0, 0]","[0, 1, 1, 1, 0, 0, 0, 0, 0, 0]"
house speaker ryan: all options on table over democrats' gun sit-in,0,0,[],"[0, 0, 0, 0, 0, 0, 0, 0, 0, 0]"
could this be the moment victoria finally legalizes assisted death,1,1,"[0, 0, 0, 0, 0, 0, 1, 0, 0, 1]","[0, 0, 0, 1, 0, 0, 0, 1, 0, 1]"
mattis says u.s. military policy in syria unchanged,0,0,[],"[0, 0, 0, 0, 0, 0, 0, 0, 0, 0]"
what happened during those 16 minutes before the white house intruder was caught,1,1,"[0, 0, 0, 0, 0, 0, 0, 0, 0, 1]","[1, 0, 0, 1, 0, 0, 0, 0, 0, 1]"
the unexpected twist in mugabe's stance on the who role,1,1,"[0, 0, 0, 0, 0, 0, 0, 1, 1, 0]","[1, 0, 0, 1, 0, 0, 0, 0, 0, 0]"
"republican tax bill stumbles on deficit 'trigger,' new options weighed",0,0,[],"[0, 0, 0, 0, 0, 0, 0, 0, 0, 0]"
what happened when students took a stand against the attorney general's speech,1,1,"[1, 1, 0, 0, 0, 0, 0, 1, 0, 0]","[1, 0, 0, 1, 0, 0, 0, 0, 0, 1]"
deloitte cyber attack affected up to 350 clients: guardian,0,0,[],"[0, 0, 0, 0, 0, 0, 0, 0, 0, 0]"
what putin really wants you to know about terror in syria,1,1,"[0, 0, 0, 0, 0, 0, 1, 0, 0, 0]","[1, 0, 0, 1, 0, 0, 1, 0, 0, 0]"
u.s. senate backs waiver allowing mattis to lead pentagon,0,0,[],"[0, 0, 0, 0, 0, 0, 0, 0, 0, 0]"
senators demand investigation of reports of torture in yemen,0,0,[],"[0, 0, 0, 0, 0, 0, 0, 0, 0, 0]"
newly found emails in fbi probe not on clinton server: u.s. source,0,0,[],"[0, 0, 0, 0, 0, 0, 0, 0, 0, 0]"
"saudi arabia says lebanon declares war, deepening crisis",0,0,[],"[0, 0, 0, 0, 0, 0, 0, 0, 0, 0]"
"rockets strike downtown kabul, no casualties reported",0,0,[],"[0, 0, 0, 0, 0, 0, 0, 0, 0, 0]"
the significant role of trump's ex-wife as prague's ambassador,1,0,"[0, 1, 0, 0, 0, 0, 1, 0, 1, 0]","[0, 0, 0, 0, 0, 0, 0, 0, 0, 0]"
trump blames fellow republican leaders for debt ceiling 'mess',0,0,[],"[0, 0, 0, 0, 0, 0, 0, 0, 0, 0]"
trump’s surprising confidence in u.s.-russia relations raises eyebrows,1,1,"[0, 0, 0, 1, 0, 0, 0, 0, 0, 0]","[0, 1, 0, 1, 0, 0, 0, 0, 0, 0]"
turkey seeks life sentences for 60 ex-military over 1997 'post-modern coup',0,0,[],"[0, 0, 0, 0, 0, 0, 0, 0, 0, 0]"
austria's kurz makes a bold promise to combat anti-semitism amid rising fears,1,1,"[1, 1, 0, 0, 0, 0, 1, 0, 0, 0]","[0, 1, 1, 1, 0, 0, 0, 0, 0, 0]"
"kansas voters, this surprising decision could affect you",1,1,"[0, 0, 0, 0, 0, 0, 1, 0, 1, 0]","[0, 0, 0, 0, 0, 1, 1, 0, 0, 0]"
nato mulls 'offensive defense' with cyber warfare rules,0,0,[],"[0, 0, 0, 0, 0, 0, 0, 0, 0, 0]"
cambodia pm hun sen says 2018 election result does not need international recognition,0,0,[],"[0, 0, 0, 0, 0, 0, 0, 0, 0, 0]"
massa fastest as testing resumes in barcelona,0,0,[],"[0, 0, 0, 0, 0, 0, 0, 0, 0, 0]"
what trump's latest move on the russia probe reveals,1,1,"[1, 1, 0, 0, 0, 0, 0, 0, 0, 0]","[1, 0, 0, 0, 0, 1, 0, 0, 0, 0]"
what congress's push for new sanctions against iran means for everyone,1,1,"[0, 0, 1, 0, 0, 0, 0, 0, 0, 0]","[1, 0, 0, 0, 0, 0, 1, 0, 0, 1]"
"korean 'comfort woman' dies in tokyo, age 95, as issue clouds seoul-tokyo ties",0,0,[],"[0, 0, 0, 0, 0, 0, 0, 0, 0, 0]"
"candidate trump retweets 'white genocide' account, drawing outrage",0,0,[],"[0, 0, 0, 0, 0, 0, 0, 0, 0, 0]"
what could this budget fix mean for illinois's future,1,1,"[0, 0, 0, 0, 0, 1, 0, 0, 0, 0]","[0, 0, 0, 0, 0, 1, 0, 1, 0, 1]"
former ally of nigeria's buhari prepared to contest presidency in 2019,0,0,[],"[0, 0, 0, 0, 0, 0, 0, 0, 0, 0]"
the troubling implications of canada's decision on peacekeepers in mali,1,0,"[0, 1, 0, 0, 0, 0, 0, 1, 0, 0]","[0, 0, 0, 0, 0, 0, 0, 0, 0, 0]"
iran says to ban u.s. visitors in retaliation to trump move,0,0,[],"[0, 0, 0, 0, 0, 0, 0, 0, 0, 0]"
turkish police officer shoots prosecutor in antalya: media reports,0,0,[],"[0, 0, 0, 0, 0, 0, 0, 0, 0, 0]"
what you need to know about turkey's uncertain future in the eu,1,1,"[1, 0, 0, 0, 0, 0, 1, 1, 0, 0]","[1, 0, 0, 0, 0, 0, 1, 0, 0, 0]"
kerry encouraged by colombia peace talks after havana meeting,0,0,[],"[0, 0, 0, 0, 0, 0, 0, 0, 0, 0]"
"trump to limit cuba travel, restrict business deals with military: u.s. officials",0,0,[],"[0, 0, 0, 0, 0, 0, 0, 0, 0, 0]"
trump promised to repeal obamacare. now what?,0,1,[],"[1, 0, 0, 0, 0, 0, 0, 1, 0, 1]"
what remains hidden about the u.s. coalition's knowledge of baghdadi,1,1,"[0, 0, 0, 0, 0, 0, 0, 1, 0, 0]","[1, 0, 0, 0, 0, 0, 0, 0, 0, 0]"
disputed cfpb acting director plans to seek preliminary injunction: filing,0,0,[],"[0, 0, 0, 0, 0, 0, 0, 0, 0, 0]"
liberia's liberty party to appeal election fraud case to supreme court,0,0,[],"[0, 0, 0, 0, 0, 0, 0, 0, 0, 0]"
could new options for the tax bill spark unexpected changes,1,1,"[0, 0, 0, 1, 0, 0, 0, 0, 1, 0]","[0, 0, 0, 1, 0, 0, 0, 1, 0, 1]"
what fpl's reactor shutdown means for florida's power grid,1,1,"[1, 1, 1, 0, 0, 0, 0, 0, 0, 0]","[1, 0, 0, 0, 0, 0, 0, 0, 0, 1]"
what's next for may's brexit plan after passing the parliamentary test?,1,1,"[0, 1, 1, 0, 0, 0, 1, 0, 0, 0]","[1, 0, 0, 0, 0, 0, 0, 1, 0, 1]"
germany urges you to prioritize respect for spain's constitution,1,0,"[0, 0, 0, 0, 0, 0, 1, 0, 0, 0]","[0, 0, 0, 0, 0, 0, 0, 0, 0, 0]"
u.s. military dismisses chance of massive troop surge in afghanistan,0,0,[],"[0, 0, 0, 0, 0, 0, 0, 0, 0, 0]"
what remains hidden in trump's budget for infrastructure,1,1,"[1, 0, 0, 0, 0, 0, 0, 0, 0, 0]","[1, 0, 0, 0, 0, 0, 0, 0, 0, 0]"
factbox: the 11 candidates being considered for fbi director,0,0,[],"[0, 0, 0, 0, 0, 0, 0, 0, 0, 0]"
us senate republican leader blames tucker carlson for delaying ukraine cash,0,0,[],"[0, 0, 0, 0, 0, 0, 0, 0, 0, 0]"
this shocking move could change everything for the eu and russia,1,1,"[1, 0, 0, 0, 0, 1, 0, 0, 0, 1]","[0, 1, 0, 1, 0, 1, 0, 0, 0, 0]"
merkel presses cautious spd over joining new german coalition,0,0,[],"[0, 0, 0, 0, 0, 0, 0, 0, 0, 0]"
trump's policies raise major concerns about immigration and economy,1,0,"[0, 0, 1, 0, 0, 0, 0, 1, 0, 0]","[0, 0, 0, 0, 0, 0, 0, 0, 0, 0]"
what does china really mean when they say no one will win the war,1,1,"[0, 0, 0, 1, 0, 0, 0, 0, 0, 1]","[1, 0, 0, 0, 0, 0, 0, 0, 0, 1]"
australia to tighten airport security further after foiled attack,0,0,[],"[0, 0, 0, 0, 0, 0, 0, 0, 0, 0]"
the detail israel is hiding about u.s. airstrikes in syria,1,1,"[1, 0, 0, 0, 0, 0, 0, 0, 0, 0]","[1, 0, 0, 1, 0, 1, 0, 0, 0, 0]"
financial adviser sentenced to four years for bilking nba's tim duncan,0,0,[],"[0, 0, 0, 0, 0, 0, 0, 0, 0, 0]"
turkey warns u.s. that jerusalem embassy move is 'grave mistake',0,0,[],"[0, 0, 0, 0, 0, 0, 0, 0, 0, 0]"
what critics are saying about the controversial boeing deal with iran,1,1,"[1, 0, 0, 0, 1, 1, 0, 0, 0, 0]","[1, 1, 0, 1, 0, 0, 0, 0, 0, 0]"
russian aerobatics team joins serbian display of air power,0,0,[],"[0, 0, 0, 0, 0, 0, 0, 0, 0, 0]"
what remains hidden about the anti-elite candidate's next move,1,1,"[1, 0, 0, 1, 0, 0, 0, 0, 0, 0]","[1, 0, 0, 0, 0, 0, 0, 1, 0, 1]"
"zimbabwe students chant anti-mugabe songs, exams postponed",0,0,[],"[0, 0, 0, 0, 0, 0, 0, 0, 0, 0]"
anger at the u.s. and israel fuels the urgent gaza talks,1,0,"[0, 0, 1, 0, 0, 0, 0, 1, 0, 0]","[0, 0, 0, 0, 0, 0, 0, 0, 0, 0]"
the unexpected link between trump jr. and russian meeting documents,1,1,"[0, 0, 0, 0, 0, 0, 0, 0, 1, 0]","[0, 0, 0, 1, 0, 0, 0, 0, 1, 0]"
poland to ban ukrainians with 'anti-polish views',0,0,[],"[0, 0, 0, 0, 0, 0, 0, 0, 0, 0]"
trump ignored facts with dig at merkel's refugee policy: german minister,0,0,[],"[0, 0, 0, 0, 0, 0, 0, 0, 0, 0]"
u.s. senators ask government for proof obama wiretapped trump,0,0,[],"[0, 0, 0, 0, 0, 0, 0, 0, 0, 0]"
"5-star's young, popular di maio charts course to be italy pm",0,0,[],"[0, 0, 0, 0, 0, 0, 0, 0, 0, 0]"
what remains hidden in london's rubbish along the thames,1,1,"[0, 0, 0, 1, 0, 0, 1, 1, 0, 0]","[1, 0, 0, 0, 0, 0, 0, 0, 0, 0]"
what this guilty plea means for the ohio mayor's future,1,1,"[0, 1, 0, 1, 0, 0, 0, 0, 0, 0]","[1, 0, 0, 0, 0, 0, 0, 1, 0, 1]"
"germany drops mass u.s., uk spying probe on lack of evidence",0,0,[],"[0, 0, 0, 0, 0, 0, 0, 0, 0, 0]"
could the surprising invitation to democrats in budget talks signal a major shift in u.s. politics,1,1,"[0, 0, 0, 1, 0, 0, 0, 0, 1, 0]","[0, 1, 0, 0, 0, 0, 0, 1, 0, 1]"
the shocking truth behind iran's nuclear team member's five-year sentence,1,1,"[0, 0, 0, 1, 0, 1, 0, 0, 0, 0]","[1, 0, 1, 0, 0, 0, 0, 0, 0, 0]"
u.s. embassy to russia to resume some visa services after diplomatic row,0,0,[],"[0, 0, 0, 0, 0, 0, 0, 0, 0, 0]"
the shocking truth behind trump's son's meeting with a russian lawyer,1,1,"[0, 1, 0, 1, 0, 0, 0, 0, 1, 0]","[1, 1, 0, 1, 0, 0, 0, 0, 0, 0]"
what led to the sudden reversal on atlantic oil drilling,1,1,"[0, 0, 0, 0, 1, 0, 0, 0, 0, 1]","[1, 0, 0, 1, 0, 0, 0, 0, 0, 0]"
republican elders urge trump's white house to adopt carbon tax,0,0,[],"[0, 0, 0, 0, 0, 0, 0, 0, 0, 0]"
"top senate republican, white house, aim for tax bill by year-end",0,0,[],"[0, 0, 0, 0, 0, 0, 0, 0, 0, 0]"
you need to know what us executives are demanding from congress,1,1,"[0, 0, 0, 0, 0, 0, 1, 0, 0, 0]","[1, 0, 0, 0, 0, 0, 1, 0, 0, 0]"
could the tpp trade deal still be alive? here's what we know,1,1,"[0, 0, 0, 1, 0, 1, 0, 0, 0, 1]","[1, 0, 0, 0, 0, 0, 0, 0, 1, 1]"
spain's minister warns of potential chaos as catalans may defy leaders,1,0,"[0, 1, 0, 0, 0, 0, 0, 1, 0, 0]","[0, 0, 0, 0, 0, 0, 0, 0, 0, 0]"
top reasons why trump's call with taiwan president won't shift the status quo,1,0,"[0, 0, 0, 1, 1, 0, 0, 1, 0, 0]","[0, 0, 0, 0, 0, 0, 0, 0, 0, 0]"
exclusive: u.s. to renew most myanmar sanctions with changes to aid business,0,0,[],"[0, 0, 0, 0, 0, 0, 0, 0, 0, 0]"
macron's unexpected stance on iran will shock you,1,1,"[1, 0, 0, 0, 0, 0, 0, 0, 0, 1]","[0, 0, 1, 1, 0, 0, 1, 0, 0, 0]"
"brexit would hurt britain, eu and global economy: white house adviser in newspaper",0,0,[],"[0, 0, 0, 0, 0, 0, 0, 0, 0, 0]"
iran condemns u.s. decision to move embassy to jerusalem,0,0,[],"[0, 0, 0, 0, 0, 0, 0, 0, 0, 0]"
romania to hold same-sex marriage referendum this autumn: ruling party leader,0,0,[],"[0, 0, 0, 0, 0, 0, 0, 0, 0, 0]"
four killed in canada helicopter crash,0,0,[],"[0, 0, 0, 0, 0, 0, 0, 0, 0, 0]"
russia says to veto western-backed draft u.n. resolution on syria - ifax,0,0,[],"[0, 0, 0, 0, 0, 0, 0, 0, 0, 0]"
papal official denies report sanders invited himself to vatican,0,0,[],"[0, 0, 0, 0, 0, 0, 0, 0, 0, 0]"
what putin claims is preventing trump from keeping his promises will shock you,1,1,"[0, 0, 0, 0, 0, 0, 1, 1, 0, 1]","[1, 0, 1, 0, 0, 0, 1, 0, 0, 0]"
haftar says force remains option in libya but political solution best,0,0,[],"[0, 0, 0, 0, 0, 0, 0, 0, 0, 0]"
what remains hidden in china's stance on taiwan exchanges,1,1,"[1, 0, 0, 0, 0, 0, 0, 0, 0, 0]","[1, 0, 0, 0, 0, 0, 0, 0, 0, 1]"
u.s. attorney general sessions to hold a news conference on thursday,0,0,[],"[0, 0, 0, 0, 0, 0, 0, 0, 0, 0]"
"turkish pm says eu confused since brexit, needs to revisit turkey's future place",0,0,[],"[0, 0, 0, 0, 0, 0, 0, 0, 0, 0]"
what does merkel's warning about europe's fate really mean,1,1,"[0, 0, 0, 0, 0, 0, 0, 0, 0, 1]","[1, 0, 0, 1, 0, 0, 0, 0, 0, 1]"
honduras election tribunal says to hold partial re-count in presidential vote,0,0,[],"[0, 0, 0, 0, 0, 0, 0, 0, 0, 0]"
catalonia's uncertainty is creating major concerns for investors in spain,1,0,"[0, 1, 0, 0, 0, 1, 1, 0, 0, 0]","[0, 0, 0, 0, 0, 0, 0, 0, 0, 0]"
"facebook, google bound to change handling of politics ads -marketing execs",0,0,[],"[0, 0, 0, 0, 0, 0, 0, 0, 0, 0]"
baer's new role at the justice department raises unexpected associations with past cases,1,1,"[1, 0, 0, 0, 0, 0, 0, 0, 1, 0]","[0, 0, 0, 1, 0, 1, 0, 0, 1, 0]"
obama to showcase tpp after trade deal demonized in campaign,0,0,[],"[0, 0, 0, 0, 0, 0, 0, 0, 0, 0]"
the outcome remains unclear for the epa nominee's review of emissions rules,1,0,"[0, 0, 0, 0, 0, 0, 0, 1, 0, 0]","[0, 0, 0, 0, 0, 0, 0, 0, 0, 0]"
how will the senate respond to trump's controversial pick,1,1,"[0, 0, 0, 0, 0, 1, 0, 0, 0, 1]","[0, 0, 0, 1, 0, 0, 0, 1, 0, 1]"
what this means for trump's relationship with sessions moving forward,1,1,"[0, 0, 0, 0, 0, 1, 0, 0, 0, 0]","[1, 0, 0, 0, 0, 1, 0, 0, 0, 1]"
the significant options mattis will soon present to trump on afghanistan,1,0,"[0, 0, 1, 0, 1, 0, 0, 0, 0, 0]","[0, 0, 0, 0, 0, 0, 0, 0, 0, 0]"
you need to know the latest on zika virus funding,1,1,"[0, 0, 1, 0, 0, 0, 1, 0, 0, 0]","[0, 0, 0, 0, 0, 0, 1, 0, 0, 0]"
"'what happened': clinton memoir looks at 2016 election, russia, sexism",0,0,[],"[0, 0, 0, 0, 0, 0, 0, 0, 0, 0]"
is the corporate amt missing from the biggest tax bill ever?,1,1,"[0, 0, 1, 0, 1, 0, 0, 0, 1, 0]","[1, 0, 0, 0, 1, 0, 0, 0, 0, 1]"
u.s. to raise payments to insurers for medicare advantage 2017 plans,0,0,[],"[0, 0, 0, 0, 0, 0, 0, 0, 0, 0]"
"after irma ravages havana, city highlights housing replacement drive",0,0,[],"[0, 0, 0, 0, 0, 0, 0, 0, 0, 0]"
china court uses social media to shame debtors: china daily,0,0,[],"[0, 0, 0, 0, 0, 0, 0, 0, 0, 0]"
trump's surprising tactic with china before north korea talks,1,1,"[0, 0, 0, 0, 0, 0, 0, 0, 1, 0]","[1, 0, 0, 1, 0, 1, 0, 0, 0, 0]"
lavrov dismisses claims moscow behind democrats' email hack,0,0,[],"[0, 0, 0, 0, 0, 0, 0, 0, 0, 0]"
what remains hidden about the republican congress's battle in d.c.,1,1,"[0, 0, 0, 0, 0, 1, 0, 1, 0, 0]","[1, 0, 0, 1, 0, 0, 0, 0, 0, 0]"
investors need to know about netanyahu and trump's iran strategy,1,1,"[0, 0, 0, 0, 0, 0, 1, 0, 0, 0]","[0, 0, 0, 0, 0, 0, 1, 0, 0, 0]"
are challengers to the travel ban confident in the top court's decision,1,0,"[0, 0, 0, 0, 1, 0, 0, 0, 1, 0]","[0, 0, 0, 0, 0, 0, 0, 0, 0, 0]"
u.n. security council imposes new sanctions on north korea over missile test,0,0,[],"[0, 0, 0, 0, 0, 0, 0, 0, 0, 0]"
the concerning political situation in ireland that ministers are warning about,1,1,"[1, 0, 1, 0, 0, 0, 0, 0, 0, 1]","[1, 0, 1, 0, 0, 1, 0, 0, 0, 0]"
mccain warns iraq against misuse of u.s. arms against kurds,0,0,[],"[0, 0, 0, 0, 0, 0, 0, 0, 0, 0]"
kurdish city gassed by saddam hopes referendum heralds better days,0,0,[],"[0, 0, 0, 0, 0, 0, 0, 0, 0, 0]"
pence exits nfl game after players kneel during anthem,0,0,[],"[0, 0, 0, 0, 0, 0, 0, 0, 0, 0]"
trump's surprising asia trip raises questions about his home struggles,1,1,"[0, 0, 0, 0, 0, 1, 0, 0, 0, 0]","[0, 0, 0, 1, 0, 1, 0, 0, 1, 0]"
"north korea's missile is advanced, but still some things to prove: south korea president",0,0,[],"[0, 0, 0, 0, 0, 0, 0, 0, 0, 0]"
u.s. has told turkey jailed gold trader in good condition: deputy pm,0,0,[],"[0, 0, 0, 0, 0, 0, 0, 0, 0, 0]"
what some chinese dissidents are really getting from the party congress,1,1,"[0, 0, 0, 0, 0, 1, 0, 1, 0, 0]","[1, 0, 0, 0, 0, 0, 0, 0, 0, 1]"
concern rises as senate backs increase in military spending,1,0,"[0, 0, 1, 0, 0, 0, 0, 1, 0, 0]","[0, 0, 0, 0, 0, 0, 0, 0, 0, 0]"
the significant aid offer from japan that could change myanmar's future,1,1,"[0, 0, 0, 1, 0, 0, 0, 0, 0, 0]","[0, 1, 0, 1, 0, 0, 0, 0, 0, 0]"
the unexpected connections in kushner's upcoming interview,1,1,"[0, 1, 0, 0, 0, 0, 0, 0, 1, 0]","[0, 0, 0, 1, 0, 0, 0, 0, 1, 0]"
the surprising implications of the military chief's trip to china,1,1,"[0, 0, 1, 0, 0, 1, 0, 0, 0, 1]","[0, 1, 0, 1, 0, 0, 0, 0, 0, 0]"
"on final trip, carter looks to reassure asia allies",0,0,[],"[0, 0, 0, 0, 0, 0, 0, 0, 0, 0]"
what are cruz and trump hiding in their latest scandal,1,1,"[0, 0, 0, 1, 0, 0, 1, 0, 0, 1]","[1, 0, 0, 1, 0, 0, 0, 0, 0, 1]"
liberian court halts presidential run-off vote amid fraud probe,0,0,[],"[0, 0, 0, 0, 0, 0, 0, 0, 0, 0]"
macron's europe speech draws mixed reaction in berlin,0,0,[],"[0, 0, 0, 0, 0, 0, 0, 0, 0, 0]"
france's conservatives choose leader to rattle macron's perch,0,1,[],"[0, 0, 0, 1, 0, 0, 0, 0, 0, 0]"
the shocking death in kenya that has everyone on edge over elections,1,1,"[0, 0, 1, 0, 0, 0, 0, 0, 0, 0]","[0, 1, 1, 1, 0, 0, 0, 0, 0, 0]"
greek archaeologists clear way for hellenikon resort,0,0,[],"[0, 0, 0, 0, 0, 0, 0, 0, 0, 0]"
could the u.s. relisting of north korea change everything for south korea and japan,1,1,"[0, 0, 0, 0, 0, 0, 0, 0, 0, 1]","[0, 1, 0, 0, 0, 0, 0, 1, 0, 1]"
the top reasons why u.s. b-1b bombers are crucial in military drills,1,1,"[0, 1, 0, 1, 1, 0, 0, 0, 0, 0]","[0, 1, 0, 0, 1, 0, 0, 0, 0, 0]"
what's really behind france's stance on the turkish-russia missile deal?,1,1,"[1, 1, 0, 1, 0, 0, 0, 0, 0, 0]","[1, 0, 0, 0, 0, 0, 0, 0, 0, 1]"
justice department settles with conservative groups over irs scrutiny,0,0,[],"[0, 0, 0, 0, 0, 0, 0, 0, 0, 0]"
the top five calls trump's adviser made with russian envoy revealed,1,1,"[0, 1, 0, 0, 1, 0, 0, 0, 0, 0]","[0, 0, 0, 1, 1, 0, 0, 0, 0, 0]"
the surprising details of the final brexit deal you must see,1,1,"[0, 0, 0, 1, 0, 1, 0, 0, 0, 0]","[1, 0, 0, 1, 0, 0, 1, 0, 0, 0]"
outrage grows as stockholm truck attack suspect prepares for trial,1,0,"[0, 0, 1, 0, 0, 0, 0, 0, 0, 0]","[0, 0, 0, 0, 0, 0, 0, 0, 0, 0]"
the most crucial hurdles standing in front of president trump,1,1,"[0, 0, 0, 0, 0, 0, 1, 0, 1, 0]","[0, 1, 0, 0, 1, 0, 0, 0, 0, 0]"
trump vows to 'open up' libel laws if elected,0,0,[],"[0, 0, 0, 0, 0, 0, 0, 0, 0, 0]"
senate repeals labor dept. municipal retirement plan rule,0,0,[],"[0, 0, 0, 0, 0, 0, 0, 0, 0, 0]"
instantview: house republicans pass revised obamacare overhaul,0,0,[],"[0, 0, 0, 0, 0, 0, 0, 0, 0, 0]"
what really happened in the attack on peshmerga positions,1,1,"[0, 1, 0, 0, 0, 0, 0, 0, 1, 0]","[1, 0, 0, 0, 0, 0, 0, 0, 0, 1]"
what happens when crowds confront mugabe's motorcade,1,1,"[1, 0, 0, 0, 0, 0, 0, 0, 0, 1]","[0, 0, 0, 1, 0, 0, 0, 1, 0, 1]"
senate approves measure to kill obama-era contractor rule,0,0,[],"[0, 0, 0, 0, 0, 0, 0, 0, 0, 0]"
"clinton's 'girl power' push wins over women in their 30s, not 20s",0,0,[],"[0, 0, 0, 0, 0, 0, 0, 0, 0, 0]"
"u.s. cuts staff in cuba over mysterious injuries, warns travelers",0,0,[],"[0, 0, 0, 0, 0, 0, 0, 0, 0, 0]"
the hidden implications of trump's pick for u.s. labor board,1,1,"[1, 0, 0, 0, 0, 0, 1, 0, 0, 0]","[1, 0, 0, 0, 0, 0, 0, 0, 0, 0]"
california lawmakers push for change that affects all parents,1,1,"[0, 0, 0, 0, 0, 0, 1, 0, 0, 0]","[0, 0, 0, 0, 0, 1, 1, 0, 0, 0]"
top defense contracts awarded by the pentagon this year,1,0,"[0, 0, 0, 0, 1, 0, 0, 0, 0, 0]","[0, 0, 0, 0, 0, 0, 0, 0, 0, 0]"
this surprising move by germany on russia sanctions revealed,1,1,"[0, 1, 0, 0, 0, 1, 0, 1, 0, 0]","[0, 0, 0, 1, 0, 1, 0, 0, 0, 0]"
the unfolding drama in missouri as sanders hints at a possible recount,1,1,"[0, 0, 0, 1, 0, 0, 0, 0, 0, 0]","[0, 1, 0, 1, 0, 0, 0, 1, 0, 0]"
gulf media promotes emigre qatari royals as feud sours,0,0,[],"[0, 0, 0, 0, 0, 0, 0, 0, 0, 0]"
trump criticized in britain and u.s. for sharing anti-muslim videos,0,0,[],"[0, 0, 0, 0, 0, 0, 0, 0, 0, 0]"
dramatic fallout as iran's foreign minister scorns trump,1,1,"[0, 1, 0, 0, 0, 0, 0, 1, 0, 0]","[0, 1, 0, 1, 0, 0, 0, 0, 0, 0]"
you won't believe what this $909.4 million defense contract means for us,1,1,"[1, 0, 0, 0, 0, 0, 1, 0, 0, 0]","[1, 0, 1, 0, 0, 0, 1, 0, 0, 0]"
house republicans seek $1 billion in medicaid funds for puerto rico,0,0,[],"[0, 0, 0, 0, 0, 0, 0, 0, 0, 0]"
factbox: cases where obama judges on appeals courts left a mark,0,0,[],"[0, 0, 0, 0, 0, 0, 0, 0, 0, 0]"
air conditioning and ai are demanding more of the world's power---renewables can't keep up,0,0,[],"[0, 0, 0, 0, 0, 0, 0, 0, 0, 0]"
fbi fear of leaks drove decision on emails linked to clinton: sources,0,0,[],"[0, 0, 0, 0, 0, 0, 0, 0, 0, 0]"
the ongoing saga of bahrain's opposition and qatar,1,1,"[0, 1, 0, 0, 0, 1, 0, 1, 0, 0]","[0, 1, 0, 1, 0, 0, 0, 1, 0, 0]"
outrage builds as republican elders push trump to adopt a carbon tax,1,0,"[0, 0, 1, 1, 0, 0, 0, 0, 0, 0]","[0, 0, 0, 0, 0, 0, 0, 0, 0, 0]"
the shocking decision to eliminate the draft requirement for women,1,1,"[1, 0, 1, 1, 0, 0, 0, 0, 0, 0]","[0, 1, 1, 0, 0, 0, 0, 0, 0, 0]"
abdullah welcomes trump engagement in israel-palestinian peace,0,0,[],"[0, 0, 0, 0, 0, 0, 0, 0, 0, 0]"
‘my mum gave the injections that killed my brothers’: how uk’s infected blood scandal has torn lives apart,0,0,[],"[0, 0, 0, 0, 0, 0, 0, 0, 0, 0]"
the significant misunderstanding in trump’s travel ban revealed by china,1,1,"[0, 1, 0, 0, 0, 0, 0, 0, 1, 0]","[1, 1, 0, 1, 0, 0, 0, 0, 0, 0]"
what you don’t see in khamenei's warning to iran and turkey about kurdish secession,1,1,"[1, 0, 0, 0, 0, 0, 0, 0, 0, 0]","[1, 0, 0, 0, 0, 0, 1, 0, 0, 0]"
u.s. to fight islamic state in syria 'as long as they want to fight': mattis,0,0,[],"[0, 0, 0, 0, 0, 0, 0, 0, 0, 0]"
marco rubio emerges as champion of battered republican establishment,0,0,[],"[0, 0, 0, 0, 0, 0, 0, 0, 0, 0]"
this surprising twist in the case against the woman who laughed at sessions,1,1,"[0, 0, 0, 0, 0, 0, 0, 0, 1, 0]","[1, 0, 0, 1, 0, 1, 0, 0, 0, 0]"
what you don’t see in trump's military decision on afghanistan,1,1,"[1, 0, 1, 0, 0, 1, 0, 0, 0, 0]","[1, 0, 0, 0, 0, 0, 1, 0, 0, 0]"
the shocking truth behind trump's military budget proposals you need to know,1,1,"[0, 0, 1, 0, 1, 1, 0, 0, 0, 0]","[1, 0, 0, 1, 0, 0, 1, 0, 0, 0]"
what happens next after colorado's healthcare measure fails,1,1,"[1, 0, 0, 0, 0, 1, 0, 1, 0, 0]","[0, 0, 0, 0, 0, 0, 0, 1, 0, 1]"
kenyan police fire tear gas at pro-opposition youths in kisumu,0,0,[],"[0, 0, 0, 0, 0, 0, 0, 0, 0, 0]"
is it really too early to discuss lebanon's government resigning,1,1,"[0, 0, 0, 0, 0, 0, 0, 0, 0, 1]","[0, 0, 0, 1, 0, 0, 0, 0, 0, 1]"
republican ryan is raising big money but not for white house race,0,1,[],"[0, 0, 0, 1, 0, 0, 0, 0, 1, 0]"
"at least three dead, scores rescued off greek islands as arrivals rise",0,0,[],"[0, 0, 0, 0, 0, 0, 0, 0, 0, 0]"
the significant detail about the eu's migrant influx that you need to know,1,1,"[1, 1, 0, 0, 0, 0, 0, 0, 0, 0]","[1, 1, 0, 0, 0, 0, 1, 0, 0, 0]"
japan's abe vows to put education spending before budget balance,0,0,[],"[0, 0, 0, 0, 0, 0, 0, 0, 0, 0]"
trump's commerce pick wilbur ross is no stranger to protectionism,0,0,[],"[0, 0, 0, 0, 0, 0, 0, 0, 0, 0]"
you won't believe the new ad that's turning heads in trump's campaign,1,1,"[0, 1, 0, 0, 0, 1, 1, 0, 0, 0]","[1, 0, 0, 1, 0, 0, 1, 0, 0, 0]"
why clinton and kaine's iowa event was suddenly canceled after shocking news,1,1,"[0, 1, 0, 0, 1, 0, 0, 0, 1, 0]","[1, 0, 1, 0, 0, 0, 0, 0, 0, 1]"
trump ally stone denies collusion with russia,0,0,[],"[0, 0, 0, 0, 0, 0, 0, 0, 0, 0]"
german women ask merkel for more support after vote,0,0,[],"[0, 0, 0, 0, 0, 0, 0, 0, 0, 0]"
u.s. lawsuit seeks disclosure of court orders on decryption,0,0,[],"[0, 0, 0, 0, 0, 0, 0, 0, 0, 0]"
u.s. signals accommodation of israeli terms on defense aid,0,0,[],"[0, 0, 0, 0, 0, 0, 0, 0, 0, 0]"
erdogan says will discuss case of ex-turkish minister with trump during visit,0,0,[],"[0, 0, 0, 0, 0, 0, 0, 0, 0, 0]"
"the cost of living crisis has made the uk a poorer, more anxious nation – and worse is yet to come | andy beckett",0,0,[],"[0, 0, 0, 0, 0, 0, 0, 0, 0, 0]"
paul ryan's challenges will not start until after nov. 8 election,0,1,[],"[0, 0, 0, 0, 0, 0, 0, 1, 0, 0]"
the surprising twist in the extradition of a russian cybercriminal,1,1,"[0, 0, 0, 0, 0, 0, 0, 0, 1, 0]","[1, 0, 0, 1, 0, 1, 0, 0, 0, 0]"
syria rejects report blaming it for april sarin attack: state media,0,0,[],"[0, 0, 0, 0, 0, 0, 0, 0, 0, 0]"
"trump stands by obama wiretap charge, shrugs off row with britain",0,0,[],"[0, 0, 0, 0, 0, 0, 0, 0, 0, 0]"
turkey-backed rebels in syria put is jihadists through rehab,0,0,[],"[0, 0, 0, 0, 0, 0, 0, 0, 0, 0]"
the unexpected connection between zika drug development and congress's latest move,1,1,"[0, 0, 1, 1, 0, 0, 0, 0, 1, 0]","[0, 0, 0, 1, 0, 1, 0, 0, 1, 0]"
the latest developments from trump and pence's meeting,1,0,"[0, 0, 1, 0, 1, 0, 0, 1, 0, 0]","[0, 0, 0, 0, 0, 0, 0, 0, 0, 0]"
republican candidate huckabee suspends bid for white house,0,0,[],"[0, 0, 0, 0, 0, 0, 0, 0, 0, 0]"
agriculture leaders slam trump's usda budget cut proposal,0,0,[],"[0, 0, 0, 0, 0, 0, 0, 0, 0, 0]"
trump wades in on flap over l.l. bean boycott threats,0,0,[],"[0, 0, 0, 0, 0, 0, 0, 0, 0, 0]"
"catalan independence declaration changes nothing for eu, says tusk",0,0,[],"[0, 0, 0, 0, 0, 0, 0, 0, 0, 0]"
britain's farage talks brexit at german right-wing election rally,0,0,[],"[0, 0, 0, 0, 0, 0, 0, 0, 0, 0]"
trump expected to make vp announcement on friday: sources,0,0,[],"[0, 0, 0, 0, 0, 0, 0, 0, 0, 0]"
u.s. congressional committee subpoenas ex-drug ceo shkreli,0,0,[],"[0, 0, 0, 0, 0, 0, 0, 0, 0, 0]"
democrats want strong response to intel report on 2016 election,0,0,[],"[0, 0, 0, 0, 0, 0, 0, 0, 0, 0]"
the unexpected connection between netanyahu and guatemala's embassy move,1,1,"[1, 0, 0, 0, 0, 0, 0, 1, 1, 0]","[0, 0, 0, 1, 0, 0, 0, 0, 1, 0]"
dramatic signs of stagflation that could impact gdp,1,0,"[0, 1, 0, 0, 0, 0, 0, 0, 0, 0]","[0, 0, 0, 0, 0, 0, 0, 0, 0, 0]"
zanu-pf members to meet to discuss impeaching mugabe: party chief whip,0,0,[],"[0, 0, 0, 0, 0, 0, 0, 0, 0, 0]"
what remains hidden about the amt repeal push,1,1,"[1, 0, 0, 0, 0, 0, 0, 0, 0, 0]","[1, 0, 0, 0, 0, 0, 0, 0, 0, 0]"
conservative groups urge lawmakers to gut climate programs in u.s. military,0,0,[],"[0, 0, 0, 0, 0, 0, 0, 0, 0, 0]"
"illinois governor vetoes chicago pension fix, angers city's mayor",0,0,[],"[0, 0, 0, 0, 0, 0, 0, 0, 0, 0]"
this move may change everything for churches and politics,1,1,"[0, 0, 0, 0, 0, 1, 0, 0, 0, 0]","[0, 1, 0, 1, 0, 1, 0, 0, 0, 0]"
gerry adams to step down in end of an era for irish nationalism,0,0,[],"[0, 0, 0, 0, 0, 0, 0, 0, 0, 0]"
'last chance' for hostage deal before launch of rafah offensive: israel tells egyptian delegation,0,0,[],"[0, 0, 0, 0, 0, 0, 0, 0, 0, 0]"
the divided reactions to trump's declaration you need to see,1,1,"[0, 0, 0, 0, 0, 0, 1, 0, 0, 0]","[1, 0, 0, 0, 0, 0, 1, 0, 0, 0]"
charges dropped against woman who laughed at trump nominee sessions,0,0,[],"[0, 0, 0, 0, 0, 0, 0, 0, 0, 0]"
journalists in myanmar face charges: the outcome remains unclear,1,1,"[0, 0, 0, 0, 0, 0, 0, 1, 0, 0]","[0, 0, 0, 0, 0, 0, 0, 1, 0, 0]"
are le pen's ties to afd more than you think,1,1,"[1, 0, 0, 0, 0, 0, 1, 0, 0, 1]","[1, 0, 0, 0, 0, 0, 1, 0, 0, 1]"
u.s. imposes duties after finding seven producers dumped steel plate,0,0,[],"[0, 0, 0, 0, 0, 0, 0, 0, 0, 0]"
what the kremlin isn't revealing about trump's team and their ties,1,1,"[1, 0, 0, 0, 0, 0, 0, 0, 0, 0]","[1, 0, 0, 1, 0, 0, 0, 0, 0, 0]"
the stakes are high for the slovenian government in the upcoming referendum,1,0,"[0, 0, 1, 0, 0, 1, 1, 0, 0, 0]","[0, 0, 0, 0, 0, 0, 0, 0, 0, 0]"
"clinton, in book, says trump's debate stalking made her skin crawl",0,1,[],"[0, 0, 1, 1, 0, 0, 0, 0, 0, 0]"
is heller making a major mistake by opposing the healthcare bill,1,1,"[0, 0, 0, 1, 0, 0, 0, 0, 0, 1]","[0, 1, 0, 0, 0, 0, 0, 0, 0, 1]"
state dept. subpoenaed documents from clinton foundation: report,0,0,[],"[0, 0, 0, 0, 0, 0, 0, 0, 0, 0]"
what you need to know about britain's stance on eu citizens after brexit,1,0,"[0, 1, 0, 0, 1, 0, 0, 0, 0, 1]","[0, 0, 0, 0, 0, 0, 0, 0, 0, 0]"
"atlantic city, n.j., emergency manager suggests privatizing fire department",0,0,[],"[0, 0, 0, 0, 0, 0, 0, 0, 0, 0]"
"japan's aso: japan, u.s. agree to combat unfair trade practices",0,0,[],"[0, 0, 0, 0, 0, 0, 0, 0, 0, 0]"
u.s. announces near $700 million in humanitarian aid to syria,0,0,[],"[0, 0, 0, 0, 0, 0, 0, 0, 0, 0]"
the unexpected implications of lavrov's hopes for the syrian congress,1,1,"[0, 0, 0, 0, 0, 1, 0, 0, 1, 0]","[1, 0, 0, 1, 0, 0, 0, 0, 1, 0]"
russia to criticize trump stance on jerusalem at u.n. security council: ria,0,0,[],"[0, 0, 0, 0, 0, 0, 0, 0, 0, 0]"
u.s. congress passes funding bill; averts government shutdown,0,0,[],"[0, 0, 0, 0, 0, 0, 0, 0, 0, 0]"
illinois republicans push for state takeover of chicago schools,0,0,[],"[0, 0, 0, 0, 0, 0, 0, 0, 0, 0]"
what's in the documents that the state dept. just subpoenaed from clinton foundation,1,1,"[0, 0, 0, 0, 0, 0, 0, 0, 1, 1]","[1, 0, 0, 1, 0, 0, 0, 0, 0, 1]"
exclusive: congressional leaders were briefed a year ago on hacking of democrats - sources,0,0,[],"[0, 0, 0, 0, 0, 0, 0, 0, 0, 0]"
the surprising twist in the trump campaign's alleged russian contacts,1,1,"[0, 0, 0, 0, 0, 0, 0, 1, 1, 0]","[1, 0, 0, 1, 0, 0, 0, 0, 0, 0]"
abortion providers aim to reopen some closed texas clinics,0,0,[],"[0, 0, 0, 0, 0, 0, 0, 0, 0, 0]"
saudi-owned tv says hariri was target of assassination plot days ago,0,0,[],"[0, 0, 0, 0, 0, 0, 0, 0, 0, 0]"
islamic state cleared from syria's raqqa: monitor,0,0,[],"[0, 0, 0, 0, 0, 0, 0, 0, 0, 0]"
"as russia probe grinds on, trump struggles to gain traction on agenda",0,0,[],"[0, 0, 0, 0, 0, 0, 0, 0, 0, 0]"
why are rohingya refugees in pakistan so concerned about their families,1,1,"[0, 0, 0, 0, 0, 1, 0, 0, 1, 1]","[0, 0, 1, 0, 0, 0, 0, 0, 0, 1]"
"trump's defense chief eyes debut trip to japan, south korea next week",0,0,[],"[0, 0, 0, 0, 0, 0, 0, 0, 0, 0]"
the shocking details behind illinois governor's tax hike veto,1,1,"[1, 0, 0, 1, 1, 0, 0, 0, 0, 0]","[1, 0, 0, 1, 0, 0, 0, 0, 0, 0]"
california lawmaker to float zero emissions vehicle bill,0,0,[],"[0, 0, 0, 0, 0, 0, 0, 0, 0, 0]"
the shocking truth behind why banks closed national front accounts,1,1,"[1, 0, 0, 1, 0, 0, 0, 1, 0, 0]","[1, 0, 1, 1, 0, 0, 0, 0, 0, 0]"
top concerns from american moms as obama speaks out,1,1,"[0, 0, 0, 0, 1, 0, 1, 0, 0, 0]","[0, 0, 1, 0, 1, 0, 1, 0, 0, 0]"
russian riot police detain opposition protesters in st petersburg: reuters witness,0,0,[],"[0, 0, 0, 0, 0, 0, 0, 0, 0, 0]"
what you didn't see in dup's meeting with pm may,1,1,"[0, 0, 1, 1, 0, 0, 0, 0, 0, 0]","[1, 0, 0, 0, 0, 0, 1, 0, 0, 0]"
u.n. environment chief concerned at climate science skeptics among trump picks,0,0,[],"[0, 0, 0, 0, 0, 0, 0, 0, 0, 0]"
this alarming situation in puerto rico has raised significant concern,1,1,"[0, 1, 0, 0, 0, 0, 0, 0, 0, 1]","[0, 1, 1, 0, 0, 1, 0, 0, 0, 0]"
what lawmakers warned after trump's russia probe tweets,1,1,"[0, 0, 0, 0, 0, 0, 0, 1, 0, 0]","[1, 0, 0, 0, 0, 0, 0, 0, 0, 1]"
zimbabwe war vets threaten to unleash crowds on mugabe,0,0,[],"[0, 0, 0, 0, 0, 0, 0, 0, 0, 0]"
the next steps in the ghana-ivory coast border dispute remain unclear,1,0,"[0, 1, 0, 0, 0, 0, 0, 1, 0, 1]","[0, 0, 0, 0, 0, 0, 0, 0, 0, 0]"
north korea's shocking stance on nuclear negotiations revealed,1,1,"[0, 1, 0, 0, 1, 0, 0, 0, 0, 0]","[1, 1, 0, 1, 0, 0, 0, 0, 0, 0]"
outrage as poland plans to ban ukrainians with controversial views,1,1,"[0, 0, 1, 1, 1, 0, 0, 0, 0, 0]","[0, 0, 1, 0, 0, 1, 0, 0, 0, 0]"
this latest move by trump raises serious questions about china,1,1,"[0, 0, 0, 0, 0, 1, 0, 0, 0, 0]","[0, 1, 0, 1, 0, 1, 0, 0, 0, 0]"
"factbox: trump on twitter (december 14) - stock market, federal regulations",0,0,[],"[0, 0, 0, 0, 0, 0, 0, 0, 0, 0]"
sudan's bashir says would support state governor in 2020 president vote,0,0,[],"[0, 0, 0, 0, 0, 0, 0, 0, 0, 0]"
the urgent call for action on global battery rollout that everyone needs to hear,1,1,"[0, 0, 0, 0, 0, 0, 1, 0, 0, 0]","[0, 1, 0, 1, 0, 0, 1, 0, 0, 0]"
outrage grows as republicans struggle to recover from healthcare defeat,1,0,"[0, 0, 1, 0, 0, 0, 0, 0, 0, 0]","[0, 0, 0, 0, 0, 0, 0, 0, 0, 0]"
"trump meets japan, australia leaders over trade, north korea threat",0,0,[],"[0, 0, 0, 0, 0, 0, 0, 0, 0, 0]"
south africa's ramaphosa steps up criticism ahead of anc leadership vote,0,0,[],"[0, 0, 0, 0, 0, 0, 0, 0, 0, 0]"
the shocking details behind the deadly earthquake in mexico,1,1,"[1, 1, 0, 1, 0, 0, 0, 0, 0, 0]","[1, 0, 0, 1, 0, 0, 0, 0, 0, 0]"
could turkey's evidence change the eu's stance on gulen network,1,1,"[0, 0, 0, 1, 0, 0, 1, 0, 1, 0]","[0, 0, 0, 0, 0, 0, 0, 1, 0, 1]"
"factbox: trump on twitter (september 8) - hurricane irma, filibuster rule",0,0,[],"[0, 0, 0, 0, 0, 0, 0, 0, 0, 0]"
japan pm welcomes u.s. designation of north korea as sponsor of terrorism: kyodo,0,0,[],"[0, 0, 0, 0, 0, 0, 0, 0, 0, 0]"
irish foreign minister says opposition vote would bring down government,0,0,[],"[0, 0, 0, 0, 0, 0, 0, 0, 0, 0]"
what you need to know about the new travel security measures,1,0,"[0, 0, 0, 0, 0, 0, 0, 0, 1, 0]","[0, 0, 0, 0, 0, 0, 0, 0, 0, 0]"
israel and hezbollah flirt with dangerous mideast escalation,0,1,[],"[0, 1, 0, 1, 0, 0, 0, 0, 1, 0]"
are you ready for the shocking truth about america's commitment to britain,1,1,"[0, 0, 0, 0, 0, 0, 0, 0, 0, 1]","[0, 0, 1, 0, 0, 0, 1, 0, 0, 1]"
"immigration, abortion, race rulings due at supreme court",0,0,[],"[0, 0, 0, 0, 0, 0, 0, 0, 0, 0]"
democrats are demanding documents on trump's hotel - what could be revealed,1,1,"[0, 1, 0, 0, 0, 0, 1, 1, 0, 0]","[1, 0, 0, 0, 0, 0, 0, 1, 0, 1]"
what could have prevented the manchester attack,1,1,"[0, 0, 0, 0, 0, 0, 0, 1, 0, 0]","[1, 0, 0, 0, 0, 0, 0, 0, 0, 1]"
rahul gandhi's bold move to challenge modi sparks hope and outrage,1,1,"[0, 1, 1, 0, 0, 0, 0, 0, 0, 0]","[0, 1, 1, 0, 0, 0, 0, 0, 0, 0]"
putin's unexpected response to u.s. sanctions will leave you speechless,1,1,"[0, 0, 0, 1, 0, 0, 0, 0, 1, 0]","[0, 1, 1, 0, 0, 0, 1, 0, 0, 0]"
this detail of britain's brexit rebels could change everything,1,1,"[1, 0, 0, 1, 0, 0, 1, 0, 0, 0]","[1, 1, 0, 0, 0, 1, 0, 0, 0, 0]"
families fleeing syria's raqqa say air strikes bring heavy toll,0,0,[],"[0, 0, 0, 0, 0, 0, 0, 0, 0, 0]"
apec ministers end talks after wrangling over trade wording for u.s.,0,0,[],"[0, 0, 0, 0, 0, 0, 0, 0, 0, 0]"
the shocking truth behind u.s. lawmakers' delay on the european data privacy deal,1,1,"[0, 0, 0, 1, 1, 0, 0, 0, 0, 1]","[1, 0, 1, 0, 0, 0, 0, 0, 0, 0]"
you won't believe how china is shaming debtors online,1,1,"[0, 0, 0, 0, 0, 0, 1, 0, 1, 0]","[1, 0, 0, 1, 0, 0, 1, 0, 0, 0]"
putin's declaration leads to significant implications in the euphrates region,1,1,"[0, 1, 0, 0, 1, 0, 0, 0, 1, 0]","[0, 1, 0, 1, 0, 0, 0, 0, 0, 0]"
top arab league leaders will meet to discuss jerusalem's fate this saturday,1,0,"[0, 0, 0, 0, 1, 0, 1, 0, 0, 0]","[0, 0, 0, 0, 0, 0, 0, 0, 0, 0]"
obama says reducing leaker chelsea manning's prison term serves justice,0,0,[],"[0, 0, 0, 0, 0, 0, 0, 0, 0, 0]"
the shocking truth behind the mali-guinea gold mine dispute,1,1,"[0, 0, 0, 1, 0, 1, 0, 0, 1, 0]","[1, 0, 0, 1, 0, 0, 0, 0, 0, 0]"
uk pm may urges trump to bring forward proposals on middle east peace,0,0,[],"[0, 0, 0, 0, 0, 0, 0, 0, 0, 0]"
philippines says some rebels ready to surrender as troops advance in marawi,0,0,[],"[0, 0, 0, 0, 0, 0, 0, 0, 0, 0]"
turkey's economy minister defends predecessor over iran sanctions charges,0,0,[],"[0, 0, 0, 0, 0, 0, 0, 0, 0, 0]"
trump for president? ladbrokes odds improve after new hampshire,0,1,[],"[0, 0, 0, 1, 0, 0, 0, 0, 1, 1]"
alabama city makes bathroom access by gender identity a crime,0,0,[],"[0, 0, 0, 0, 0, 0, 0, 0, 0, 0]"
obama starts work to pick supreme court justice amid political 'bluster',0,0,[],"[0, 0, 0, 0, 0, 0, 0, 0, 0, 0]"
kushner's surprising move: what remains unclear about the marketing push,1,1,"[0, 1, 0, 1, 0, 0, 0, 1, 0, 0]","[1, 0, 0, 1, 0, 0, 0, 1, 0, 0]"
pennsylvania governor nominates replacement for convicted attorney general,0,0,[],"[0, 0, 0, 0, 0, 0, 0, 0, 0, 0]"
police have thwarted seven attacks since march: london mayor,0,0,[],"[0, 0, 0, 0, 0, 0, 0, 0, 0, 0]"
ninth australian lawmaker quits as citizenship crisis widens,0,0,[],"[0, 0, 0, 0, 0, 0, 0, 0, 0, 0]"
this crucial detail about asia's future needs your attention,1,1,"[1, 0, 0, 0, 1, 0, 1, 0, 0, 0]","[1, 1, 0, 0, 0, 0, 1, 0, 0, 0]"
the ongoing plight of rohingya trapped in no-man's land,1,0,"[0, 0, 0, 0, 0, 0, 0, 1, 1, 1]","[0, 0, 0, 0, 0, 0, 0, 0, 0, 0]"
the major implications of obama's comments on clinton's campaign,1,0,"[0, 1, 0, 0, 0, 0, 0, 0, 0, 0]","[0, 0, 0, 0, 0, 0, 0, 0, 0, 0]"
biden says 'no desire' to be on supreme court: msnbc,0,0,[],"[0, 0, 0, 0, 0, 0, 0, 0, 0, 0]"
"bentley, former congresswoman from maryland, dies at 92",0,0,[],"[0, 0, 0, 0, 0, 0, 0, 0, 0, 0]"
what you don't see about obama's tax credit proposal,1,1,"[1, 0, 0, 0, 0, 0, 0, 0, 0, 0]","[1, 0, 0, 0, 0, 0, 1, 0, 0, 0]"
the shocking truth behind russia's plans for syria,1,1,"[0, 0, 0, 1, 0, 1, 0, 0, 0, 0]","[1, 0, 0, 1, 0, 0, 0, 0, 0, 0]"
"brexit leader nigel farage addresses trump rally, bashes clinton",0,0,[],"[0, 0, 0, 0, 0, 0, 0, 0, 0, 0]"
france says turkish-russia missile deal a sovereign decision,0,0,[],"[0, 0, 0, 0, 0, 0, 0, 0, 0, 0]"
trump fans make unexpected splash in jerusalem's old city,1,1,"[0, 0, 0, 0, 1, 0, 0, 0, 1, 0]","[0, 0, 0, 1, 0, 0, 0, 0, 1, 0]"
the dramatic protest that overshadowed bannon's appearance in hong kong,1,1,"[0, 1, 0, 0, 0, 1, 0, 0, 0, 1]","[0, 1, 0, 1, 0, 0, 0, 0, 0, 0]"
u.s. says it may not need apple to open san bernardino iphone,0,0,[],"[0, 0, 0, 0, 0, 0, 0, 0, 0, 0]"
unexpected discussions on rights between trump and philippines' duterte,1,0,"[0, 0, 0, 0, 0, 0, 0, 0, 1, 0]","[0, 0, 0, 0, 0, 0, 0, 0, 0, 0]"
greek top court clears way for u.s. extradition of russian cybercrime suspect,0,0,[],"[0, 0, 0, 0, 0, 0, 0, 0, 0, 0]"
"in talks with u.s., china calls for diplomacy on north korea",0,0,[],"[0, 0, 0, 0, 0, 0, 0, 0, 0, 0]"
"kosovo parties sign deal to form government, end political deadlock",0,0,[],"[0, 0, 0, 0, 0, 0, 0, 0, 0, 0]"
the surprising impact of obama's judges that you might not know,1,1,"[0, 0, 0, 0, 0, 0, 0, 0, 1, 0]","[1, 0, 0, 1, 0, 0, 1, 0, 0, 0]"
kremlin: u.s. arms supplies to ukraine would set back peace efforts,0,0,[],"[0, 0, 0, 0, 0, 0, 0, 0, 0, 0]"
the sensational comment cruz made about rubio's potential vp role,1,1,"[1, 0, 0, 1, 0, 0, 1, 0, 0, 0]","[0, 1, 0, 1, 0, 1, 0, 0, 0, 0]"
australia's victoria state closer to legalizing assisted death,0,0,[],"[0, 0, 0, 0, 0, 0, 0, 0, 0, 0]"
greek police fire teargas at protesters on anniversary of riots,0,0,[],"[0, 0, 0, 0, 0, 0, 0, 0, 0, 0]"
"trump, after meeting ryan, says will move fast on healthcare, immigration",0,0,[],"[0, 0, 0, 0, 0, 0, 0, 0, 0, 0]"
what remains hidden at the trump trial as a man sets himself on fire,1,1,"[1, 0, 0, 0, 0, 0, 0, 0, 0, 0]","[1, 0, 0, 1, 0, 0, 0, 0, 1, 0]"
outrage grows over trump's threats to cuba's future,1,0,"[0, 0, 1, 0, 1, 0, 0, 0, 0, 0]","[0, 0, 0, 0, 0, 0, 0, 0, 0, 0]"
"trump's paris decision followed debate between moderates, anti-globalists",0,0,[],"[0, 0, 0, 0, 0, 0, 0, 0, 0, 0]"
uk police making urgent inquiries to find who was behind metro incident,0,0,[],"[0, 0, 0, 0, 0, 0, 0, 0, 0, 0]"
"u.s., qatar agree to further curbs on terrorist financing",0,0,[],"[0, 0, 0, 0, 0, 0, 0, 0, 0, 0]"
exclusive: scandal-hit vietnam official had been cleared by previous government,0,0,[],"[0, 0, 0, 0, 0, 0, 0, 0, 0, 0]"
"russia sees exxon boss, tipped to be secretary of state, as an old friend",0,0,[],"[0, 0, 0, 0, 0, 0, 0, 0, 0, 0]"
"trump again vows to bring back u.s. jobs, but offers few details",0,0,[],"[0, 0, 0, 0, 0, 0, 0, 0, 0, 0]"
what this young rebel is torn between will shock you,1,1,"[0, 0, 0, 0, 0, 1, 0, 0, 0, 0]","[1, 0, 1, 0, 0, 0, 1, 0, 0, 0]"
trump shoves fellow nato leader aside on his first summit,0,0,[],"[0, 0, 0, 0, 0, 0, 0, 0, 0, 0]"
uk pm may postpones trip to china to avoid timetable clash with trump: sky,0,0,[],"[0, 0, 0, 0, 0, 0, 0, 0, 0, 0]"
what russia's veto on the u.n. resolution means for syria,1,1,"[1, 0, 1, 0, 0, 0, 0, 0, 0, 1]","[1, 0, 0, 0, 0, 0, 0, 0, 0, 1]"
could this unexpected move by grassley change everything?,1,1,"[0, 0, 0, 0, 0, 0, 0, 1, 1, 0]","[0, 0, 0, 0, 0, 1, 0, 1, 0, 1]"
"dutch voters, here's why wilders' appeal is crucial to watch",1,1,"[0, 0, 0, 0, 0, 0, 1, 0, 0, 0]","[0, 1, 0, 0, 0, 0, 1, 0, 0, 0]"
this unprecedented move by the u.s. army off gaza could change everything,1,1,"[1, 1, 0, 0, 0, 0, 0, 1, 0, 0]","[1, 1, 0, 0, 0, 1, 0, 0, 0, 0]"
romanian ruling party leader investigated over 'criminal group',0,0,[],"[0, 0, 0, 0, 0, 0, 0, 0, 0, 0]"
supreme court nominee to submit questionnaire to lawmakers,0,0,[],"[0, 0, 0, 0, 0, 0, 0, 0, 0, 0]"
u.s. justice department not looking to charge journalists for leaks: official,0,0,[],"[0, 0, 0, 0, 0, 0, 0, 0, 0, 0]"
republican vows 'all hands on deck' in georgia congressional runoff,0,0,[],"[0, 0, 0, 0, 0, 0, 0, 0, 0, 0]"
"iowa governor urges caucus-goers to say 'no' to cruz, cites 'big oil'",0,0,[],"[0, 0, 0, 0, 0, 0, 0, 0, 0, 0]"
will trump's latest supreme court picks change everything,1,1,"[0, 0, 1, 1, 0, 0, 0, 1, 0, 0]","[0, 1, 0, 0, 0, 0, 0, 0, 0, 1]"
south korea to announce approval of environment report for thaad deployment on monday: official,0,0,[],"[0, 0, 0, 0, 0, 0, 0, 0, 0, 0]"
this unexpected move could change everything for dreamers,1,1,"[0, 0, 0, 0, 0, 1, 0, 0, 1, 0]","[0, 1, 0, 1, 0, 1, 0, 0, 0, 0]"
trump's choice for u.s. attorney general says he can stand up to him,0,0,[],"[0, 0, 0, 0, 0, 0, 0, 0, 0, 0]"
russia: asia should not be militarized under pretext of countering north korea,0,0,[],"[0, 0, 0, 0, 0, 0, 0, 0, 0, 0]"
kushner cos says to skip china marketing push this weekend,0,0,[],"[0, 0, 0, 0, 0, 0, 0, 0, 0, 0]"
the significant warning from saudi minister on lebanon's future with hezbollah,1,1,"[0, 1, 0, 1, 0, 0, 0, 0, 0, 0]","[0, 1, 0, 1, 0, 0, 0, 0, 0, 0]"
"mona lisa could be moved to own room, says louvre president",0,0,[],"[0, 0, 0, 0, 0, 0, 0, 0, 0, 0]"
trump hopes to avoid government shutdown in meeting with lawmakers: white house,0,0,[],"[0, 0, 0, 0, 0, 0, 0, 0, 0, 0]"
bahrain accuses qatar of seizing three boats: agency,0,0,[],"[0, 0, 0, 0, 0, 0, 0, 0, 0, 0]"
"russia criticizes u.s. for 'anti-cuban' approach, says it sides with cuba",0,0,[],"[0, 0, 0, 0, 0, 0, 0, 0, 0, 0]"
outrage as babis labels minority government plans as unrealistic,1,0,"[0, 0, 1, 0, 0, 0, 0, 0, 0, 0]","[0, 0, 0, 0, 0, 0, 0, 0, 0, 0]"
trump's tax-dodge complaints take a dramatic turn,1,1,"[0, 0, 0, 1, 1, 0, 0, 0, 0, 1]","[0, 1, 0, 1, 0, 0, 0, 0, 0, 0]"
you won't believe what the top court's split means for unions,1,1,"[0, 0, 0, 0, 0, 0, 1, 0, 0, 0]","[1, 0, 0, 1, 0, 0, 1, 0, 0, 0]"
"seeking to relaunch social agenda, uk's may to address racial disparity",0,0,[],"[0, 0, 0, 0, 0, 0, 0, 0, 0, 0]"
this recent move by china has the white house worried,1,1,"[0, 0, 0, 0, 0, 1, 0, 0, 0, 0]","[0, 0, 1, 0, 0, 1, 0, 0, 0, 0]"
what happened behind the scenes as trump was hustled off stage,1,1,"[1, 0, 0, 0, 0, 0, 1, 0, 0, 1]","[1, 0, 0, 1, 0, 0, 0, 0, 0, 0]"
why this silence on the apple dispute is puzzling experts,1,1,"[0, 0, 0, 0, 0, 1, 0, 0, 0, 0]","[1, 0, 0, 0, 0, 1, 0, 0, 0, 1]"
the surprising decision by the new york times to increase trump coverage,1,1,"[0, 0, 0, 0, 0, 0, 0, 0, 1, 0]","[1, 0, 0, 1, 0, 0, 0, 0, 0, 0]"
greek court's rejection of asylum appeals sets bad precedent: amnesty,0,0,[],"[0, 0, 0, 0, 0, 0, 0, 0, 0, 0]"
attorney general sessions defends reply on russia contacts,0,0,[],"[0, 0, 0, 0, 0, 0, 0, 0, 0, 0]"
inside the pro-palestinian protests disrupting columbia university,0,0,[],"[0, 0, 0, 0, 0, 0, 0, 0, 0, 0]"
house panel wants comey recordings,0,0,[],"[0, 0, 0, 0, 0, 0, 0, 0, 0, 0]"
a gdp warning as signs of stagflation appear,0,0,[],"[0, 0, 0, 0, 0, 0, 0, 0, 0, 0]"
"breakup of iraq or syria could lead to global conflict, turkey says",0,0,[],"[0, 0, 0, 0, 0, 0, 0, 0, 0, 0]"
bank lobby presses for commission to lead consumer watchdog agency,0,0,[],"[0, 0, 0, 0, 0, 0, 0, 0, 0, 0]"
majority of republicans want trump to drop out now,1,0,"[0, 0, 0, 1, 0, 0, 0, 0, 0, 0]","[0, 0, 0, 0, 0, 0, 0, 0, 0, 0]"
trump's major move towards a new cyber security alliance with putin,1,1,"[0, 1, 0, 0, 1, 1, 0, 0, 0, 0]","[0, 1, 0, 0, 0, 0, 0, 0, 1, 0]"
could this unexpected choice change transportation forever,1,1,"[1, 0, 0, 1, 0, 0, 0, 0, 0, 1]","[0, 1, 0, 0, 0, 1, 0, 0, 0, 1]"
"eu: spot checks show confusion, not conspiracy in kenyan election",0,0,[],"[0, 0, 0, 0, 0, 0, 0, 0, 0, 0]"
the unexpected consequences of the new funding bill revealed,1,1,"[0, 0, 0, 1, 0, 0, 0, 0, 0, 0]","[1, 0, 0, 1, 0, 0, 0, 0, 0, 0]"
could this failure empower populists in germany,1,1,"[0, 0, 0, 1, 0, 0, 1, 0, 0, 0]","[0, 0, 1, 0, 0, 1, 0, 0, 0, 1]"
the top reasons the u.n. is focusing on myanmar's rohingya issue now,1,0,"[0, 0, 0, 0, 1, 0, 0, 0, 1, 1]","[0, 0, 0, 0, 0, 0, 0, 0, 0, 0]"
"serbian, u.s. paratroopers to earn 'wings' during bilateral military exercise",0,0,[],"[0, 0, 0, 0, 0, 0, 0, 0, 0, 0]"
parents send a powerful message to gaza hostage in new video,1,1,"[0, 0, 1, 1, 0, 0, 1, 0, 0, 0]","[0, 1, 0, 1, 0, 0, 0, 0, 0, 0]"
unexpected support from israel for an independent kurdish state,1,0,"[0, 0, 0, 0, 0, 0, 0, 1, 0, 0]","[0, 0, 0, 0, 0, 0, 0, 0, 0, 0]"
"factbox: trump seen from davos: 'unbelievable', 'embarrassing' but candor 'hit a vein'",0,0,[],"[0, 0, 0, 0, 0, 0, 0, 0, 0, 0]"
the crucial meeting between tillerson and myanmar general that you should follow,1,1,"[0, 0, 0, 0, 0, 0, 0, 0, 0, 1]","[0, 1, 0, 0, 0, 0, 1, 0, 0, 0]"
austria's freedom party criticizes ecj ruling on migrant quotas,0,0,[],"[0, 0, 0, 0, 0, 0, 0, 0, 0, 0]"
iridium says last call from its device on missing argentine submarine was wednesday,0,0,[],"[0, 0, 0, 0, 0, 0, 0, 0, 0, 0]"
germany says eu states must implement court ruling on migrants swiftly,0,0,[],"[0, 0, 0, 0, 0, 0, 0, 0, 0, 0]"
the shocking violence in kirkuk that the u.s. is worried about,1,1,"[0, 1, 0, 0, 1, 0, 0, 1, 0, 0]","[0, 0, 1, 1, 0, 0, 0, 0, 0, 0]"
"syria says u.s. attack killed six, caused extensive damage",0,0,[],"[0, 0, 0, 0, 0, 0, 0, 0, 0, 0]"
house panel drops effort to force testimony on trump 'dossier',0,0,[],"[0, 0, 0, 0, 0, 0, 0, 0, 0, 0]"
"the unexpected connection between trump, putin, and the g20 dinner",1,1,"[0, 0, 0, 0, 0, 1, 0, 0, 1, 1]","[0, 0, 0, 1, 0, 0, 0, 0, 1, 0]"
ivanka trump says world should boost women in cutting-edge industries,0,0,[],"[0, 0, 0, 0, 0, 0, 0, 0, 0, 0]"
what you need to know about the discussion between russian and israeli leaders,1,1,"[0, 0, 1, 0, 0, 0, 1, 0, 0, 1]","[1, 0, 0, 0, 0, 0, 1, 0, 0, 0]"
the shocking discovery behind russia's investigation into misleading photos,1,1,"[0, 0, 0, 1, 0, 0, 1, 0, 0, 0]","[1, 0, 0, 1, 0, 0, 0, 0, 0, 0]"
what happens next for rishi sunak after grant shapps' remarks,1,1,"[0, 0, 1, 0, 0, 0, 1, 1, 0, 0]","[0, 0, 0, 0, 0, 0, 0, 1, 0, 1]"
outrage erupts as drugs board chief resigns amid controversy,1,1,"[0, 0, 1, 0, 1, 0, 0, 0, 1, 0]","[0, 0, 1, 1, 0, 0, 0, 0, 0, 0]"
damascus shelling kills three before truce agreed,0,0,[],"[0, 0, 0, 0, 0, 0, 0, 0, 0, 0]"
you won't believe what republicans are planning next,1,1,"[0, 0, 0, 0, 0, 0, 1, 1, 0, 0]","[1, 1, 0, 0, 0, 0, 1, 0, 0, 0]"
german court orders release of soldier accused of attack plan,0,0,[],"[0, 0, 0, 0, 0, 0, 0, 0, 0, 0]"
you won’t guess what happened in chile's presidential race,1,1,"[0, 0, 0, 0, 0, 1, 0, 0, 0, 0]","[1, 0, 0, 1, 0, 0, 1, 0, 0, 0]"
you won’t believe the unexpected progress on zika funding,1,1,"[0, 0, 0, 0, 0, 0, 1, 0, 1, 0]","[1, 0, 0, 1, 0, 0, 1, 0, 0, 0]"
irish government on verge of collapse in spat over deputy pm,0,0,[],"[0, 0, 0, 0, 0, 0, 0, 0, 0, 0]"
the unexpected connection between ryan and trump's son in congress testimony,1,1,"[1, 1, 0, 0, 0, 0, 0, 0, 1, 0]","[0, 0, 0, 1, 0, 0, 0, 0, 1, 0]"
venezuela ex-prosecutor says she has evidence of maduro corruption,0,0,[],"[0, 0, 0, 0, 0, 0, 0, 0, 0, 0]"
top findings reveal suspected mass graves from 1965,1,0,"[0, 0, 1, 0, 1, 0, 0, 0, 0, 0]","[0, 0, 0, 0, 0, 0, 0, 0, 0, 0]"
the dramatic final assault in raqqa city could change everything,1,1,"[0, 1, 0, 1, 0, 1, 0, 0, 0, 0]","[0, 1, 0, 1, 0, 0, 0, 1, 0, 0]"
trump backs away from bipartisan senate healthcare bill,0,0,[],"[0, 0, 0, 0, 0, 0, 0, 0, 0, 0]"
senator schumer expects 'mainstream nominee' for supreme court,0,0,[],"[0, 0, 0, 0, 0, 0, 0, 0, 0, 0]"
"opposition leader's deputy flees cambodia, fearing for safety",0,0,[],"[0, 0, 0, 0, 0, 0, 0, 0, 0, 0]"
top reasons tillerson's africa visit could be monumental,1,1,"[0, 0, 1, 0, 1, 0, 0, 0, 0, 0]","[0, 1, 0, 0, 1, 0, 0, 0, 0, 0]"
sao paulo mayor doria could quit party for presidential bid,0,0,[],"[0, 0, 0, 0, 0, 0, 0, 0, 0, 0]"
push by evangelicals helped set stage for trump decision on jerusalem,0,0,[],"[0, 0, 0, 0, 0, 0, 0, 0, 0, 0]"
trump's letter hints at a hidden strategy to promote ties with vietnam,1,1,"[1, 0, 0, 1, 0, 0, 0, 0, 0, 1]","[1, 0, 0, 0, 0, 1, 0, 0, 0, 0]"
u.s. justices to mull president's power to nominate officials,0,0,[],"[0, 0, 0, 0, 0, 0, 0, 0, 0, 0]"
why are these democrats backing trump's controversial pick?,1,1,"[0, 1, 0, 0, 0, 0, 0, 0, 1, 0]","[0, 0, 0, 0, 0, 1, 0, 0, 1, 1]"
"clinton tells trump: 'delete your account,' fueling twitter war",0,0,[],"[0, 0, 0, 0, 0, 0, 0, 0, 0, 0]"
the shocking truth behind tesla's autopilot crashes,1,1,"[0, 1, 0, 1, 0, 0, 0, 0, 0, 1]","[1, 0, 1, 0, 0, 0, 0, 0, 0, 0]"
"obama adds saudi, britain stops to germany trip: white house",0,0,[],"[0, 0, 0, 0, 0, 0, 0, 0, 0, 0]"
you won't believe trump's bold move against chinese goods,1,1,"[0, 0, 0, 0, 0, 0, 1, 0, 0, 1]","[0, 1, 0, 1, 0, 0, 1, 0, 0, 0]"
this shocking call for equality in myanmar's rakhine reveals much,1,1,"[0, 0, 0, 1, 0, 1, 0, 0, 0, 1]","[0, 0, 0, 1, 0, 1, 0, 0, 0, 0]"
pope criticizes politicians for stoking racism over immigration,0,0,[],"[0, 0, 0, 0, 0, 0, 0, 0, 0, 0]"
what the eu's understanding of u.s. strikes reveals about the situation,1,1,"[0, 0, 0, 0, 0, 0, 0, 1, 1, 0]","[1, 0, 0, 0, 0, 1, 0, 0, 0, 0]"
morocco's king fires ministers over slow progress in restive tribal area,0,0,[],"[0, 0, 0, 0, 0, 0, 0, 0, 0, 0]"
sessions refuses to discuss conversations with trump on russia,0,0,[],"[0, 0, 0, 0, 0, 0, 0, 0, 0, 0]"
trump says pence to represent him at wisconsin event on saturday,0,0,[],"[0, 0, 0, 0, 0, 0, 0, 0, 0, 0]"
the surprising stance greens are taking in german climate talks,1,1,"[0, 0, 1, 1, 0, 1, 0, 0, 0, 0]","[1, 1, 0, 1, 0, 0, 0, 0, 0, 0]"
france and qatar sign deals worth 12 billion euros: macron,0,0,[],"[0, 0, 0, 0, 0, 0, 0, 0, 0, 0]"
"senate democrats have serious concerns about gorsuch, but what are they really hiding",1,1,"[1, 0, 0, 0, 0, 0, 1, 0, 0, 0]","[1, 1, 0, 0, 0, 0, 0, 0, 0, 1]"
anti-elite slovene presidential candidate seen running for parliament after narrow loss,0,0,[],"[0, 0, 0, 0, 0, 0, 0, 0, 0, 0]"
the top reasons why illinois budget battle is escalating,1,1,"[1, 0, 0, 0, 1, 0, 0, 0, 0, 0]","[0, 0, 0, 1, 1, 0, 0, 0, 0, 0]"
trump's opposition to trade deals fuels internal party opposition,0,0,[],"[0, 0, 0, 0, 0, 0, 0, 0, 0, 0]"
mccain's dramatic call to action that congress can't ignore,1,1,"[1, 1, 0, 0, 0, 0, 0, 0, 0, 0]","[0, 1, 0, 1, 0, 0, 0, 0, 0, 0]"
trump budget on the menu as u.s. senators lunch with tillerson,0,0,[],"[0, 0, 0, 0, 0, 0, 0, 0, 0, 0]"
"hezbollah urges new palestinian uprising, escalation of 'resistance'",0,0,[],"[0, 0, 0, 0, 0, 0, 0, 0, 0, 0]"
kurdish independence vote damages u.s. efforts to preserve unified iraq,0,0,[],"[0, 0, 0, 0, 0, 0, 0, 0, 0, 0]"
this judge's investigation into giuliani and mukasey could shake things up,1,1,"[0, 0, 1, 0, 0, 1, 0, 0, 0, 0]","[1, 0, 0, 0, 1, 0, 1, 0, 0, 0]"
"in u.s. presidential first, trump prays at jerusalem's western wall",0,0,[],"[0, 0, 0, 0, 0, 0, 0, 0, 0, 0]"
you won't believe why obama's supreme court lawyer is stepping down,1,1,"[0, 0, 0, 1, 0, 1, 1, 0, 0, 0]","[1, 1, 0, 0, 0, 0, 1, 0, 0, 0]"
what you don't see in trump's decision-making about bannon amid aide feuds,1,1,"[1, 0, 0, 0, 0, 0, 0, 0, 0, 0]","[1, 0, 0, 0, 0, 0, 1, 0, 0, 0]"
nba playoffs 2024: game schedule and where to watch in the us,0,0,[],"[0, 0, 0, 0, 0, 0, 0, 0, 0, 0]"
this detail about taiwan's defense costs amid trump's tensions is alarming,1,1,"[1, 1, 0, 0, 0, 0, 0, 1, 0, 0]","[1, 0, 1, 0, 0, 1, 0, 0, 0, 0]"
outrage builds as trump faces backlash for sharing divisive videos,1,0,"[0, 0, 1, 0, 0, 0, 0, 0, 0, 0]","[0, 0, 0, 0, 0, 0, 0, 0, 0, 0]"
russia will keep bases in syria to strike at insurgents: kremlin,0,0,[],"[0, 0, 0, 0, 0, 0, 0, 0, 0, 0]"
a certain scandal involving a former lawmaker's bribe that shocked everyone,1,1,"[0, 0, 0, 0, 0, 1, 0, 0, 0, 0]","[0, 0, 1, 1, 0, 1, 0, 0, 0, 0]"
trump's explosive demand for a special prosecutor raises eyebrows,1,1,"[0, 1, 0, 0, 0, 0, 0, 0, 0, 1]","[0, 1, 0, 1, 0, 0, 0, 0, 0, 0]"
could macron's stance on iran lead to unexpected consequences?,1,1,"[1, 0, 0, 0, 0, 0, 1, 0, 0, 1]","[0, 0, 0, 1, 0, 0, 0, 1, 0, 1]"
unexpected connections in haley's take on trump and iran's nuclear deal,1,1,"[0, 0, 0, 0, 0, 0, 0, 0, 1, 0]","[0, 0, 0, 0, 0, 0, 0, 0, 1, 0]"
you won't believe the leniency shown to the anti-abortion activist,1,1,"[0, 0, 0, 1, 0, 0, 1, 0, 0, 0]","[1, 0, 1, 0, 0, 0, 1, 0, 0, 0]"
something big is happening with the koch brothers and education,1,1,"[0, 0, 1, 0, 0, 1, 0, 0, 0, 0]","[1, 1, 0, 0, 0, 1, 0, 0, 0, 0]"
china warned north korea of sanctions after any nuclear test: tillerson,0,0,[],"[0, 0, 0, 0, 0, 0, 0, 0, 0, 0]"
florida senators seek funding for hurricane irma in harvey bill,0,0,[],"[0, 0, 0, 0, 0, 0, 0, 0, 0, 0]"
"fired by trump, former attorney bharara launches podcast",0,0,[],"[0, 0, 0, 0, 0, 0, 0, 0, 0, 0]"
new jersey governor proposes flat rate for education funding,0,0,[],"[0, 0, 0, 0, 0, 0, 0, 0, 0, 0]"
no hint of new gun control push in u.s. congress after shootings,0,0,[],"[0, 0, 0, 0, 0, 0, 0, 0, 0, 0]"
russia says satellite launch failure due to programming error,0,0,[],"[0, 0, 0, 0, 0, 0, 0, 0, 0, 0]"
the fear of what could have happened in west london is palpable,1,1,"[0, 0, 1, 0, 0, 0, 1, 1, 0, 0]","[1, 0, 1, 0, 0, 0, 0, 0, 0, 0]"
trump extracts pledge from boeing on air force one costs,0,0,[],"[0, 0, 0, 0, 0, 0, 0, 0, 0, 0]"
trump travel ban shows u.s. misunderstanding of anti-terror duties: chinese state media,0,0,[],"[0, 0, 0, 0, 0, 0, 0, 0, 0, 0]"
nearly half of britons back trump state visit: yougov poll,0,0,[],"[0, 0, 0, 0, 0, 0, 0, 0, 0, 0]"
the complete catastrophe unfolding in syria's eastern ghouta,1,0,"[0, 0, 0, 0, 1, 0, 1, 1, 0, 0]","[0, 0, 0, 0, 0, 0, 0, 0, 0, 0]"
the surprising truth about eu-u.s. ties that you need to know,1,1,"[0, 0, 0, 0, 1, 0, 0, 0, 0, 0]","[1, 0, 0, 1, 0, 0, 1, 0, 0, 0]"
iraq's dramatic stance against u.s. recognizing jerusalem as israel's capital,1,1,"[0, 1, 0, 0, 0, 0, 0, 0, 0, 0]","[0, 1, 0, 1, 0, 0, 0, 0, 0, 0]"
what's really happening in the financial markets right now,1,1,"[1, 0, 0, 0, 0, 0, 0, 1, 0, 0]","[1, 0, 0, 0, 0, 0, 0, 0, 0, 1]"
trump's trade office reveals unexpected ties to wto rules,1,1,"[0, 0, 0, 1, 0, 0, 0, 0, 1, 0]","[0, 0, 0, 1, 0, 0, 0, 0, 1, 0]"
key u.s. senators demand answers on equifax hacking,0,0,[],"[0, 0, 0, 0, 0, 0, 0, 0, 0, 0]"
health industry breathes easier as post-obamacare path stabilizes,0,0,[],"[0, 0, 0, 0, 0, 0, 0, 0, 0, 0]"
senate republican leader: obama politicizing supreme court process,0,0,[],"[0, 0, 0, 0, 0, 0, 0, 0, 0, 0]"
china says trump call with taiwan president won't change island's status,0,0,[],"[0, 0, 0, 0, 0, 0, 0, 0, 0, 0]"
south korea fears further missile advances by north this year in threat to u.s.,0,0,[],"[0, 0, 0, 0, 0, 0, 0, 0, 0, 0]"
the top secrets about putin's plan to influence the 2016 election revealed,1,1,"[0, 0, 0, 0, 1, 0, 0, 0, 0, 0]","[1, 0, 0, 1, 1, 0, 0, 0, 0, 0]"
"u.s., china to meet in washington on july 19 for economic talks",0,0,[],"[0, 0, 0, 0, 0, 0, 0, 0, 0, 0]"
this surprising eu ruling could change orban's election game,1,1,"[0, 0, 0, 0, 0, 1, 0, 0, 0, 0]","[0, 0, 0, 1, 0, 1, 0, 0, 0, 0]"
what remains hidden about merkel's future in politics,1,1,"[0, 0, 1, 0, 0, 0, 1, 0, 0, 0]","[1, 0, 0, 0, 0, 0, 0, 0, 0, 0]"
trump signals support for alexander-murray healthcare plan in senate,0,0,[],"[0, 0, 0, 0, 0, 0, 0, 0, 0, 0]"
"white house, congress prepare for talks on spending, immigration",0,0,[],"[0, 0, 0, 0, 0, 0, 0, 0, 0, 0]"
"backed by putin, russian military pushes into foreign policy",0,0,[],"[0, 0, 0, 0, 0, 0, 0, 0, 0, 0]"
timeline: nepal's rocky road from monarchy to democracy,0,0,[],"[0, 0, 0, 0, 0, 0, 0, 0, 0, 0]"
russia left troops in belarus after wargames: ukraine,0,0,[],"[0, 0, 0, 0, 0, 0, 0, 0, 0, 0]"
this unexpected move on iranian sanctions will leave you speechless,1,1,"[1, 0, 0, 0, 0, 0, 0, 0, 1, 0]","[0, 1, 0, 1, 0, 0, 1, 0, 0, 0]"
russian bombers near north korea signal unprecedented military tension,1,0,"[0, 1, 1, 0, 0, 0, 0, 1, 0, 0]","[0, 0, 0, 0, 0, 0, 0, 0, 0, 0]"
"russia calls on u.s., south korea not to hold military drills in december",0,0,[],"[0, 0, 0, 0, 0, 0, 0, 0, 0, 0]"
trump administration defends travel ban in supreme court brief,0,0,[],"[0, 0, 0, 0, 0, 0, 0, 0, 0, 0]"
california governor proposes more money to fight trump,0,0,[],"[0, 0, 0, 0, 0, 0, 0, 0, 0, 0]"
"immigration hardliner says trump team preparing plans for wall, mulling muslim registry",0,0,[],"[0, 0, 0, 0, 0, 0, 0, 0, 0, 0]"
the surprising shift in lawmakers' approach to the september 11 law,1,1,"[0, 1, 0, 0, 0, 0, 0, 0, 1, 0]","[1, 0, 0, 1, 0, 0, 0, 0, 0, 0]"
exclusive: u.s. stopped philippines rifle sale that senator opposed - sources,0,0,[],"[0, 0, 0, 0, 0, 0, 0, 0, 0, 0]"
wrestling body revokes ex-house speaker hastert's awards,0,0,[],"[0, 0, 0, 0, 0, 0, 0, 0, 0, 0]"
"venezuela says debt refinancing under way, s&p calls selective default",0,0,[],"[0, 0, 0, 0, 0, 0, 0, 0, 0, 0]"
what could happen next with trump's foreign steel investigation,1,1,"[0, 0, 0, 0, 0, 0, 0, 1, 0, 1]","[0, 0, 0, 0, 0, 0, 0, 1, 0, 1]"
what does obama's readiness to pass the baton to clinton really mean,1,1,"[0, 0, 1, 0, 0, 0, 1, 0, 0, 1]","[1, 0, 0, 0, 0, 0, 0, 0, 0, 1]"
"if trump says iran violating nuclear deal, does not mean u.s. withdrawal: haley",0,0,[],"[0, 0, 0, 0, 0, 0, 0, 0, 0, 0]"
russia establishing permanent presence at its syrian bases: ria,0,0,[],"[0, 0, 0, 0, 0, 0, 0, 0, 0, 0]"
major challenges ahead for house leader on medicaid expansion,1,0,"[0, 1, 0, 0, 0, 0, 0, 0, 1, 0]","[0, 0, 0, 0, 0, 0, 0, 0, 0, 0]"
key republican senator backs new trump travel ban order,0,0,[],"[0, 0, 0, 0, 0, 0, 0, 0, 0, 0]"
what remains unclear as trump approaches a decision on the new fbi director,1,1,"[1, 0, 1, 1, 0, 0, 0, 0, 0, 0]","[1, 0, 0, 0, 0, 0, 0, 1, 0, 0]"
what does odinga's move mean for the future of protests in kenya,1,1,"[0, 0, 1, 0, 0, 0, 0, 0, 1, 1]","[1, 0, 0, 0, 0, 0, 0, 1, 0, 1]"
trump's unexpected strategy in pushing mexico for border wall payment,1,1,"[0, 0, 0, 1, 0, 0, 0, 1, 0, 0]","[1, 1, 0, 1, 0, 0, 0, 0, 0, 0]"
how brexit could lead to unforeseen global consequences,1,1,"[0, 0, 1, 0, 0, 0, 0, 0, 1, 0]","[0, 0, 0, 1, 0, 0, 0, 1, 0, 1]"
turkish tanks drill on iraqi border week before kurdish vote,0,0,[],"[0, 0, 0, 0, 0, 0, 0, 0, 0, 0]"
top reasons why the bridgegate co-conspirators remain a mystery,1,1,"[0, 0, 0, 0, 1, 0, 0, 0, 1, 1]","[1, 0, 0, 0, 1, 0, 0, 1, 0, 0]"
outrage erupts over new offshore oil safety rules six years after bp spill,1,0,"[0, 0, 1, 1, 0, 0, 0, 1, 0, 0]","[0, 0, 0, 0, 0, 0, 0, 0, 0, 0]"
u.n. brands myanmar violence a 'textbook' example of ethnic cleansing,0,0,[],"[0, 0, 0, 0, 0, 0, 0, 0, 0, 0]"
sistani's outrage over u.s. decision on jerusalem revealed,1,1,"[0, 0, 1, 0, 0, 0, 0, 0, 0, 0]","[1, 0, 1, 0, 0, 0, 0, 0, 0, 0]"
spanish government to meet at 1600 gmt on catalonia,0,0,[],"[0, 0, 0, 0, 0, 0, 0, 0, 0, 0]"
house republican leader says 'easier' if sessions recused himself,0,0,[],"[0, 0, 0, 0, 0, 0, 0, 0, 0, 0]"
iowa supreme court puts state's abortion waiting period on hold,0,0,[],"[0, 0, 0, 0, 0, 0, 0, 0, 0, 0]"
turkey detains 100 islamic state suspects: anadolu agency,0,0,[],"[0, 0, 0, 0, 0, 0, 0, 0, 0, 0]"
"rights groups target police, spy chiefs globally under new u.s. law",0,0,[],"[0, 0, 0, 0, 0, 0, 0, 0, 0, 0]"
what's really happening with the state department reorganization,1,1,"[0, 0, 0, 0, 0, 0, 1, 1, 0, 1]","[1, 0, 0, 0, 0, 0, 0, 0, 0, 1]"
mauritanian blogger who faced death penalty for apostasy to be freed,0,0,[],"[0, 0, 0, 0, 0, 0, 0, 0, 0, 0]"
zimbabweans pour onto harare streets in jubilation after mugabe resigns,0,0,[],"[0, 0, 0, 0, 0, 0, 0, 0, 0, 0]"
investors should watch as arizona execution procedures face court review,1,0,"[0, 1, 0, 0, 0, 0, 1, 0, 1, 0]","[0, 0, 0, 0, 0, 0, 0, 0, 0, 0]"
biden's top initiatives in the moonshot fight against cancer,1,0,"[0, 0, 0, 0, 1, 1, 0, 0, 0, 0]","[0, 0, 0, 0, 0, 0, 0, 0, 0, 0]"
could this be the end of the geneva talks for syria?,1,1,"[0, 0, 0, 0, 0, 0, 0, 1, 1, 1]","[0, 0, 0, 1, 0, 1, 0, 0, 0, 1]"
"u.n. tells australia to restore food, water supplies to png refugees",0,0,[],"[0, 0, 0, 0, 0, 0, 0, 0, 0, 0]"
pentagon: will provide trump options if north korea provocations continue,0,0,[],"[0, 0, 0, 0, 0, 0, 0, 0, 0, 0]"
"tempers flare as the search for survivors ends, leaving fear in the aftermath",1,1,"[0, 0, 1, 0, 0, 0, 0, 0, 1, 0]","[0, 0, 1, 1, 0, 0, 0, 0, 0, 0]"
britain's davis says vital that brexit talks progress onto trade,0,0,[],"[0, 0, 0, 0, 0, 0, 0, 0, 0, 0]"
trump's latest tweets reveal what he thinks about hurricane irma,1,1,"[0, 0, 0, 0, 0, 0, 1, 0, 0, 0]","[1, 0, 0, 0, 0, 0, 0, 0, 0, 0]"
iraq refuses talks with kurds unless they commit to unity,0,0,[],"[0, 0, 0, 0, 0, 0, 0, 0, 0, 0]"
"business booms at trump tower, nearby retailers hit by security and crowds",0,0,[],"[0, 0, 0, 0, 0, 0, 0, 0, 0, 0]"
u.s. 'very concerned' by violence around iraq's kirkuk: state department,0,0,[],"[0, 0, 0, 0, 0, 0, 0, 0, 0, 0]"
what remains hidden behind the two republican senators' opposition,1,1,"[1, 0, 0, 0, 1, 0, 0, 0, 0, 0]","[1, 0, 0, 0, 0, 0, 0, 0, 0, 1]"
trump dumps controversial chief strategist bannon in latest upheaval,0,0,[],"[0, 0, 0, 0, 0, 0, 0, 0, 0, 0]"
"pope lands in bangladesh, to meet rohingya group on friday",0,0,[],"[0, 0, 0, 0, 0, 0, 0, 0, 0, 0]"
u.s. lawmakers seek compromise on zika virus funding,0,0,[],"[0, 0, 0, 0, 0, 0, 0, 0, 0, 0]"
this unexpected visit for the indian man sentenced to death in pakistan,1,1,"[0, 0, 0, 1, 0, 0, 0, 0, 0, 0]","[0, 0, 0, 1, 0, 1, 0, 0, 1, 0]"
mugabe's unexpected cabinet meeting could lead to shocking developments in zimbabwe,1,1,"[0, 0, 0, 1, 0, 0, 0, 0, 0, 0]","[0, 1, 0, 1, 0, 0, 0, 1, 0, 0]"
what happens next as the market struggles with tax cut changes,1,1,"[0, 0, 0, 0, 0, 0, 0, 1, 0, 0]","[0, 0, 0, 0, 0, 0, 0, 1, 0, 1]"
a modest bump for clinton in online wagering hours after debate,0,0,[],"[0, 0, 0, 0, 0, 0, 0, 0, 0, 0]"
u.s. tax debate employing more than half of washington's lobbyists: report,0,0,[],"[0, 0, 0, 0, 0, 0, 0, 0, 0, 0]"
trump tax reforms could depend on little-known 'scoring' panel,0,0,[],"[0, 0, 0, 0, 0, 0, 0, 0, 0, 0]"
japanese naval choppers suffer fatal collision,0,0,[],"[0, 0, 0, 0, 0, 0, 0, 0, 0, 0]"
you need to see what clinton aide abedin wants from the email search warrant,1,1,"[0, 0, 0, 1, 0, 0, 0, 0, 0, 1]","[1, 0, 0, 0, 0, 0, 1, 0, 0, 0]"
you need to know about the judge's order for illinois to improve disabled care,1,1,"[0, 0, 0, 0, 0, 0, 1, 0, 0, 0]","[1, 0, 0, 0, 0, 0, 1, 0, 0, 0]"
could poland's new pm face unexpected backlash from brussels,1,1,"[0, 0, 0, 0, 0, 0, 0, 0, 1, 1]","[0, 1, 0, 1, 0, 0, 0, 0, 0, 1]"
what does the president really want from the supreme court on security laws,1,1,"[0, 0, 0, 0, 0, 0, 1, 0, 0, 0]","[1, 0, 0, 0, 0, 0, 0, 0, 0, 1]"
at least 138 people killed by earthquake in mexico,0,0,[],"[0, 0, 0, 0, 0, 0, 0, 0, 0, 0]"
white house names retired air force general as first cyber security chief,0,0,[],"[0, 0, 0, 0, 0, 0, 0, 0, 0, 0]"
kremlin pledges to stand up for russian billionaire arrested in france,0,0,[],"[0, 0, 0, 0, 0, 0, 0, 0, 0, 0]"
you won't believe how backers are fighting for the consumer agency,1,1,"[0, 0, 0, 1, 0, 0, 0, 0, 0, 1]","[1, 1, 0, 0, 0, 0, 1, 0, 0, 0]"
taiwan says shut out of u.n. climate talks due to china pressure,0,0,[],"[0, 0, 0, 0, 0, 0, 0, 0, 0, 0]"
the unprecedented success of traton's first quarter,1,0,"[0, 1, 0, 1, 0, 0, 0, 0, 0, 0]","[0, 0, 0, 0, 0, 0, 0, 0, 0, 0]"
what remains unclear about britain's crucial 10-day brexit deadline,1,1,"[1, 1, 0, 0, 0, 0, 0, 1, 0, 0]","[0, 1, 0, 0, 0, 0, 0, 1, 0, 1]"
"nepal holds final round of municipal polls, ethnic grievances remain",0,0,[],"[0, 0, 0, 0, 0, 0, 0, 0, 0, 0]"
how nafta's failure has sparked outrage among american workers,1,0,"[0, 0, 1, 0, 0, 0, 0, 0, 0, 0]","[0, 0, 0, 0, 0, 0, 0, 0, 0, 0]"
this major breakthrough on the brexit irish border deal could happen soon,1,1,"[0, 1, 0, 0, 1, 0, 1, 0, 0, 0]","[0, 1, 0, 1, 0, 0, 0, 1, 0, 0]"
this detail about castro's death might surprise you regarding u.s.-cuba relations,1,1,"[0, 0, 1, 0, 1, 0, 0, 1, 0, 0]","[1, 0, 0, 0, 0, 0, 1, 0, 0, 0]"
erdogan says turkey will close iraq border and air space soon,0,0,[],"[0, 0, 0, 0, 0, 0, 0, 0, 0, 0]"
"epa waives requirements on sale, production of gasoline due to storms",0,0,[],"[0, 0, 0, 0, 0, 0, 0, 0, 0, 0]"
ajax show interest in former chelsea manager graham potter,0,0,[],"[0, 0, 0, 0, 0, 0, 0, 0, 0, 0]"
illinois governor announces veto of $5 billion tax hike,0,0,[],"[0, 0, 0, 0, 0, 0, 0, 0, 0, 0]"
the shocking strategy democrats are using to rally voters against trump,1,1,"[0, 0, 0, 1, 0, 0, 0, 0, 1, 0]","[1, 1, 1, 0, 0, 0, 0, 0, 0, 0]"
the surprising new fees in the u.s. budget proposal,1,1,"[0, 0, 0, 1, 0, 0, 0, 0, 1, 0]","[1, 0, 0, 1, 0, 1, 0, 0, 0, 0]"
top moments from ai wei-wei's bold criticism of china,1,1,"[0, 0, 0, 0, 1, 0, 0, 0, 0, 0]","[0, 1, 0, 1, 1, 0, 0, 0, 0, 0]"
what you don't see about the shocking retaliation against this activist,1,1,"[0, 0, 0, 1, 0, 0, 0, 0, 1, 1]","[1, 0, 1, 0, 0, 1, 0, 0, 0, 0]"
u.s. judge upholds virginia's voter id law,0,0,[],"[0, 0, 0, 0, 0, 0, 0, 0, 0, 0]"
could the mueller firing lead to a constitutional crisis,1,1,"[0, 0, 1, 0, 0, 0, 0, 1, 0, 0]","[0, 0, 0, 1, 0, 0, 0, 1, 0, 1]"
"house speaker ryan: call with trump was good, productive",0,0,[],"[0, 0, 0, 0, 0, 0, 0, 0, 0, 0]"
eu lawmakers give tentative nod to brexit clearing law that could clobber britain,0,0,[],"[0, 0, 0, 0, 0, 0, 0, 0, 0, 0]"
what you don’t see behind trump's toned-down approach,1,1,"[1, 0, 1, 0, 0, 0, 0, 0, 0, 0]","[1, 0, 0, 0, 0, 0, 1, 0, 0, 0]"
"with trump victory, blunt u.s. general gets second chance",0,1,[],"[0, 0, 0, 1, 0, 0, 0, 0, 0, 0]"
"myanmar operation against rohingya has 'hallmarks of ethnic cleansing', u.s. congress members say",0,0,[],"[0, 0, 0, 0, 0, 0, 0, 0, 0, 0]"
why mnuchin claims cutting taxes for the top is unprecedented,1,1,"[0, 1, 0, 0, 0, 0, 0, 0, 1, 1]","[0, 1, 0, 0, 0, 0, 0, 0, 0, 1]"
playing with fire: tens of thousands refuse to leave bali volcano homes,0,1,[],"[0, 1, 1, 1, 0, 0, 0, 0, 0, 0]"
the unsettling crises overshadowing obama's important asia strategy,1,1,"[0, 1, 0, 0, 0, 1, 0, 0, 0, 0]","[0, 1, 1, 1, 0, 0, 0, 0, 0, 0]"
the outrage over migrants arriving on italian beaches,1,0,"[0, 0, 1, 0, 0, 0, 0, 1, 0, 0]","[0, 0, 0, 0, 0, 0, 0, 0, 0, 0]"
what trump's vague promise about north korea really means for the future,1,1,"[1, 0, 0, 0, 1, 0, 0, 0, 1, 0]","[1, 0, 0, 0, 0, 0, 0, 0, 0, 1]"
"saleh was killed in rpg, gun attack on his car, houthis say; party confirms death",0,0,[],"[0, 0, 0, 0, 0, 0, 0, 0, 0, 0]"
what netanyahu's focus on substance reveals about the two-state issue,1,1,"[0, 0, 0, 0, 0, 0, 0, 1, 0, 1]","[1, 0, 0, 0, 0, 0, 0, 0, 0, 1]"
cambodian pm threatens opposition party will be dissolved,0,0,[],"[0, 0, 0, 0, 0, 0, 0, 0, 0, 0]"
the unexpected turmoil in puerto rico's government unfolds,1,1,"[0, 0, 0, 1, 0, 0, 0, 0, 1, 0]","[0, 0, 0, 1, 0, 0, 0, 1, 0, 0]"
u.s. pressed saudis to ease yemen blockade: sources,0,0,[],"[0, 0, 0, 0, 0, 0, 0, 0, 0, 0]"
the unexpected implications of the judge's decision on trump's sanctuary city order,1,1,"[0, 0, 1, 0, 0, 0, 0, 1, 1, 0]","[1, 0, 0, 1, 0, 0, 0, 0, 0, 0]"
dramatic developments as kremlin challenges washington to prove hacking claims,1,1,"[1, 1, 0, 1, 0, 0, 0, 0, 0, 0]","[0, 1, 0, 1, 0, 0, 0, 0, 0, 0]"
paul ryan says confident tax reform will pass in 2017: axios,0,0,[],"[0, 0, 0, 0, 0, 0, 0, 0, 0, 0]"
another pro-palestinian protest dispersed in new york (videos),0,0,[],"[0, 0, 0, 0, 0, 0, 0, 0, 0, 0]"
what remains hidden about the new chinese dredger,1,1,"[1, 0, 0, 0, 0, 0, 0, 0, 0, 0]","[1, 0, 0, 1, 0, 1, 0, 0, 0, 0]"
the shocking details behind the canadian teens' bomb plot,1,1,"[0, 1, 0, 0, 0, 0, 0, 0, 0, 1]","[1, 0, 1, 1, 0, 0, 0, 0, 0, 0]"
dutchman put on trial for ethiopian war crimes in 1970s,0,0,[],"[0, 0, 0, 0, 0, 0, 0, 0, 0, 0]"
myanmar tells u.n. rohingya refugees can return from bangladesh,0,0,[],"[0, 0, 0, 0, 0, 0, 0, 0, 0, 0]"
what's at stake in the upcoming u.s.-mexico immigration discussions,1,1,"[0, 0, 0, 1, 0, 0, 0, 1, 0, 1]","[0, 0, 0, 1, 0, 0, 0, 1, 0, 1]"
the top 5 political boundary cases that could change everything,1,1,"[0, 0, 0, 0, 1, 0, 0, 1, 0, 0]","[0, 1, 0, 1, 1, 0, 0, 0, 0, 0]"
"bangladesh wants 'safe zones' to ease rohingya crisis, but seen unlikely",0,0,[],"[0, 0, 0, 0, 0, 0, 0, 0, 0, 0]"
the most crucial demands from u.s. tech firms for the presidential candidates,1,0,"[0, 0, 0, 1, 1, 0, 0, 0, 0, 0]","[0, 0, 0, 0, 0, 0, 0, 0, 0, 0]"
dramatic changes ahead in u.s. foreign investment rules you need to know,1,1,"[1, 0, 1, 1, 0, 0, 0, 0, 0, 0]","[1, 1, 0, 0, 0, 0, 1, 0, 0, 0]"
this surprising decision by germany could impact the kurdish fighters,1,1,"[0, 1, 0, 0, 0, 0, 1, 0, 1, 0]","[1, 0, 0, 1, 0, 1, 0, 0, 0, 0]"
the biggest economic talks between u.s. and china are happening soon,1,0,"[0, 0, 0, 0, 1, 0, 0, 0, 0, 0]","[0, 0, 0, 0, 0, 0, 0, 0, 0, 0]"
"trump calls for immediate obamacare repeal, quick replacement: nyt",0,0,[],"[0, 0, 0, 0, 0, 0, 0, 0, 0, 0]"
the shocking battle for votes in venezuela: what's at stake?,1,1,"[0, 0, 0, 0, 1, 1, 0, 0, 0, 0]","[1, 0, 1, 0, 0, 0, 0, 0, 0, 1]"
trump rally makes stock options great again for some ceos,0,1,[],"[0, 0, 0, 1, 0, 1, 0, 0, 1, 0]"
bulgaria asks russia to overhaul mig fighter jets,0,0,[],"[0, 0, 0, 0, 0, 0, 0, 0, 0, 0]"
"factbox: trump to meet with ex-ford ceo, u.s. lawmakers, others",0,0,[],"[0, 0, 0, 0, 0, 0, 0, 0, 0, 0]"
what democrats are planning next to challenge trump's travel ban,1,1,"[0, 1, 0, 0, 0, 1, 1, 0, 0, 0]","[1, 0, 0, 0, 0, 0, 0, 1, 0, 0]"
the shocking decision to suspend migrant rescues in the mediterranean could have dire consequences,1,1,"[0, 0, 0, 1, 1, 0, 1, 0, 0, 0]","[0, 1, 1, 0, 0, 0, 0, 0, 0, 0]"
the first woman to lead ferc: cheryl lafleur's new role,1,0,"[0, 0, 0, 0, 1, 0, 0, 0, 0, 0]","[0, 0, 0, 0, 0, 0, 0, 0, 0, 0]"
what happens next as abbas pushes for full u.n. membership for palestinians,1,1,"[1, 0, 0, 0, 0, 0, 0, 0, 0, 1]","[0, 0, 0, 0, 0, 0, 0, 1, 0, 1]"
germany's gabriel denies report he is eyeing finance minister post,0,0,[],"[0, 0, 0, 0, 0, 0, 0, 0, 0, 0]"
trump's latest tweets are sending shockwaves through politics,1,1,"[0, 0, 0, 1, 0, 0, 0, 0, 0, 0]","[0, 1, 0, 1, 0, 0, 0, 0, 0, 0]"
trump campaign manager says he called reporter after run-in: cnn,0,0,[],"[0, 0, 0, 0, 0, 0, 0, 0, 0, 0]"
what you don’t see about the cambodian opposition's memorial service ban,1,1,"[1, 0, 0, 0, 0, 0, 1, 1, 0, 0]","[1, 0, 0, 0, 0, 0, 1, 0, 0, 0]"
what are they really hiding about broadcast licenses,1,1,"[0, 0, 0, 1, 0, 1, 0, 0, 0, 1]","[1, 0, 0, 0, 0, 1, 0, 0, 0, 1]"
afghan security forces killed in 'friendly fire' incident,0,0,[],"[0, 0, 0, 0, 0, 0, 0, 0, 0, 0]"
china calls for restraint over north korea tensions,0,0,[],"[0, 0, 0, 0, 0, 0, 0, 0, 0, 0]"
german spd loses support after television debate: poll,0,0,[],"[0, 0, 0, 0, 0, 0, 0, 0, 0, 0]"
top house democrat expects movement on puerto rico bill in days,0,0,[],"[0, 0, 0, 0, 0, 0, 0, 0, 0, 0]"
"retired general, ex-cia chief david petraeus to receive no further punishment",0,0,[],"[0, 0, 0, 0, 0, 0, 0, 0, 0, 0]"
"trump targets china trade, says plans serious measures",0,0,[],"[0, 0, 0, 0, 0, 0, 0, 0, 0, 0]"
"wealthy, educated voters fuel trump's east coast sweep",0,0,[],"[0, 0, 0, 0, 0, 0, 0, 0, 0, 0]"
"in their best red stilettos, german transvestites stomp on afd",0,1,[],"[0, 0, 0, 1, 0, 0, 0, 0, 1, 0]"
us senate may vote this week to add penalties for sex traffic sites -sources,0,0,[],"[0, 0, 0, 0, 0, 0, 0, 0, 0, 0]"
unexpected meeting at the white house before crucial healthcare vote,1,1,"[0, 0, 0, 1, 0, 0, 0, 0, 0, 0]","[0, 1, 0, 1, 0, 0, 0, 0, 0, 0]"
"cleveland, aclu agree on protest limits at republican convention",0,0,[],"[0, 0, 0, 0, 0, 0, 0, 0, 0, 0]"
trump plans to sanction countries for refusing to use dollar – bloomberg,0,0,[],"[0, 0, 0, 0, 0, 0, 0, 0, 0, 0]"
trump wants ex-goldman partner mnuchin to run u.s. treasury: fox business,0,0,[],"[0, 0, 0, 0, 0, 0, 0, 0, 0, 0]"
trump says he trusts putin's denials of election meddling,0,0,[],"[0, 0, 0, 0, 0, 0, 0, 0, 0, 0]"
groups sue to obtain white house visitor logs,0,0,[],"[0, 0, 0, 0, 0, 0, 0, 0, 0, 0]"
zimbabwe first lady sues in dispute over $1.35 million ring: state media,0,0,[],"[0, 0, 0, 0, 0, 0, 0, 0, 0, 0]"
"north korea moving airplanes, boosting defense after u.s. bomber flight: yonhap",0,0,[],"[0, 0, 0, 0, 0, 0, 0, 0, 0, 0]"
"400,000 children still displaced from mosul fighting: save the children",0,0,[],"[0, 0, 0, 0, 0, 0, 0, 0, 0, 0]"
you need to know about michigan's new school funding plan,1,1,"[0, 0, 0, 0, 0, 0, 1, 0, 0, 0]","[0, 0, 0, 0, 0, 0, 1, 0, 0, 0]"
trump campaign manager manafort offered to brief russian billionaire during 2016 race: washington post,0,0,[],"[0, 0, 0, 0, 0, 0, 0, 0, 0, 0]"
trump tweets he raised $13 million in 24 hours in online donations,0,0,[],"[0, 0, 0, 0, 0, 0, 0, 0, 0, 0]"
canadian teens tried to use christmas lights for bomb: prosecutor,0,0,[],"[0, 0, 0, 0, 0, 0, 0, 0, 0, 0]"
u.s. top court poised to overturn virginia ex-governor's bribery conviction,0,0,[],"[0, 0, 0, 0, 0, 0, 0, 0, 0, 0]"
"u.s. lawmaker probed on sex reports, second congressman denies charges",0,0,[],"[0, 0, 0, 0, 0, 0, 0, 0, 0, 0]"
the shocking divisions within the republican party on tax reform you need to know,1,1,"[0, 0, 1, 0, 1, 0, 0, 0, 0, 1]","[1, 1, 0, 0, 0, 0, 1, 0, 0, 0]"
uk forces may be deployed to help deliver gaza aid,0,0,[],"[0, 0, 0, 0, 0, 0, 0, 0, 0, 0]"
trump may have a surprising break coming from the supreme court,1,1,"[0, 0, 0, 0, 0, 0, 1, 0, 0, 0]","[0, 0, 0, 1, 0, 1, 0, 0, 0, 0]"
this cryptic tweet from hariri raises eyebrows,1,1,"[0, 1, 0, 0, 1, 0, 1, 0, 0, 0]","[1, 0, 0, 1, 0, 1, 0, 0, 0, 0]"
honduran electoral website shows president 1.59 percent points ahead,0,0,[],"[0, 0, 0, 0, 0, 0, 0, 0, 0, 0]"
this significant change in telegraph regulations may impact many,1,1,"[0, 0, 1, 1, 0, 0, 0, 0, 0, 0]","[0, 1, 0, 0, 0, 1, 0, 0, 0, 0]"
saudi crown prince calls iran leader 'new hitler': nyt,0,0,[],"[0, 0, 0, 0, 0, 0, 0, 0, 0, 0]"
mcconnell reveals why obama's tpp deal is unlikely to pass this year,1,0,"[0, 0, 0, 0, 0, 0, 0, 1, 0, 1]","[0, 0, 0, 0, 0, 0, 0, 0, 0, 0]"
the top insights from a powerful dining conversation on generational divides,1,1,"[0, 0, 1, 0, 1, 0, 0, 0, 0, 0]","[0, 1, 0, 0, 1, 0, 0, 0, 0, 0]"
muslim pilgrims converge on jamarat for symbolic stoning of the devil,0,0,[],"[0, 0, 0, 0, 0, 0, 0, 0, 0, 0]"
is mnuchin right about the hidden truth in market growth?,1,1,"[0, 0, 0, 1, 0, 0, 0, 0, 1, 1]","[1, 0, 0, 0, 0, 0, 0, 0, 0, 1]"
major irregularities in new york's primary voting spark concern,1,0,"[0, 1, 1, 0, 0, 0, 0, 0, 0, 0]","[0, 0, 0, 0, 0, 0, 0, 0, 0, 0]"
greek police arrest syrian suspected of terrorism overseas,0,0,[],"[0, 0, 0, 0, 0, 0, 0, 0, 0, 0]"
the unexpected connection between pence's comments and cold war ideology,1,1,"[1, 0, 0, 0, 1, 0, 0, 0, 1, 0]","[0, 0, 0, 1, 0, 0, 0, 0, 1, 0]"
australia pushes asylum seeker transfer in bid to close controversial camp,0,0,[],"[0, 0, 0, 0, 0, 0, 0, 0, 0, 0]"
you won’t guess what serbian and u.s. paratroopers are doing in their military exercise,1,1,"[0, 0, 0, 0, 0, 0, 0, 0, 1, 1]","[1, 0, 0, 0, 0, 0, 1, 0, 0, 0]"
factbox: top agricultural exports vulnerable to irma,0,0,[],"[0, 0, 0, 0, 0, 0, 0, 0, 0, 0]"
what this controversial trial says about international banking laws,1,1,"[0, 0, 0, 0, 0, 0, 1, 0, 1, 0]","[1, 0, 0, 0, 0, 1, 0, 0, 0, 1]"
what happens next after the prime minister's resignation in lebanon,1,1,"[0, 1, 0, 1, 0, 0, 0, 1, 0, 0]","[0, 0, 0, 0, 0, 0, 0, 1, 0, 1]"
"czech president very happy with trump win, says shares his views",0,0,[],"[0, 0, 0, 0, 0, 0, 0, 0, 0, 0]"
trump's surprising take on his tweets: what remains hidden behind his words,1,1,"[0, 1, 0, 0, 0, 0, 0, 0, 0, 1]","[1, 0, 0, 1, 0, 0, 0, 0, 1, 0]"
major police incident blocks vital east london road,1,0,"[0, 1, 0, 0, 0, 0, 0, 0, 0, 0]","[0, 0, 0, 0, 0, 0, 0, 0, 0, 0]"
supreme court arguments on idaho’s abortion ban: 5 takeaways,0,0,[],"[0, 0, 0, 0, 0, 0, 0, 0, 0, 0]"
"suicide bombers attack two afghan mosques, at least 72 dead",0,0,[],"[0, 0, 0, 0, 0, 0, 0, 0, 0, 0]"
aston villa v chelsea: premier league – live,0,0,[],"[0, 0, 0, 0, 0, 0, 0, 0, 0, 0]"
funding bill clears hurdle in house,0,0,[],"[0, 0, 0, 0, 0, 0, 0, 0, 0, 0]"
the top reasons why business groups are demanding urgent tax reform,1,1,"[0, 0, 1, 0, 1, 0, 0, 0, 0, 0]","[0, 1, 0, 1, 1, 0, 0, 0, 0, 0]"
what you don’t see in the lawmakers' quest for zika virus funding compromise,1,1,"[1, 0, 0, 0, 0, 0, 0, 0, 1, 0]","[1, 0, 0, 0, 0, 0, 1, 0, 0, 0]"
you won't believe how internet giants are fighting back in washington,1,1,"[0, 0, 0, 0, 0, 0, 1, 1, 1, 0]","[1, 0, 0, 1, 0, 0, 1, 0, 0, 0]"
rheinmetall ceo says turkey row holding up defense projects: dpa,0,0,[],"[0, 0, 0, 0, 0, 0, 0, 0, 0, 0]"
house republicans to take up disaster funding thursday,0,0,[],"[0, 0, 0, 0, 0, 0, 0, 0, 0, 0]"
jones certified u.s. senate winner despite moore challenge,0,0,[],"[0, 0, 0, 0, 0, 0, 0, 0, 0, 0]"
the shocking ordeal of twelve stowaways sent home after three months,1,1,"[0, 0, 0, 0, 0, 0, 0, 0, 0, 1]","[0, 1, 0, 1, 0, 0, 0, 0, 0, 0]"
travelers should be aware of something troubling happening in cuba,1,1,"[0, 0, 0, 0, 0, 1, 1, 0, 0, 0]","[0, 0, 1, 0, 0, 1, 1, 0, 0, 0]"
britain and u.s. tell nato allies to 'raise their game' on defense spending,0,0,[],"[0, 0, 0, 0, 0, 0, 0, 0, 0, 0]"
what does this mean for u.s. citizens imprisoned by iran,1,1,"[0, 0, 1, 0, 0, 0, 0, 0, 0, 1]","[0, 0, 0, 0, 0, 1, 0, 1, 0, 1]"
lebanese president says trump decision threatens stability,0,0,[],"[0, 0, 0, 0, 0, 0, 0, 0, 0, 0]"
what this investigation into the banned referendum could uncover,1,1,"[0, 0, 1, 0, 0, 0, 1, 0, 0, 1]","[1, 0, 0, 0, 0, 1, 0, 1, 0, 0]"
what happens next in the virtual tie for hillary clinton,1,1,"[1, 0, 0, 1, 0, 0, 0, 0, 0, 0]","[1, 0, 0, 0, 0, 0, 0, 1, 0, 1]"
the most concerning trend in the election according to the union pacific ceo,1,1,"[0, 0, 1, 0, 1, 0, 1, 0, 0, 0]","[0, 0, 1, 0, 1, 0, 0, 0, 0, 0]"
over 840 people injured in catalonia during referendum: catalonia regional government,0,0,[],"[0, 0, 0, 0, 0, 0, 0, 0, 0, 0]"
trump's plan to sell the northeast gasoline reserve raises major concerns,1,0,"[0, 0, 0, 1, 1, 0, 0, 0, 0, 0]","[0, 0, 0, 0, 0, 0, 0, 0, 0, 0]"
key points in juncker's 2017 annual eu address,0,0,[],"[0, 0, 0, 0, 0, 0, 0, 0, 0, 0]"
ireland says 'lot of work' needed to move to next phase of brexit talks,0,0,[],"[0, 0, 0, 0, 0, 0, 0, 0, 0, 0]"
pro-independence parties want catalan parliament to discuss independence on monday: report,0,0,[],"[0, 0, 0, 0, 0, 0, 0, 0, 0, 0]"
turkey's erdogan says u.s. decision on jerusalem disregards united nations,0,0,[],"[0, 0, 0, 0, 0, 0, 0, 0, 0, 0]"
the significant defense of the travel ban that could change everything,1,1,"[0, 1, 0, 0, 1, 0, 0, 0, 0, 1]","[0, 1, 0, 1, 0, 0, 0, 1, 0, 0]"
two senate republicans critical of party's tax plan,0,0,[],"[0, 0, 0, 0, 0, 0, 0, 0, 0, 0]"
"palestinians speed up gaza handover talks amid anger at u.s., israel",0,0,[],"[0, 0, 0, 0, 0, 0, 0, 0, 0, 0]"
outrage grows as trump targets insurers over healthcare subsidies,1,0,"[0, 0, 1, 0, 0, 0, 1, 0, 0, 0]","[0, 0, 0, 0, 0, 0, 0, 0, 0, 0]"
voters in maine approve expansion of medicaid under obamacare,0,0,[],"[0, 0, 0, 0, 0, 0, 0, 0, 0, 0]"
the shocking truth behind the saudi crown prince's royal purge,1,1,"[1, 1, 0, 0, 0, 0, 0, 0, 0, 0]","[1, 0, 1, 1, 0, 0, 0, 0, 0, 0]"
defense disputes nerve agent used to kill north korean leader's half-brother,0,0,[],"[0, 0, 0, 0, 0, 0, 0, 0, 0, 0]"
major implications of the saudi-turkish talks for you,1,1,"[0, 1, 0, 0, 0, 0, 1, 0, 0, 0]","[0, 1, 0, 0, 0, 0, 1, 0, 0, 0]"
what you don't know about rubio's stance on fed regulations,1,1,"[0, 0, 0, 0, 0, 0, 0, 1, 0, 0]","[1, 0, 0, 0, 0, 0, 1, 0, 0, 0]"
zimbabwe's ruling party to hold rally as anti-mugabe tide rises,0,0,[],"[0, 0, 0, 0, 0, 0, 0, 0, 0, 0]"
trump says options for dealing with north korea are 'overwhelming',0,0,[],"[0, 0, 0, 0, 0, 0, 0, 0, 0, 0]"
u.n. chief hopes trump will strengthen international cooperation,0,0,[],"[0, 0, 0, 0, 0, 0, 0, 0, 0, 0]"
"growing feud: trump, cruz escalate attacks on each other",0,0,[],"[0, 0, 0, 0, 0, 0, 0, 0, 0, 0]"
are you prepared for the new wall plans from homeland security,1,1,"[0, 0, 1, 0, 0, 0, 0, 0, 0, 1]","[0, 0, 0, 0, 0, 0, 1, 0, 0, 1]"
you won’t believe how mainstream ‘woke’ has become,1,1,"[0, 1, 0, 0, 1, 0, 1, 0, 0, 0]","[1, 0, 0, 1, 0, 0, 1, 0, 0, 0]"
dramatic calls from macron to iran and israel for lebanon's urgent stability,1,0,"[1, 1, 0, 0, 0, 0, 0, 0, 0, 0]","[0, 0, 0, 0, 0, 0, 0, 0, 0, 0]"
trump should stop attacking minority groups: senate's mcconnell,0,0,[],"[0, 0, 0, 0, 0, 0, 0, 0, 0, 0]"
philippines' duterte lauds china's help at 'crucial moment' in marawi battle,0,0,[],"[0, 0, 0, 0, 0, 0, 0, 0, 0, 0]"
"guantanamo, rights issues in defense bill divide congress",0,0,[],"[0, 0, 0, 0, 0, 0, 0, 0, 0, 0]"
mattis welcomes naming of trump's top security adviser: pentagon,0,0,[],"[0, 0, 0, 0, 0, 0, 0, 0, 0, 0]"
the major implications of the high court's decision on catalan leaders,1,0,"[0, 1, 0, 0, 0, 0, 1, 0, 0, 0]","[0, 0, 0, 0, 0, 0, 0, 0, 0, 0]"
senators reach deal to help state water programs after flint,0,0,[],"[0, 0, 0, 0, 0, 0, 0, 0, 0, 0]"
outrage grows as ukraine's anti-corruption bureau takes action,1,1,"[0, 0, 1, 0, 0, 0, 0, 0, 0, 0]","[0, 0, 1, 0, 0, 1, 0, 0, 0, 0]"
how trump's win could dramatically boost tourism in melania's hometown,1,1,"[0, 1, 0, 0, 1, 0, 0, 0, 0, 0]","[0, 1, 0, 1, 0, 0, 0, 0, 1, 0]"
trump says discussed forming cyber security unit with putin,0,0,[],"[0, 0, 0, 0, 0, 0, 0, 0, 0, 0]"
"u.s. judge to look into giuliani, mukasey's role in sanctions case",0,0,[],"[0, 0, 0, 0, 0, 0, 0, 0, 0, 0]"
something unexpected happens as aussies evacuate israel,1,1,"[0, 0, 0, 0, 0, 1, 0, 0, 0, 0]","[1, 0, 0, 1, 0, 1, 0, 0, 0, 0]"
white house: will not rule out more guantanamo releases this week,0,0,[],"[0, 0, 0, 0, 0, 0, 0, 0, 0, 0]"
what will come out of trump's meeting with house republicans?,1,1,"[0, 1, 0, 0, 1, 0, 0, 0, 0, 0]","[0, 0, 0, 0, 0, 0, 0, 1, 0, 1]"
"turkey summons u.s. embassy undersecretary, calls for end to visa dispute: sources",0,0,[],"[0, 0, 0, 0, 0, 0, 0, 0, 0, 0]"
philippine leader declares unilateral ceasefire for christmas,0,0,[],"[0, 0, 0, 0, 0, 0, 0, 0, 0, 0]"
what remains hidden about ireland's stance on brexit talks,1,1,"[1, 1, 1, 0, 0, 0, 0, 0, 0, 0]","[1, 0, 0, 0, 0, 0, 0, 0, 0, 0]"
no new u.s. administration is completely prepared: biden,0,0,[],"[0, 0, 0, 0, 0, 0, 0, 0, 0, 0]"
trump's latest tweets reveal a shocking twist on immigration and more,1,1,"[0, 0, 0, 0, 0, 0, 1, 0, 0, 1]","[1, 1, 0, 1, 0, 0, 0, 0, 0, 0]"
could this republican healthcare plan really pass the house,1,1,"[1, 0, 0, 0, 0, 1, 0, 1, 0, 0]","[0, 1, 0, 0, 0, 1, 0, 0, 0, 1]"
senate's schumer to meet with official named by cordray to lead cfpb,0,0,[],"[0, 0, 0, 0, 0, 0, 0, 0, 0, 0]"
u.s. says troubled by reports of another u.s. citizen jailed by iran,0,0,[],"[0, 0, 0, 0, 0, 0, 0, 0, 0, 0]"
"uk says has constructive relationship with ireland, will focus on brexit progress",0,0,[],"[0, 0, 0, 0, 0, 0, 0, 0, 0, 0]"
you won't believe the significant changes in the tax plan,1,1,"[0, 1, 0, 0, 0, 0, 1, 0, 0, 0]","[0, 1, 0, 1, 0, 0, 1, 0, 0, 0]"
trump says britain would be better off outside eu,0,0,[],"[0, 0, 0, 0, 0, 0, 0, 0, 0, 0]"
outrage grows as iranians protest trump's controversial move,1,0,"[0, 0, 0, 1, 0, 0, 1, 0, 0, 0]","[0, 0, 0, 0, 0, 0, 0, 0, 0, 0]"
"if threatened, u.s. will 'totally destroy' north korea, trump vows",0,0,[],"[0, 0, 0, 0, 0, 0, 0, 0, 0, 0]"
romney in mix with others for secretary of state: trump adviser,0,0,[],"[0, 0, 0, 0, 0, 0, 0, 0, 0, 0]"
trump's eldest son testifies to senate committee in russia probe,0,0,[],"[0, 0, 0, 0, 0, 0, 0, 0, 0, 0]"
what happens next with the proposed lifetime lobbying ban for ex-senators,1,1,"[1, 0, 0, 1, 0, 0, 0, 0, 1, 0]","[0, 0, 0, 0, 0, 0, 0, 1, 0, 1]"
the unfinished story behind germany's dropped spying probe,1,1,"[0, 0, 0, 0, 1, 1, 0, 1, 0, 0]","[1, 0, 0, 0, 0, 0, 0, 1, 0, 0]"
what does the return of thailand's 'floating basket' festival mean for you,1,1,"[0, 1, 0, 0, 0, 0, 1, 0, 0, 1]","[1, 0, 0, 0, 0, 0, 1, 0, 0, 1]"
why the imf is pushing ukraine on urgent reforms now,1,1,"[0, 0, 0, 0, 0, 0, 0, 0, 0, 1]","[1, 1, 0, 0, 0, 0, 0, 0, 0, 1]"
kerry launches talks with venezuela but backs disputed referendum,0,0,[],"[0, 0, 0, 0, 0, 0, 0, 0, 0, 0]"
colombia sees peace with eln rebels harder than farc,0,0,[],"[0, 0, 0, 0, 0, 0, 0, 0, 0, 0]"
trump allies falsely link reuters to claim detroit video feed was cut short,0,0,[],"[0, 0, 0, 0, 0, 0, 0, 0, 0, 0]"
"trump, top defense officials, discuss north korea options: white house",0,0,[],"[0, 0, 0, 0, 0, 0, 0, 0, 0, 0]"
nato's solidarity faces unprecedented challenges ahead,1,1,"[1, 0, 1, 1, 0, 0, 0, 0, 0, 0]","[0, 1, 0, 0, 0, 0, 0, 1, 0, 0]"
a certain move in the tax debate is drawing lobbyists' attention,1,1,"[0, 1, 0, 0, 0, 0, 1, 0, 0, 0]","[0, 0, 0, 0, 0, 1, 0, 0, 0, 0]"
the fear surrounding zuma's upcoming deadline on graft charges in south africa,1,0,"[0, 0, 1, 0, 0, 0, 0, 0, 0, 0]","[0, 0, 0, 0, 0, 0, 0, 0, 0, 0]"
what's behind trump's 'fine' relationship with republican lawmakers,1,1,"[1, 0, 0, 0, 0, 0, 0, 0, 0, 0]","[1, 0, 0, 0, 0, 0, 0, 0, 0, 1]"
what samakuva isn't telling us about stepping down,1,1,"[0, 0, 0, 0, 0, 1, 0, 0, 0, 0]","[1, 0, 0, 0, 0, 1, 1, 0, 0, 0]"
mcconnell calls army captain khan 'an american hero',0,0,[],"[0, 0, 0, 0, 0, 0, 0, 0, 0, 0]"
what remains hidden in the u.s. and iran nuclear debate?,1,1,"[1, 0, 0, 0, 1, 1, 0, 0, 0, 0]","[1, 0, 0, 0, 0, 0, 0, 0, 0, 1]"
what does xi's 'belt and road' really mean for the global economy,1,1,"[0, 0, 0, 0, 0, 0, 0, 0, 0, 1]","[1, 0, 0, 0, 0, 0, 0, 0, 0, 1]"
dramatic call for an eu probe of malta after shocking journalist murder,1,0,"[0, 1, 0, 0, 0, 0, 0, 0, 0, 0]","[0, 0, 0, 0, 0, 0, 0, 0, 0, 0]"
kimmel's fierce attack on the senator: what this means for healthcare,1,1,"[0, 0, 1, 0, 0, 1, 0, 0, 0, 1]","[1, 1, 0, 1, 0, 0, 0, 0, 0, 0]"
trump luxury hotel opens just blocks from the white house,0,0,[],"[0, 0, 0, 0, 0, 0, 0, 0, 0, 0]"
highlights: the trump presidency on april 26 at 9:12 p.m. edt/0112 gmt on april 27,0,0,[],"[0, 0, 0, 0, 0, 0, 0, 0, 0, 0]"
senator collins says undecided on final tax bill vote,0,0,[],"[0, 0, 0, 0, 0, 0, 0, 0, 0, 0]"
trump's dramatic claim: china's shocking currency manipulation revealed,1,1,"[0, 1, 0, 0, 1, 0, 0, 0, 0, 0]","[0, 1, 1, 1, 0, 0, 0, 0, 0, 0]"
saudi arabia to extract uranium for 'self-sufficient' nuclear program,0,0,[],"[0, 0, 0, 0, 0, 0, 0, 0, 0, 0]"
what happens next as senator durbin pushes for new gun laws,1,1,"[0, 0, 0, 0, 0, 1, 0, 0, 0, 1]","[0, 0, 0, 0, 0, 0, 0, 1, 0, 1]"
turkey opens military base in mogadishu to train somali soldiers,0,0,[],"[0, 0, 0, 0, 0, 0, 0, 0, 0, 0]"
dramatic battles continue as south sudan’s war drags on,1,0,"[0, 1, 0, 1, 0, 0, 0, 0, 0, 0]","[0, 0, 0, 0, 0, 0, 0, 0, 0, 0]"
ex-senator coats is top candidate for director of national intelligence: nbc news,0,0,[],"[0, 0, 0, 0, 0, 0, 0, 0, 0, 0]"
saudi arabia welcomes new u.s. strategy toward iran,0,0,[],"[0, 0, 0, 0, 0, 0, 0, 0, 0, 0]"
the dramatic developments in the trump presidency this week,1,1,"[0, 0, 0, 1, 0, 0, 0, 0, 0, 0]","[0, 1, 0, 1, 0, 0, 0, 0, 0, 0]"
top reasons to celebrate clinton's win regardless of your party,1,1,"[0, 0, 0, 0, 1, 0, 0, 0, 0, 0]","[0, 0, 0, 0, 1, 0, 1, 0, 0, 0]"
"the biden administration won't move to ban menthol cigarettes, after the white house weighed the potential public-health benefits of a ban against the political risk of angering black voters.",0,0,[],"[0, 0, 0, 0, 0, 0, 0, 0, 0, 0]"
the top contenders for obama's supreme court justice pick amid political drama,1,0,"[0, 0, 0, 1, 1, 0, 0, 0, 0, 1]","[0, 0, 0, 0, 0, 0, 0, 0, 0, 0]"
thailand's buddhism chief removed after pressure from religious groups,0,0,[],"[0, 0, 0, 0, 0, 0, 0, 0, 0, 0]"
what happens now that the deadline for mugabe has passed,1,1,"[1, 0, 0, 0, 0, 0, 0, 0, 1, 1]","[1, 0, 0, 0, 0, 0, 0, 1, 0, 1]"
what remains hidden in the pope's message to colombians about peace,1,1,"[1, 0, 0, 0, 0, 0, 0, 0, 0, 0]","[1, 0, 0, 0, 0, 0, 0, 0, 0, 0]"
u.s. national monument review to test key land protection law,0,0,[],"[0, 0, 0, 0, 0, 0, 0, 0, 0, 0]"
the dramatic pressure on blinken regarding chinese election interference,1,1,"[0, 1, 0, 0, 0, 1, 0, 0, 0, 0]","[0, 1, 0, 1, 0, 0, 0, 0, 0, 0]"
what happens next in the unfolding hamas-israel ceasefire talks,1,1,"[0, 1, 0, 0, 0, 0, 0, 0, 1, 1]","[0, 0, 0, 0, 0, 0, 0, 1, 0, 1]"
trump's shocking stance: a climate deal renegotiation is coming,1,1,"[0, 0, 0, 0, 0, 0, 1, 0, 0, 0]","[0, 1, 0, 1, 0, 0, 0, 0, 0, 0]"
what you don't see about the myanmar crisis could change everything,1,1,"[0, 0, 0, 0, 0, 0, 1, 0, 0, 0]","[1, 1, 0, 0, 0, 0, 1, 0, 0, 0]"
"as u.s. weighs afghan strategy, hopes set on fledgling air force",0,0,[],"[0, 0, 0, 0, 0, 0, 0, 0, 0, 0]"
"time to move on from algeria's colonial past, says france's macron",0,0,[],"[0, 0, 0, 0, 0, 0, 0, 0, 0, 0]"
trump says he would bar top aides from accepting speaking fees,0,0,[],"[0, 0, 0, 0, 0, 0, 0, 0, 0, 0]"
the most compelling reasons why the stateless deserve nationality now,1,1,"[0, 0, 0, 0, 1, 0, 0, 0, 0, 0]","[0, 1, 0, 1, 1, 0, 0, 0, 0, 0]"
ryan says u.s. congress will press for new sanctions against iran,0,0,[],"[0, 0, 0, 0, 0, 0, 0, 0, 0, 0]"
what trump's absence from the press dinner reveals about his plans,1,1,"[1, 1, 0, 0, 0, 0, 0, 0, 0, 0]","[1, 0, 0, 0, 0, 0, 0, 0, 0, 1]"
why did the u.s. and israel suddenly leave the u.n. heritage agency,1,1,"[0, 0, 0, 0, 0, 0, 0, 0, 0, 1]","[1, 0, 0, 1, 0, 0, 0, 0, 0, 1]"
exclusive: trump administration eyes hardening line toward pakistan,0,0,[],"[0, 0, 0, 0, 0, 0, 0, 0, 0, 0]"
iraq's top shi'ite cleric sistani opposes secession of kurdish region,0,0,[],"[0, 0, 0, 0, 0, 0, 0, 0, 0, 0]"
hong kong faces a crucial moment as china issues a dramatic reminder about its security law duty,1,1,"[0, 0, 0, 0, 1, 0, 0, 0, 0, 0]","[0, 1, 0, 1, 0, 0, 0, 0, 0, 0]"
death toll from vietnam storm tops 60 and dams near bursting,0,0,[],"[0, 0, 0, 0, 0, 0, 0, 0, 0, 0]"
why are labor unions divided over the latest strike call in france?,1,0,"[0, 1, 0, 1, 0, 0, 0, 0, 0, 1]","[0, 0, 0, 0, 0, 0, 0, 0, 0, 0]"
what remains unclear as the trump administration faces the top court,1,1,"[1, 0, 0, 0, 0, 0, 0, 0, 1, 1]","[1, 0, 0, 0, 1, 0, 0, 1, 0, 0]"
representative conyers' future plans to be discussed in 'next day or so': attorney,0,0,[],"[0, 0, 0, 0, 0, 0, 0, 0, 0, 0]"
who will emerge as the top candidate in the senate races,1,1,"[0, 0, 0, 0, 1, 0, 0, 0, 0, 1]","[0, 0, 0, 0, 1, 0, 0, 1, 0, 1]"
the unexpected resignations shaking the dnc you need to know about,1,1,"[0, 1, 0, 0, 0, 0, 0, 1, 0, 0]","[1, 0, 0, 1, 0, 0, 1, 0, 0, 0]"
microsoft president urges congress: put dreamers before tax reform,0,0,[],"[0, 0, 0, 0, 0, 0, 0, 0, 0, 0]"
trump believes obama was born in the united states: campaign,0,0,[],"[0, 0, 0, 0, 0, 0, 0, 0, 0, 0]"
"evacuated islamic state fighters reach syria's deir al-zor, pro-damascus commander says",0,0,[],"[0, 0, 0, 0, 0, 0, 0, 0, 0, 0]"
"blast hits afghan capital kabul, numerous casualties",0,0,[],"[0, 0, 0, 0, 0, 0, 0, 0, 0, 0]"
the surprising connection between mccain and trump's claims,1,1,"[0, 1, 0, 0, 0, 0, 0, 0, 1, 0]","[0, 0, 0, 1, 0, 0, 0, 0, 1, 0]"
sidelined healthcare lobby stymies republican healthcare effort,0,0,[],"[0, 0, 0, 0, 0, 0, 0, 0, 0, 0]"
what you need to know about the charges against temer's party,1,1,"[1, 0, 0, 0, 0, 0, 0, 0, 0, 0]","[1, 0, 0, 0, 0, 0, 1, 0, 0, 0]"
the shocking changes to myanmar sanctions you need to know,1,1,"[0, 0, 1, 1, 0, 1, 0, 0, 0, 0]","[1, 0, 0, 1, 0, 0, 1, 0, 0, 0]"
senators are questioning uhs like never before,1,1,"[0, 0, 0, 0, 0, 0, 1, 0, 0, 0]","[0, 1, 0, 1, 1, 0, 0, 0, 0, 0]"
what remains hidden about guillier's chances in chile,1,1,"[0, 0, 0, 0, 0, 0, 0, 1, 0, 0]","[1, 0, 0, 0, 0, 0, 0, 0, 0, 1]"
what remains hidden about the zanu-pf meeting on mugabe's future,1,1,"[1, 0, 1, 0, 0, 0, 0, 0, 0, 1]","[1, 0, 0, 0, 0, 0, 0, 0, 0, 0]"
"head of senate panel says near deal on russia, iran sanctions vote",0,0,[],"[0, 0, 0, 0, 0, 0, 0, 0, 0, 0]"
mccain's concerns about obama's budget request raise serious questions,1,1,"[0, 0, 0, 0, 0, 0, 0, 1, 0, 0]","[1, 1, 0, 0, 0, 0, 0, 0, 0, 0]"
what's behind the hispanic coalition's plea to trump,1,1,"[1, 0, 0, 0, 0, 1, 0, 0, 0, 1]","[1, 0, 0, 0, 0, 0, 0, 0, 0, 1]"
trump's shocking stance on boeing's air force one contract will surprise you,1,1,"[0, 0, 0, 1, 0, 0, 1, 0, 1, 0]","[0, 1, 0, 1, 0, 0, 1, 0, 0, 0]"
what happens next after trump's explosive news conference,1,1,"[0, 0, 0, 0, 0, 0, 1, 1, 1, 0]","[0, 1, 0, 0, 0, 0, 0, 1, 0, 1]"
saudi arabia does not believe iran abiding by nuclear deal: minister,0,0,[],"[0, 0, 0, 0, 0, 0, 0, 0, 0, 0]"
investigative journalist attacked in kosovo,0,0,[],"[0, 0, 0, 0, 0, 0, 0, 0, 0, 0]"
what the biden administration isn’t telling you about menthol cigarettes,1,1,"[0, 0, 0, 1, 1, 0, 0, 0, 0, 1]","[1, 0, 0, 0, 0, 0, 1, 0, 0, 0]"
obama on trump victory: we are now all rooting for his success,0,0,[],"[0, 0, 0, 0, 0, 0, 0, 0, 0, 0]"
osaka and san francisco's sister city bond faces an unexpected rupture,1,1,"[0, 0, 1, 0, 0, 1, 1, 0, 0, 0]","[0, 0, 0, 1, 0, 0, 0, 0, 1, 0]"
white house slams russia over veto on syria chemical weapons probe,0,0,[],"[0, 0, 0, 0, 0, 0, 0, 0, 0, 0]"
"some republican pundits, politicians remain defiantly #nevertrump",0,0,[],"[0, 0, 0, 0, 0, 0, 0, 0, 0, 0]"
the crucial agenda items that remain hidden in obama-trudeau talks,1,1,"[1, 0, 0, 0, 1, 1, 0, 0, 0, 0]","[1, 1, 0, 0, 0, 0, 0, 0, 0, 0]"
what the kremlin isn't saying about the u.s. embassy move to jerusalem,1,1,"[0, 0, 0, 0, 0, 0, 0, 0, 1, 0]","[1, 0, 0, 0, 0, 0, 0, 0, 0, 0]"
what happens next with the senate's tax bill vote?,1,1,"[0, 0, 0, 0, 0, 0, 0, 1, 0, 0]","[0, 0, 0, 0, 0, 0, 0, 1, 0, 1]"
the unprecedented call for bill clinton to resolve northern ireland's crisis,1,1,"[0, 1, 0, 0, 0, 0, 0, 0, 1, 0]","[0, 1, 0, 1, 0, 0, 0, 0, 0, 0]"
the surprising friendship that changed j.d. vance's political future,1,1,"[0, 0, 0, 1, 0, 0, 0, 0, 0, 0]","[0, 0, 0, 1, 0, 1, 0, 0, 1, 0]"
what's at stake for asylum seekers on manus island right now,1,1,"[0, 0, 0, 0, 0, 0, 0, 1, 0, 1]","[1, 0, 0, 0, 0, 0, 0, 0, 0, 1]"
russia accuses cnn international of violating russian media law,0,0,[],"[0, 0, 0, 0, 0, 0, 0, 0, 0, 0]"
is california's new gun law a significant move against violence,1,1,"[0, 1, 1, 0, 0, 0, 0, 0, 0, 1]","[0, 1, 0, 0, 0, 0, 0, 0, 0, 1]"
the outrage over the attack on cattle herders in nigeria,1,0,"[0, 0, 1, 0, 0, 0, 1, 0, 0, 0]","[0, 0, 0, 0, 0, 0, 0, 0, 0, 0]"
european parliament urges eu probe of malta after journalist killed,0,0,[],"[0, 0, 0, 0, 0, 0, 0, 0, 0, 0]"
is the fbi investigation into icahn's biofuels push significant,1,0,"[0, 1, 0, 0, 0, 0, 0, 0, 0, 0]","[0, 0, 0, 0, 0, 0, 0, 0, 0, 0]"
"suspected u.s. drone strike targets militants in pakistan, regional official says",0,0,[],"[0, 0, 0, 0, 0, 0, 0, 0, 0, 0]"
trump administration again declines to name china currency manipulator,0,0,[],"[0, 0, 0, 0, 0, 0, 0, 0, 0, 0]"
report accuses tennessee lawmaker of inappropriate sexual conduct,0,0,[],"[0, 0, 0, 0, 0, 0, 0, 0, 0, 0]"
the unexpected outcome of murphy's victory in new jersey's governor election,1,1,"[0, 1, 0, 1, 0, 0, 1, 0, 0, 0]","[1, 0, 0, 1, 0, 0, 0, 0, 0, 0]"
the significant questions lawmakers have for kushner that must be answered,1,1,"[1, 0, 1, 0, 1, 0, 0, 0, 0, 0]","[0, 1, 0, 1, 0, 0, 0, 0, 0, 0]"
the unsettling truth about trump's nuclear plans unfolds,1,1,"[0, 0, 0, 1, 0, 0, 0, 0, 0, 1]","[0, 0, 1, 1, 0, 0, 0, 1, 0, 0]"
venture capitalists sue trump admin over foreign entrepreneur rule delay,0,0,[],"[0, 0, 0, 0, 0, 0, 0, 0, 0, 0]"
republican party chairman calls meeting with trump a step toward unity,0,0,[],"[0, 0, 0, 0, 0, 0, 0, 0, 0, 0]"
what the house of representatives is about to reveal about iran will amaze you,1,1,"[0, 0, 0, 0, 0, 0, 1, 0, 1, 0]","[1, 0, 1, 0, 0, 0, 1, 0, 0, 0]"
you won't believe what the 9/11 report revealed about saudi ties,1,1,"[0, 0, 0, 1, 0, 1, 1, 0, 0, 0]","[1, 1, 0, 0, 0, 0, 1, 0, 0, 0]"
hezbollah says u.s. sanctions aim to stir unrest in lebanon,0,0,[],"[0, 0, 0, 0, 0, 0, 0, 0, 0, 0]"
what you didn’t expect from senator cochran's postponed return to washington,1,1,"[0, 0, 0, 1, 0, 0, 0, 0, 1, 0]","[1, 0, 0, 0, 0, 0, 1, 0, 0, 0]"
this unexpected alliance could change everything for theresa may,1,1,"[0, 0, 0, 0, 0, 0, 0, 0, 1, 0]","[0, 1, 0, 0, 0, 1, 0, 0, 1, 0]"
the unexpected fallout from the new election day registration limits,1,1,"[0, 0, 0, 0, 0, 0, 0, 0, 1, 0]","[0, 0, 0, 1, 0, 1, 0, 0, 1, 0]"
muslims flee indian village after singer killed in argument with hindu priest - police,0,0,[],"[0, 0, 0, 0, 0, 0, 0, 0, 0, 0]"
"medical supplies, u.n. aid workers reach yemen after blockade eased",0,0,[],"[0, 0, 0, 0, 0, 0, 0, 0, 0, 0]"
china says defense ties inject 'positive energy' into u.s. relations,0,0,[],"[0, 0, 0, 0, 0, 0, 0, 0, 0, 0]"
"amid opposition, trump makes low budget request for mexico border wall",0,0,[],"[0, 0, 0, 0, 0, 0, 0, 0, 0, 0]"
what happens next as supporters rally at the supreme court,1,1,"[0, 0, 0, 0, 0, 0, 0, 1, 0, 1]","[0, 0, 0, 0, 0, 0, 0, 1, 0, 1]"
putin's regret over giving top honor to u.s. diplomat raises eyebrows,1,1,"[0, 0, 0, 0, 1, 0, 0, 0, 0, 0]","[0, 0, 0, 1, 1, 0, 0, 0, 0, 0]"
what scotland and wales are demanding in writing will surprise you,1,1,"[1, 0, 0, 0, 0, 0, 0, 0, 0, 0]","[1, 0, 0, 1, 0, 0, 1, 0, 0, 0]"
what remains unclear after the court's decision on the consumer agency,1,1,"[1, 0, 0, 0, 1, 0, 0, 1, 0, 0]","[1, 0, 0, 0, 0, 0, 0, 1, 0, 1]"
something as simple as a typo could impact your vote,1,1,"[0, 0, 0, 0, 0, 1, 0, 0, 0, 0]","[0, 0, 0, 1, 0, 0, 1, 0, 1, 0]"
"putin declares ""complete victory"" on both banks of euphrates in syria",0,0,[],"[0, 0, 0, 0, 0, 0, 0, 0, 0, 0]"
judge seals all video depositions in clinton email case: the hill,0,0,[],"[0, 0, 0, 0, 0, 0, 0, 0, 0, 0]"
"japan, u.s. did not discuss currencies in economic talks: government official",0,0,[],"[0, 0, 0, 0, 0, 0, 0, 0, 0, 0]"
why the saudi king's latest judicial appointments are raising eyebrows,1,1,"[0, 0, 0, 0, 0, 0, 0, 0, 1, 0]","[1, 0, 0, 1, 0, 0, 0, 0, 0, 1]"
"china confirms will amend party constitution, likely to include xi's theories",0,0,[],"[0, 0, 0, 0, 0, 0, 0, 0, 0, 0]"
"u.s. lawmakers want russia sanctions over hacking, ukraine, syria",0,0,[],"[0, 0, 0, 0, 0, 0, 0, 0, 0, 0]"
the shocking truth behind public pension funds and trump's wealth,1,1,"[1, 1, 0, 0, 0, 0, 0, 0, 0, 0]","[1, 1, 0, 1, 0, 0, 0, 0, 0, 0]"
what happens next at the spanish embassy in athens,1,1,"[0, 0, 0, 0, 0, 0, 0, 1, 0, 1]","[0, 0, 0, 0, 0, 0, 0, 1, 0, 1]"
"russian, israeli leaders discuss iran nuclear program, syria, iraq",0,0,[],"[0, 0, 0, 0, 0, 0, 0, 0, 0, 0]"
"trump says he, mexican leader discussed border wall but not who pays",0,0,[],"[0, 0, 0, 0, 0, 0, 0, 0, 0, 0]"
"china considers three-year jail terms for disrespecting national anthem, flag",0,0,[],"[0, 0, 0, 0, 0, 0, 0, 0, 0, 0]"
"trump, without evidence, cites ukraine ties to ex-rival clinton",0,0,[],"[0, 0, 0, 0, 0, 0, 0, 0, 0, 0]"
something unexpected is happening during tillerson's turkey visit,1,1,"[0, 0, 0, 0, 0, 1, 0, 0, 1, 0]","[1, 0, 0, 1, 0, 1, 0, 0, 0, 0]"
mexico's meade to seek nomination of ruling pri party,0,0,[],"[0, 0, 0, 0, 0, 0, 0, 0, 0, 0]"
zimbabwe's ruling party says will never succumb to army threats,0,0,[],"[0, 0, 0, 0, 0, 0, 0, 0, 0, 0]"
california legislature sends $122.5 billion budget to governor,0,0,[],"[0, 0, 0, 0, 0, 0, 0, 0, 0, 0]"
is germany's anti-nuclear campaign the most significant of its time,1,1,"[0, 0, 0, 1, 0, 0, 0, 0, 0, 1]","[0, 1, 0, 0, 1, 0, 0, 0, 0, 1]"
"trump bashes clinton, promises not to become boring",0,0,[],"[0, 0, 0, 0, 0, 0, 0, 0, 0, 0]"
hope for antigua as it seeks resolution on long-standing wto bill,1,0,"[0, 0, 1, 0, 1, 1, 0, 0, 0, 0]","[0, 0, 0, 0, 0, 0, 0, 0, 0, 0]"
eu's schulz says working with trump will be 'harder',0,0,[],"[0, 0, 0, 0, 0, 0, 0, 0, 0, 0]"
significant progress as house panel advances crucial tax reform measure,1,0,"[0, 0, 0, 1, 0, 0, 0, 0, 0, 0]","[0, 0, 0, 0, 0, 0, 0, 0, 0, 0]"
saudi king salman says determined to confront corruption,0,0,[],"[0, 0, 0, 0, 0, 0, 0, 0, 0, 0]"
iraqi forces breach islamic state stronghold tal afar: statement,0,0,[],"[0, 0, 0, 0, 0, 0, 0, 0, 0, 0]"
search ends for bodies in mexico city after earthquake,0,0,[],"[0, 0, 0, 0, 0, 0, 0, 0, 0, 0]"
defecting north korean soldier critical after escape in hail of bullets,0,0,[],"[0, 0, 0, 0, 0, 0, 0, 0, 0, 0]"
outrage grows over mnuchin's ties to offshore tax havens,1,0,"[0, 0, 1, 0, 0, 1, 0, 0, 0, 0]","[0, 0, 0, 0, 0, 0, 0, 0, 0, 0]"
trump's defense chief on intelligence uproar: 'i'm not worried',0,0,[],"[0, 0, 0, 0, 0, 0, 0, 0, 0, 0]"
"south sudan government, rebel groups sign ceasefire",0,0,[],"[0, 0, 0, 0, 0, 0, 0, 0, 0, 0]"
tunisia to hold long-delayed municipal vote in 2018,0,0,[],"[0, 0, 0, 0, 0, 0, 0, 0, 0, 0]"
"trump questions nato, asia nuclear weapons ahead of washington summit",0,0,[],"[0, 0, 0, 0, 0, 0, 0, 0, 0, 0]"
the shocking truth behind the republican elite's support for trump,1,1,"[1, 1, 0, 0, 0, 0, 0, 0, 0, 0]","[1, 0, 0, 1, 0, 0, 0, 0, 0, 0]"
this shocking number of people are still without power in the southeast,1,1,"[1, 0, 1, 0, 0, 0, 0, 0, 0, 0]","[0, 1, 0, 1, 0, 1, 0, 0, 0, 0]"
six people believed injured in suspected london acid attack,0,0,[],"[0, 0, 0, 0, 0, 0, 0, 0, 0, 0]"
the dramatic implications of the war crimes court's burundi investigation,1,1,"[0, 1, 0, 1, 0, 0, 0, 1, 0, 0]","[0, 1, 0, 1, 0, 0, 0, 0, 0, 0]"
you won’t believe what the judge decided about virginia's voter id law,1,1,"[0, 0, 0, 0, 0, 0, 1, 0, 0, 0]","[1, 1, 0, 0, 0, 0, 1, 0, 0, 0]"
danish fishermen could be hit hard by brexit: research report,0,0,[],"[0, 0, 0, 0, 0, 0, 0, 0, 0, 0]"
what remains unclear about trump team's agency briefings,1,1,"[0, 0, 0, 0, 0, 0, 0, 1, 0, 1]","[1, 0, 0, 0, 0, 0, 0, 1, 0, 1]"
"only five ministers, attorney general turn up for zimbabwe cabinet meeting: sources",0,0,[],"[0, 0, 0, 0, 0, 0, 0, 0, 0, 0]"
what remains hidden in trump's trust of putin's claims about meddling,1,1,"[1, 0, 0, 0, 1, 0, 0, 0, 1, 0]","[1, 0, 0, 0, 0, 0, 0, 0, 0, 1]"
"christie slammed on social media, new jersey press urges resignation",0,0,[],"[0, 0, 0, 0, 0, 0, 0, 0, 0, 0]"
egypt praises trump criticism of media coverage of attacks,0,0,[],"[0, 0, 0, 0, 0, 0, 0, 0, 0, 0]"
sanders's fiery remarks on puerto rico's colonialism raise eyebrows,1,1,"[0, 1, 0, 1, 0, 0, 0, 0, 0, 0]","[0, 1, 0, 1, 0, 0, 0, 0, 0, 0]"
antitrust head baer to serve as no. 3 at justice department,0,0,[],"[0, 0, 0, 0, 0, 0, 0, 0, 0, 0]"
clinton's promise to address police killings sparks hope among activists,1,0,"[0, 0, 1, 0, 0, 0, 0, 0, 0, 0]","[0, 0, 0, 0, 0, 0, 0, 0, 0, 0]"
significant developments in nafta could reshape north america's future,1,1,"[0, 1, 1, 0, 0, 0, 0, 0, 0, 0]","[0, 1, 0, 1, 0, 0, 0, 0, 0, 0]"
u.s.-backed forces capture big gas field in syria's deir al-zor: senior commander,0,0,[],"[0, 0, 0, 0, 0, 0, 0, 0, 0, 0]"
ryan's full confidence in the election probe raises significant questions,1,1,"[0, 0, 0, 0, 1, 0, 0, 1, 0, 0]","[1, 1, 0, 1, 0, 0, 0, 0, 0, 0]"
u.s. intel report says putin directed cyber campaign aimed at helping trump,0,0,[],"[0, 0, 0, 0, 0, 0, 0, 0, 0, 0]"
outrage as only five ministers show up for crucial zimbabwe meeting,1,0,"[0, 0, 0, 1, 0, 0, 1, 0, 0, 1]","[0, 0, 0, 0, 0, 0, 0, 0, 0, 0]"
"for trump's defenders, white house turmoil is politics as usual",0,0,[],"[0, 0, 0, 0, 0, 0, 0, 0, 0, 0]"
u.s. coal companies ask trump to stick with paris climate deal,0,0,[],"[0, 0, 0, 0, 0, 0, 0, 0, 0, 0]"
something big is brewing in the clinton probe,1,1,"[0, 0, 0, 0, 0, 1, 0, 0, 0, 0]","[0, 1, 0, 0, 0, 1, 0, 1, 0, 0]"
what's driving the u.s. to invest in media freedom in hungary,1,1,"[0, 0, 0, 0, 0, 0, 0, 1, 0, 0]","[1, 0, 0, 0, 0, 0, 0, 0, 0, 1]"
top montana congressman-elect faces sentencing after altercation,1,0,"[0, 0, 0, 1, 1, 0, 1, 0, 0, 0]","[0, 0, 0, 0, 0, 0, 0, 0, 0, 0]"
"senator lindsey graham wants billions in emergency funds for egypt, jordan, lebanon",0,0,[],"[0, 0, 0, 0, 0, 0, 0, 0, 0, 0]"
qatar says trump wants to fix gulf crisis with dialogue,0,0,[],"[0, 0, 0, 0, 0, 0, 0, 0, 0, 0]"
trump muslim comments do not tarnish view of u.s. freedoms abroad: ambassador,0,0,[],"[0, 0, 0, 0, 0, 0, 0, 0, 0, 0]"
lebanon's jumblatt criticizes saudi over hariri,0,0,[],"[0, 0, 0, 0, 0, 0, 0, 0, 0, 0]"
the latest air strikes in somalia raise concerns about the ongoing threat of al shabaab,1,0,"[0, 0, 1, 0, 0, 0, 0, 0, 0, 0]","[0, 0, 0, 0, 0, 0, 0, 0, 0, 0]"
chicago projects shrinking budget gaps in 2017 and 2018,0,0,[],"[0, 0, 0, 0, 0, 0, 0, 0, 0, 0]"
protest greets former trump adviser bannon at hong kong investor event,0,0,[],"[0, 0, 0, 0, 0, 0, 0, 0, 0, 0]"
what should you know about democrats' strategy against the high court nominee,1,1,"[0, 0, 0, 0, 0, 0, 0, 0, 0, 1]","[1, 0, 0, 0, 0, 0, 1, 0, 0, 1]"
uk terrorism arrests soar to record level after attacks this year,0,0,[],"[0, 0, 0, 0, 0, 0, 0, 0, 0, 0]"
eu should impose more sanctions on north korea-foreign policy chief,0,0,[],"[0, 0, 0, 0, 0, 0, 0, 0, 0, 0]"
the unprecedented effort by the u.n. to secure foreign support for libya,1,0,"[0, 1, 0, 0, 0, 0, 0, 0, 0, 0]","[0, 0, 0, 0, 0, 0, 0, 0, 0, 0]"
you need to know how nato views the catalonia situation,1,1,"[0, 0, 0, 0, 0, 0, 1, 0, 0, 0]","[1, 0, 0, 0, 0, 0, 1, 0, 0, 0]"
this biofuels order from the white house could change everything,1,1,"[0, 0, 0, 0, 0, 1, 0, 0, 0, 0]","[0, 1, 0, 1, 0, 0, 0, 1, 0, 0]"
former california lawmaker sentenced for laundering bribe to his brother,0,0,[],"[0, 0, 0, 0, 0, 0, 0, 0, 0, 0]"
russia's putin hosts assad in fresh drive for syria peace deal,0,0,[],"[0, 0, 0, 0, 0, 0, 0, 0, 0, 0]"
you won't believe clinton's latest online wager surge,1,1,"[0, 0, 0, 0, 0, 0, 1, 0, 1, 0]","[1, 0, 0, 1, 0, 0, 1, 0, 0, 0]"
appeals court upholds ohio law that shortens early voting,0,0,[],"[0, 0, 0, 0, 0, 0, 0, 0, 0, 0]"
"as canada prepares for legal pot, ex-cops get into the business",0,0,[],"[0, 0, 0, 0, 0, 0, 0, 0, 0, 0]"
mexican president to meet with trump at g20,0,0,[],"[0, 0, 0, 0, 0, 0, 0, 0, 0, 0]"
"trump says will work with congress on grants, loans for puerto rico",0,0,[],"[0, 0, 0, 0, 0, 0, 0, 0, 0, 0]"
british ministers rally around foreign secretary johnson over iran,0,0,[],"[0, 0, 0, 0, 0, 0, 0, 0, 0, 0]"
trump pulls out of republican debate in iowa,0,0,[],"[0, 0, 0, 0, 0, 0, 0, 0, 0, 0]"
top reasons why haftar believes u.n. government is obsolete,1,1,"[0, 0, 0, 0, 1, 0, 0, 0, 0, 0]","[0, 0, 0, 0, 1, 0, 0, 0, 0, 0]"
kremlin says head of chechnya to remain despite talk of quitting,0,0,[],"[0, 0, 0, 0, 0, 0, 0, 0, 0, 0]"
white house does not yet have plan on debt limit: budget chief,0,0,[],"[0, 0, 0, 0, 0, 0, 0, 0, 0, 0]"
what happens now as catalans begin voting in the independence referendum,1,1,"[0, 0, 1, 0, 0, 0, 0, 1, 0, 1]","[1, 0, 0, 0, 0, 0, 0, 1, 0, 1]"
investors are left questioning trump's silicon valley appeal,1,1,"[0, 0, 0, 0, 0, 0, 1, 0, 0, 0]","[0, 0, 0, 1, 0, 0, 1, 0, 1, 0]"
this shocking event in kabul leaves many questions unanswered,1,1,"[0, 0, 0, 0, 0, 1, 0, 0, 0, 0]","[1, 0, 0, 1, 0, 0, 0, 1, 0, 0]"
significant changes coming to australian airport security after shocking attack,1,1,"[0, 1, 0, 0, 0, 0, 0, 0, 0, 0]","[0, 1, 0, 1, 0, 0, 0, 0, 0, 0]"
harris corp wins $1.7 billion u.s. defense contract: pentagon,0,0,[],"[0, 0, 0, 0, 0, 0, 0, 0, 0, 0]"
why this court ruling on debauchery might surprise you,1,1,"[0, 0, 0, 0, 0, 0, 1, 0, 0, 0]","[0, 0, 0, 0, 0, 1, 1, 0, 0, 1]"
democratic party workers pore over videos in bid to hobble trump,0,0,[],"[0, 0, 0, 0, 0, 0, 0, 0, 0, 0]"
"trump can't stop american progress on climate, al gore tells cannes",0,0,[],"[0, 0, 0, 0, 0, 0, 0, 0, 0, 0]"
surge in u.s. latino vote could be elusive in presidential election: survey,0,0,[],"[0, 0, 0, 0, 0, 0, 0, 0, 0, 0]"
what saudi leaders really think about trump's iran stance,1,1,"[0, 0, 0, 0, 0, 1, 1, 0, 1, 0]","[1, 0, 0, 0, 0, 0, 0, 0, 0, 1]"
kremlin: u.s. lethal weapons supplies to ukraine won't promote stability,0,0,[],"[0, 0, 0, 0, 0, 0, 0, 0, 0, 0]"
trump's surprising remarks after the settlements vote could change everything,1,1,"[0, 1, 0, 0, 0, 0, 0, 0, 0, 1]","[0, 1, 0, 1, 0, 0, 0, 0, 0, 0]"
yemeni al qaeda leader calls for attacks in support of myanmar's rohingya,0,0,[],"[0, 0, 0, 0, 0, 0, 0, 0, 0, 0]"
anthony weiner checks into sex addiction rehab clinic: daily mail,0,0,[],"[0, 0, 0, 0, 0, 0, 0, 0, 0, 0]"
"trump on twitter (aug 16)- manufacturing council, policy forum",0,0,[],"[0, 0, 0, 0, 0, 0, 0, 0, 0, 0]"
u.s. military to indefinitely delay ban on cluster bombs,0,0,[],"[0, 0, 0, 0, 0, 0, 0, 0, 0, 0]"
what you don’t see: meirelles' surprising decision on presidency,1,1,"[1, 0, 0, 0, 1, 0, 0, 0, 0, 0]","[1, 0, 0, 0, 0, 0, 1, 0, 0, 0]"
hawaii renews bid to narrow trump travel ban,0,0,[],"[0, 0, 0, 0, 0, 0, 0, 0, 0, 0]"
what happens next after hurricane irma devastates saint martin,1,1,"[0, 0, 0, 0, 0, 0, 0, 0, 1, 1]","[0, 0, 0, 1, 0, 0, 0, 1, 0, 1]"
lebanon's surprising intentions for better ties with saudi arabia,1,1,"[0, 0, 0, 1, 0, 0, 0, 1, 0, 0]","[0, 0, 0, 1, 0, 0, 0, 0, 1, 0]"
the surprising details you need to know about first-time voters in the u.s. election,1,1,"[1, 0, 0, 0, 0, 0, 0, 0, 0, 1]","[1, 0, 0, 1, 0, 0, 1, 0, 0, 0]"
concern rises over the rapid troop withdrawal from afghanistan,1,0,"[0, 0, 0, 0, 0, 1, 0, 0, 0, 0]","[0, 0, 0, 0, 0, 0, 0, 0, 0, 0]"
barnier says only off-the-peg deals open to britain post-brexit,0,0,[],"[0, 0, 0, 0, 0, 0, 0, 0, 0, 0]"
top senate republican: will move on healthcare when support coalesces,0,0,[],"[0, 0, 0, 0, 0, 0, 0, 0, 0, 0]"
the unsettling implications of clinton's claims about russian hackers,1,1,"[0, 0, 0, 0, 0, 0, 1, 1, 0, 0]","[0, 1, 1, 0, 0, 0, 0, 0, 0, 0]"
the top contender for u.s. health agency will shock you,1,1,"[0, 0, 0, 0, 1, 0, 1, 0, 0, 0]","[0, 0, 1, 0, 1, 0, 1, 0, 0, 0]"
shots fired by u.s. military personnel to stop man forcing entry onto british base,0,0,[],"[0, 0, 0, 0, 0, 0, 0, 0, 0, 0]"
pope ordains priests in bangladesh ahead of meeting with rohingya,0,0,[],"[0, 0, 0, 0, 0, 0, 0, 0, 0, 0]"
the unexpected stance merkel takes on the u.s. and north korea dispute,1,1,"[0, 0, 0, 0, 1, 0, 0, 0, 1, 0]","[1, 1, 0, 1, 0, 0, 0, 0, 0, 0]"
the shocking truth behind the shelling in marshland,1,1,"[0, 0, 0, 0, 0, 0, 0, 0, 1, 0]","[1, 0, 1, 0, 0, 0, 0, 0, 0, 0]"
this surprising connection between exxon and russia's next secretary of state,1,1,"[1, 0, 0, 0, 1, 0, 1, 0, 0, 0]","[1, 0, 0, 1, 0, 0, 0, 0, 1, 0]"
trump's first endorsement could change everything in congress,1,1,"[0, 1, 0, 0, 0, 0, 0, 0, 0, 0]","[0, 1, 0, 1, 1, 0, 0, 0, 0, 0]"
u.s. supreme court rejects texas appeal over voter id law,0,0,[],"[0, 0, 0, 0, 0, 0, 0, 0, 0, 0]"
eu commission says all sides should stick to iran deal terms,0,0,[],"[0, 0, 0, 0, 0, 0, 0, 0, 0, 0]"
saudi minister visits north syria for raqqa talks,0,0,[],"[0, 0, 0, 0, 0, 0, 0, 0, 0, 0]"
"four killed, 11 injured as train collides with army truck in finland",0,0,[],"[0, 0, 0, 0, 0, 0, 0, 0, 0, 0]"
republicans defend grip on u.s. congress as trump wins presidency,0,0,[],"[0, 0, 0, 0, 0, 0, 0, 0, 0, 0]"
myanmar army chief urges internally displaced to return to rakhine,0,0,[],"[0, 0, 0, 0, 0, 0, 0, 0, 0, 0]"
obama says he hopes trump sends 'signals of unity' after campaign,0,0,[],"[0, 0, 0, 0, 0, 0, 0, 0, 0, 0]"
"in a sudden flurry, trump looks to deliver for his voters",0,1,[],"[0, 0, 0, 1, 0, 0, 1, 1, 0, 0]"
what remains hidden after the deadly attack on damascus police,1,1,"[1, 0, 0, 0, 0, 0, 0, 1, 1, 0]","[1, 0, 0, 1, 0, 0, 0, 0, 0, 1]"
republican senator collins says she will not vote for trump,0,0,[],"[0, 0, 0, 0, 0, 0, 0, 0, 0, 0]"
state department says fbi has not approached it in renewed email probe,0,0,[],"[0, 0, 0, 0, 0, 0, 0, 0, 0, 0]"
house republicans ready legal fight against obama's guantanamo plan,0,0,[],"[0, 0, 0, 0, 0, 0, 0, 0, 0, 0]"
what could happen if trump's tax plan fails to boost poll numbers,1,1,"[1, 1, 0, 0, 0, 0, 0, 0, 0, 1]","[1, 0, 0, 0, 0, 0, 0, 1, 0, 1]"
trump drops pledge to back republican presidential nominee other than himself,0,0,[],"[0, 0, 0, 0, 0, 0, 0, 0, 0, 0]"
"democratic white house hopefuls cheer end of pfizer, allergan deal",0,0,[],"[0, 0, 0, 0, 0, 0, 0, 0, 0, 0]"
the outcome remains unclear after schiff's troubling remarks on trump-putin dinner,1,1,"[0, 0, 0, 0, 0, 0, 0, 1, 0, 0]","[0, 0, 1, 0, 0, 0, 0, 1, 0, 0]"
trump drops plan to create infrastructure council: white house,0,0,[],"[0, 0, 0, 0, 0, 0, 0, 0, 0, 0]"
the dramatic impact of tornadoes on the midwest continues,1,0,"[0, 1, 0, 0, 0, 0, 1, 0, 0, 0]","[0, 0, 0, 0, 0, 0, 0, 0, 0, 0]"
top trump advisers are set to reveal their plans for the paris pact,1,0,"[0, 0, 1, 0, 1, 0, 0, 0, 0, 0]","[0, 0, 0, 0, 0, 0, 0, 0, 0, 0]"
factbox: xi allies dominate china's new 25-member politburo,0,0,[],"[0, 0, 0, 0, 0, 0, 0, 0, 0, 0]"
macau suspends pro-democracy lawmaker as critics protest,0,0,[],"[0, 0, 0, 0, 0, 0, 0, 0, 0, 0]"
trump says he had 'very good' call with mexico's pena nieto,0,0,[],"[0, 0, 0, 0, 0, 0, 0, 0, 0, 0]"
the surprising challenges facing german csu in coalition talks,1,1,"[1, 0, 0, 0, 0, 1, 1, 0, 0, 0]","[1, 0, 0, 1, 0, 0, 0, 0, 0, 0]"
what you don’t know about the injuries in catalonia during the referendum,1,1,"[1, 0, 0, 0, 1, 0, 0, 1, 0, 0]","[1, 0, 0, 0, 0, 0, 1, 0, 0, 0]"
the significant details about this year's haj as pilgrims return to mecca,1,0,"[0, 1, 0, 0, 0, 0, 0, 0, 0, 0]","[0, 0, 0, 0, 0, 0, 0, 0, 0, 0]"
u.s. senate republican leader delays senate's august recess,0,0,[],"[0, 0, 0, 0, 0, 0, 0, 0, 0, 0]"
the unexpected associations behind democratic hopefuls' cheers for the pfizer deal end,1,1,"[0, 0, 0, 1, 0, 0, 0, 0, 1, 1]","[1, 0, 0, 0, 0, 0, 0, 0, 1, 0]"
what this report reveals about the tennessee lawmaker's conduct,1,1,"[0, 0, 0, 0, 0, 1, 0, 1, 0, 1]","[1, 0, 0, 0, 0, 1, 0, 0, 0, 0]"
"catalan parliament defies madrid pressure, works on independence declaration",0,0,[],"[0, 0, 0, 0, 0, 0, 0, 0, 0, 0]"
‘best in the world’: hayes mindful of barcelona threat after away success,0,0,[],"[0, 0, 0, 0, 0, 0, 0, 0, 0, 0]"
the outcome of tax reform remains uncertain for senate republicans,1,0,"[0, 0, 0, 0, 0, 0, 0, 1, 0, 0]","[0, 0, 0, 0, 0, 0, 0, 0, 0, 0]"
"trump, clinton blast each other on character; clinton rises in poll",0,0,[],"[0, 0, 0, 0, 0, 0, 0, 0, 0, 0]"
munich memorial marks 1972 olympic games attack on israeli team,0,0,[],"[0, 0, 0, 0, 0, 0, 0, 0, 0, 0]"
democrats in trump states face a risky gamble on the travel ban,1,1,"[0, 0, 1, 0, 0, 0, 1, 0, 0, 0]","[0, 1, 0, 1, 0, 0, 0, 0, 0, 0]"
the struggle continues for brazilians in illegal amazon mines,1,0,"[0, 0, 0, 0, 0, 0, 0, 1, 0, 0]","[0, 0, 0, 0, 0, 0, 0, 0, 0, 0]"
"brexit talks deadlock on cash, barnier eyes move by december",0,0,[],"[0, 0, 0, 0, 0, 0, 0, 0, 0, 0]"
mexicans dismayed by rise of trump's border wall,0,0,[],"[0, 0, 0, 0, 0, 0, 0, 0, 0, 0]"
republicans hold on to state legislative edge in u.s. election,0,0,[],"[0, 0, 0, 0, 0, 0, 0, 0, 0, 0]"
ebrd urges poland to revive privatizations,0,0,[],"[0, 0, 0, 0, 0, 0, 0, 0, 0, 0]"
the shocking reason philippine lawmakers turned down duterte's latest pick,1,1,"[0, 0, 1, 0, 0, 0, 0, 0, 0, 0]","[1, 0, 1, 0, 0, 0, 0, 0, 0, 0]"
"farah breaks moorcroft's 3,000m british record",0,0,[],"[0, 0, 0, 0, 0, 0, 0, 0, 0, 0]"
what you don’t see about the white house chief of staff's role,1,1,"[1, 0, 1, 0, 0, 1, 0, 0, 0, 0]","[1, 0, 0, 0, 0, 0, 1, 0, 0, 0]"
venezuela blasts spain's rajoy over 'repression' in catalonia,0,0,[],"[0, 0, 0, 0, 0, 0, 0, 0, 0, 0]"
head of uk's anti-brexit party appeals for help to stop eu exit,0,0,[],"[0, 0, 0, 0, 0, 0, 0, 0, 0, 0]"
"trump hotels reach deal with unions, ending labor board cases",0,0,[],"[0, 0, 0, 0, 0, 0, 0, 0, 0, 0]"
"in cuba visit, colorado governor sees government desire to work with trump",0,0,[],"[0, 0, 0, 0, 0, 0, 0, 0, 0, 0]"
the most significant options trump has on the iran nuclear deal,1,0,"[0, 0, 1, 0, 1, 0, 0, 0, 0, 0]","[0, 0, 0, 0, 0, 0, 0, 0, 0, 0]"
sea surges may devastate parts of florida: governor scott,0,0,[],"[0, 0, 0, 0, 0, 0, 0, 0, 0, 0]"
trump administration will uphold election system's designation as critical infrastructure,0,0,[],"[0, 0, 0, 0, 0, 0, 0, 0, 0, 0]"
wide-ranging u.s. health bill expected to sail through house vote,0,0,[],"[0, 0, 0, 0, 0, 0, 0, 0, 0, 0]"
trump team weighs 'infrastructure bank' to fund projects: trump adviser,0,0,[],"[0, 0, 0, 0, 0, 0, 0, 0, 0, 0]"
uk's johnson: russia veto of chemical weapons inquiry 'appalling',0,0,[],"[0, 0, 0, 0, 0, 0, 0, 0, 0, 0]"
senate's schumer urges stabilizing health insurance market,0,0,[],"[0, 0, 0, 0, 0, 0, 0, 0, 0, 0]"
donald trump says he would tax chinese goods to stop currency devaluation,0,0,[],"[0, 0, 0, 0, 0, 0, 0, 0, 0, 0]"
the unexpected journey from slovenia to the heart of american politics,1,1,"[0, 0, 0, 0, 0, 0, 0, 1, 1, 0]","[0, 0, 0, 1, 0, 0, 0, 0, 1, 0]"
sean dyche’s tracksuit energy shocks weary liverpool into submission | will unwin,0,1,[],"[0, 1, 0, 1, 0, 0, 0, 0, 1, 0]"
what you need to know about turkey's surprising naval plans in sudan,1,1,"[0, 0, 0, 0, 0, 0, 1, 0, 0, 0]","[1, 0, 0, 0, 0, 0, 1, 0, 1, 0]"
putin says trump hampered from delivering electoral promises,0,0,[],"[0, 0, 0, 0, 0, 0, 0, 0, 0, 0]"
what happens next as the mylan ceo faces tough questions,1,1,"[0, 0, 0, 0, 0, 0, 0, 1, 1, 0]","[1, 1, 0, 0, 0, 0, 0, 1, 0, 0]"
undercover israeli agents in action,0,1,[],"[0, 0, 0, 1, 0, 0, 0, 0, 0, 0]"
catalonia's appeal could change everything for its citizens,1,1,"[0, 0, 0, 0, 0, 0, 1, 0, 0, 0]","[0, 1, 0, 0, 0, 0, 0, 1, 0, 0]"
senior u.s. officials recommend removal of nsa director: sources,0,0,[],"[0, 0, 0, 0, 0, 0, 0, 0, 0, 0]"
u.s. troops leaving chad could signal a major shift in african relations,1,0,"[0, 0, 0, 0, 1, 0, 1, 0, 0, 1]","[0, 0, 0, 0, 0, 0, 0, 0, 0, 0]"
corker says he expects senate to confirm tillerson as secretary of state,0,0,[],"[0, 0, 0, 0, 0, 0, 0, 0, 0, 0]"
nancy reagan remembered at funeral for fierce loyalty to husband,0,0,[],"[0, 0, 0, 0, 0, 0, 0, 0, 0, 0]"
u.s. immigration arrests up nearly 40 percent under trump,0,0,[],"[0, 0, 0, 0, 0, 0, 0, 0, 0, 0]"
house speaker ryan backs continued aid to egypt,0,0,[],"[0, 0, 0, 0, 0, 0, 0, 0, 0, 0]"
the sidelined healthcare lobby's impact on republican efforts: a shocking revelation,1,1,"[0, 1, 0, 1, 0, 0, 0, 0, 0, 0]","[0, 0, 1, 1, 0, 0, 0, 0, 0, 0]"
this shocking act of destruction in chile has left many speechless,1,1,"[1, 0, 0, 1, 1, 0, 0, 0, 0, 0]","[0, 0, 1, 1, 0, 1, 0, 0, 0, 0]"
the controversial bill on concealed guns that has many worried about safety,1,1,"[0, 1, 0, 0, 0, 1, 0, 0, 0, 1]","[0, 0, 1, 1, 0, 1, 0, 0, 0, 0]"
senate bill would cut medicaid spending 35 percent in 2036: budget analyst,0,0,[],"[0, 0, 0, 0, 0, 0, 0, 0, 0, 0]"
the shocking developments as flynn is subpoenaed by the senate committee,1,1,"[0, 0, 0, 0, 1, 0, 0, 0, 0, 0]","[0, 0, 0, 1, 0, 0, 0, 0, 0, 0]"
u.s. senator says russia can expect sanctions after cyber attacks,0,0,[],"[0, 0, 0, 0, 0, 0, 0, 0, 0, 0]"
"trump administration weighs tighter vetting for women, children refugees: sources",0,0,[],"[0, 0, 0, 0, 0, 0, 0, 0, 0, 0]"
white house calls trump's relationship with republican lawmakers 'fine',0,0,[],"[0, 0, 0, 0, 0, 0, 0, 0, 0, 0]"
what you don’t see behind china's promise to panama after ditching taiwan,1,1,"[1, 0, 0, 1, 0, 0, 1, 0, 0, 0]","[1, 0, 0, 0, 0, 0, 1, 0, 0, 0]"
lawyer urges trump to press iran on jailed u.s. father and son at nuclear talks,0,0,[],"[0, 0, 0, 0, 0, 0, 0, 0, 0, 0]"
top 5 shocking reactions to mexico's new security law from abuse victims,1,1,"[1, 0, 0, 0, 1, 0, 0, 0, 0, 0]","[0, 0, 1, 1, 1, 0, 0, 0, 0, 0]"
"european football: harry kane breaks personal record, dortmund suffer loss",0,0,[],"[0, 0, 0, 0, 0, 0, 0, 0, 0, 0]"
what remains hidden about the recent drone strikes in yemen,1,1,"[0, 1, 0, 1, 0, 0, 0, 1, 0, 0]","[1, 0, 0, 0, 0, 0, 0, 0, 0, 1]"
obama-trump meeting 'less awkward' than some might have expected: white house,0,1,[],"[0, 0, 0, 1, 0, 1, 0, 0, 0, 0]"
"nine dead, seven missing after irma hits french islands: minister",0,0,[],"[0, 0, 0, 0, 0, 0, 0, 0, 0, 0]"
the major changes you need to know about facebook and google's ad policies,1,1,"[0, 1, 1, 0, 0, 1, 0, 0, 0, 0]","[0, 1, 0, 0, 0, 0, 1, 0, 0, 0]"
the unexpected implications of russia's denial about the election sway plan,1,1,"[0, 1, 0, 0, 0, 1, 1, 0, 0, 0]","[1, 1, 0, 1, 0, 0, 0, 0, 0, 0]"
why this new chapter with the saudi-led coalition is crucial for yemen,1,1,"[1, 0, 1, 0, 0, 0, 0, 0, 0, 0]","[0, 1, 0, 0, 0, 1, 0, 0, 0, 1]"
what remains hidden in turkey's crackdown on islamic state suspects,1,1,"[1, 0, 1, 0, 0, 0, 0, 0, 0, 0]","[1, 0, 0, 0, 0, 0, 0, 0, 0, 0]"
this unexpected vote could unravel u.s. plans for iraq,1,1,"[0, 0, 0, 1, 0, 0, 1, 0, 0, 0]","[0, 1, 0, 1, 0, 1, 0, 0, 0, 0]"
u.s. flexes muscles as asia worries about south china sea row,0,0,[],"[0, 0, 0, 0, 0, 0, 0, 0, 0, 0]"
outrage as russia targets cnn's media practices,1,1,"[0, 1, 1, 0, 0, 0, 0, 0, 0, 0]","[0, 0, 1, 0, 0, 0, 0, 0, 0, 0]"
russia denies reuters report think tank drew up plan to sway u.s. election,0,0,[],"[0, 0, 0, 0, 0, 0, 0, 0, 0, 0]"
you won't believe what happens next for asylum-seekers in papua new guinea,1,1,"[1, 0, 0, 0, 0, 0, 1, 1, 0, 0]","[1, 0, 0, 0, 0, 0, 1, 1, 0, 0]"
oil drilling advocate to be trump pick for interior department,0,0,[],"[0, 0, 0, 0, 0, 0, 0, 0, 0, 0]"
the outcome remains unclear for obamacare as obama rallies support,1,0,"[0, 0, 1, 1, 0, 0, 0, 1, 0, 0]","[0, 0, 0, 0, 0, 0, 0, 0, 0, 0]"
"six years after bp spill, u.s. sets new offshore oil safety rules",0,0,[],"[0, 0, 0, 0, 0, 0, 0, 0, 0, 0]"
woman charged after trying to scale buckingham palace gates,0,0,[],"[0, 0, 0, 0, 0, 0, 0, 0, 0, 0]"
what happens next after illinois governor's shocking veto,1,1,"[0, 0, 1, 0, 0, 0, 1, 1, 0, 0]","[0, 1, 0, 0, 0, 0, 0, 1, 0, 1]"
outrage grows as greeks mourn the flood's devastating impact,1,0,"[0, 0, 1, 0, 1, 0, 0, 0, 0, 0]","[0, 0, 0, 0, 0, 0, 0, 0, 0, 0]"
chad withdraws troops from fight against boko haram in niger,0,0,[],"[0, 0, 0, 0, 0, 0, 0, 0, 0, 0]"
oxford islamic academic takes leave after rape allegations,0,0,[],"[0, 0, 0, 0, 0, 0, 0, 0, 0, 0]"
uk parliament says government must publish secret brexit impact studies,0,0,[],"[0, 0, 0, 0, 0, 0, 0, 0, 0, 0]"
what remains hidden in the apple encryption policy debate,1,1,"[0, 0, 0, 0, 0, 0, 0, 1, 0, 0]","[1, 0, 0, 0, 0, 1, 0, 0, 0, 0]"
the significant implications of trump's outreach to dimon for treasury,1,0,"[0, 0, 1, 0, 1, 0, 0, 0, 0, 1]","[0, 0, 0, 0, 0, 0, 0, 0, 0, 0]"
republicans block democrats' bid to see treasury files on trump,0,0,[],"[0, 0, 0, 0, 0, 0, 0, 0, 0, 0]"
kenya watchdog says investigating police over actions at university,0,0,[],"[0, 0, 0, 0, 0, 0, 0, 0, 0, 0]"
planned parenthood's unexpected move against ohio sparks major debate,1,1,"[0, 0, 0, 0, 0, 0, 0, 0, 1, 0]","[0, 1, 0, 1, 0, 1, 0, 0, 0, 0]"
what you need to know about mckesson's bold platform,1,1,"[1, 0, 0, 0, 0, 0, 0, 0, 1, 1]","[1, 1, 0, 0, 0, 0, 1, 0, 0, 0]"
you should be aware of china's warning as trump becomes nominee,1,1,"[0, 0, 0, 0, 1, 0, 1, 1, 0, 0]","[0, 0, 1, 1, 0, 0, 1, 0, 0, 0]"
the surprising role of a new climate adviser at the white house,1,1,"[0, 1, 0, 0, 0, 0, 0, 0, 1, 0]","[1, 0, 0, 1, 0, 0, 0, 0, 1, 0]"
what to expect from trump's unexpected poland visit this july,1,1,"[0, 0, 0, 0, 0, 0, 0, 1, 1, 0]","[0, 0, 0, 1, 0, 0, 0, 1, 0, 1]"
why emma hayes' champions league dreams are slipping away,1,1,"[0, 0, 0, 0, 0, 0, 0, 0, 0, 1]","[1, 0, 1, 0, 0, 0, 0, 0, 0, 1]"
china defends trade with u.s. as trump set to brand it a competitor,0,0,[],"[0, 0, 0, 0, 0, 0, 0, 0, 0, 0]"
why zimbabwe's moyo's departure has everyone talking,1,1,"[0, 0, 0, 1, 0, 0, 0, 0, 1, 0]","[1, 1, 0, 0, 0, 0, 0, 0, 0, 1]"
this surprising twist in the eta activist's asylum case,1,1,"[0, 0, 0, 0, 1, 1, 0, 0, 0, 0]","[1, 0, 0, 1, 0, 1, 0, 0, 0, 0]"
obama's prisoner clemency plan faltering as cases pile up,0,0,[],"[0, 0, 0, 0, 0, 0, 0, 0, 0, 0]"
this detail about the benghazi probe will shock you,1,1,"[0, 0, 0, 1, 0, 1, 1, 0, 0, 0]","[1, 0, 1, 0, 0, 0, 1, 0, 0, 0]"
what happens next with trump's controversial border plan,1,1,"[0, 0, 0, 0, 0, 0, 0, 1, 1, 0]","[0, 0, 0, 0, 0, 0, 0, 1, 0, 1]"
merkel has no regrets over refugee policy despite political cost,0,0,[],"[0, 0, 0, 0, 0, 0, 0, 0, 0, 0]"
u.s. withdrawal from climate deal would be 'big setback': finnish pm,0,0,[],"[0, 0, 0, 0, 0, 0, 0, 0, 0, 0]"
you won't believe who obama says will be the democratic nominee,1,1,"[0, 0, 0, 0, 0, 0, 1, 0, 0, 0]","[1, 1, 0, 0, 0, 0, 1, 0, 0, 0]"
what you didn’t know about the favors described in the bridgegate trial,1,1,"[0, 0, 0, 0, 0, 0, 0, 0, 0, 1]","[1, 0, 0, 0, 0, 0, 1, 0, 0, 0]"
mattis says does not have complete accurate information on niger ambush,0,0,[],"[0, 0, 0, 0, 0, 0, 0, 0, 0, 0]"
"factbox: trump on twitter (oct 24) - bob corker, stock market",0,0,[],"[0, 0, 0, 0, 0, 0, 0, 0, 0, 0]"
white house intruder was on grounds for 16 minutes before arrest: secret service,0,0,[],"[0, 0, 0, 0, 0, 0, 0, 0, 0, 0]"
the chilling plot involving a german soldier and politicians,1,1,"[0, 0, 0, 0, 1, 0, 0, 0, 0, 0]","[0, 0, 1, 1, 0, 0, 0, 0, 1, 0]"
philippine drugs board chief quits after contradicting duterte,0,0,[],"[0, 0, 0, 0, 0, 0, 0, 0, 0, 0]"
trump vp contender kristi noem writes of killing dog – and goat – in new book,0,0,[],"[0, 0, 0, 0, 0, 0, 0, 0, 0, 0]"
german social democrats vow to rebuild in opposition after election drubbing,0,0,[],"[0, 0, 0, 0, 0, 0, 0, 0, 0, 0]"
brutal myanmar army operation aimed at preventing rohingya return: u.n,0,0,[],"[0, 0, 0, 0, 0, 0, 0, 0, 0, 0]"
"hurricane irma kills three in puerto rico, government says",0,0,[],"[0, 0, 0, 0, 0, 0, 0, 0, 0, 0]"
the surprising links between encryption laws and the apple case reveal much more,1,1,"[0, 1, 0, 0, 0, 0, 0, 0, 1, 0]","[1, 0, 0, 1, 0, 0, 0, 0, 1, 0]"
the unexpected reality at u.s. ports of entry when the travel ban begins,1,1,"[0, 0, 0, 1, 0, 0, 0, 0, 1, 0]","[1, 0, 0, 1, 0, 0, 0, 0, 0, 0]"
scaramucci awaits u.s. approval for china deal,0,0,[],"[0, 0, 0, 0, 0, 0, 0, 0, 0, 0]"
what remains hidden about kuwait's cabinet resignation,1,1,"[1, 0, 1, 0, 0, 0, 0, 0, 0, 0]","[1, 0, 0, 0, 0, 0, 0, 0, 0, 0]"
uk counter-terrorism police arrest woman under official secrets act,0,0,[],"[0, 0, 0, 0, 0, 0, 0, 0, 0, 0]"
what happens next for renewable energy credits in the new tax bill,1,1,"[0, 0, 0, 0, 0, 1, 0, 1, 0, 1]","[0, 0, 0, 0, 0, 0, 0, 1, 0, 1]"
trump jr. emails suggest he welcomed russian help against clinton,0,0,[],"[0, 0, 0, 0, 0, 0, 0, 0, 0, 0]"
charter schools see opportunity with republicans in power: lobbying group,0,0,[],"[0, 0, 0, 0, 0, 0, 0, 0, 0, 0]"
you won't believe what police discovered in this honor killing case,1,1,"[0, 0, 0, 1, 0, 1, 1, 0, 0, 0]","[1, 1, 0, 0, 0, 0, 1, 0, 0, 0]"
u.s. lawmakers seek more information from trump son-in-law kushner in russia probe,0,0,[],"[0, 0, 0, 0, 0, 0, 0, 0, 0, 0]"
is a dramatic coalition forming in europe that could change everything,1,1,"[1, 1, 0, 0, 0, 0, 0, 1, 0, 0]","[0, 1, 0, 0, 0, 0, 0, 1, 0, 1]"
"caitlyn jenner, teen singer appeal to trump on transgender rights",0,0,[],"[0, 0, 0, 0, 0, 0, 0, 0, 0, 0]"
highlights: the trump presidency on february 3 at 6:25 p.m. est/2325 gmt,0,0,[],"[0, 0, 0, 0, 0, 0, 0, 0, 0, 0]"
"congress passes bill to temporarily fund government, avert shutdown",0,0,[],"[0, 0, 0, 0, 0, 0, 0, 0, 0, 0]"
"israeli troops kill four palestinians, wound 160 in protests over jerusalem",0,0,[],"[0, 0, 0, 0, 0, 0, 0, 0, 0, 0]"
top u.s. senate democrat holds out hope for obamacare subsidies,0,0,[],"[0, 0, 0, 0, 0, 0, 0, 0, 0, 0]"
this unexpected twist in the condemnation of trump's tweet could change everything,1,1,"[1, 0, 1, 0, 0, 1, 0, 0, 0, 0]","[0, 1, 0, 1, 0, 1, 0, 0, 0, 0]"
"israel hails trump's 'historic' declaration, palestinians condemn",0,0,[],"[0, 0, 0, 0, 0, 0, 0, 0, 0, 0]"
"turkey backs syrian rebels for ""serious operation"" in idlib",0,0,[],"[0, 0, 0, 0, 0, 0, 0, 0, 0, 0]"
trump says he is sending federal help to fight chicago crime,0,0,[],"[0, 0, 0, 0, 0, 0, 0, 0, 0, 0]"
what you don’t know about di maio's path to power,1,1,"[0, 0, 0, 0, 0, 0, 0, 0, 1, 1]","[1, 0, 0, 0, 0, 0, 1, 0, 0, 0]"
the surprising truth about britain's eu referendum process,1,1,"[0, 0, 1, 0, 0, 0, 0, 0, 1, 0]","[1, 0, 0, 1, 0, 0, 0, 0, 0, 0]"
at least 16 dead after boat capsizes in south india: officials,0,0,[],"[0, 0, 0, 0, 0, 0, 0, 0, 0, 0]"
outrage spreads as trump condemns alt-right gathering,1,0,"[0, 0, 1, 0, 1, 0, 1, 0, 0, 0]","[0, 0, 0, 0, 0, 0, 0, 0, 0, 0]"
the unexpected developments surrounding bahrain's spiritual leader's surgery,1,1,"[0, 0, 0, 1, 1, 0, 0, 1, 0, 0]","[0, 0, 0, 1, 0, 0, 0, 0, 1, 0]"
about 11.5 million people signed up for obamacare plans november 1-december 24,0,0,[],"[0, 0, 0, 0, 0, 0, 0, 0, 0, 0]"
the dramatic split in the supreme court over abortion,1,0,"[0, 0, 0, 1, 0, 0, 0, 0, 0, 0]","[0, 0, 0, 0, 0, 0, 0, 0, 0, 0]"
this alarming move by iran has france on high alert,1,1,"[1, 0, 0, 0, 0, 0, 1, 0, 0, 0]","[1, 0, 1, 0, 0, 1, 0, 0, 0, 0]"
what happens next after erdogan’s border threat,1,1,"[1, 0, 0, 0, 0, 0, 0, 1, 0, 0]","[0, 0, 0, 0, 0, 0, 0, 1, 0, 1]"
three more cars torched in south african taxi war,0,0,[],"[0, 0, 0, 0, 0, 0, 0, 0, 0, 0]"
house fails to knock down obama veto of anti-obamacare bill,0,0,[],"[0, 0, 0, 0, 0, 0, 0, 0, 0, 0]"
rohingya refugees in pakistan fear for relatives in myanmar,0,0,[],"[0, 0, 0, 0, 0, 0, 0, 0, 0, 0]"
'significant gaps' in talks on northern ireland power-sharing: uk pm may's spokesman,0,0,[],"[0, 0, 0, 0, 0, 0, 0, 0, 0, 0]"
"britain to pay 400 million-pound debt to iran soon, iranian envoy says",0,0,[],"[0, 0, 0, 0, 0, 0, 0, 0, 0, 0]"
turkey says declaring jerusalem israel's capital will start 'fire with no end in sight',0,0,[],"[0, 0, 0, 0, 0, 0, 0, 0, 0, 0]"
is there more to the kenya police investigation than meets the eye,1,1,"[0, 0, 0, 0, 0, 1, 0, 1, 0, 0]","[1, 0, 0, 0, 0, 0, 0, 0, 0, 1]"
what obama's trip to cuba hides about kerry's cancellation,1,1,"[0, 0, 1, 0, 0, 0, 0, 0, 0, 0]","[1, 0, 0, 1, 0, 0, 0, 0, 0, 0]"
scotland's sturgeon says staying in eu customs union now the only sensible option,0,0,[],"[0, 0, 0, 0, 0, 0, 0, 0, 0, 0]"
congress sends obama bill on zika drug development,0,0,[],"[0, 0, 0, 0, 0, 0, 0, 0, 0, 0]"
xi says china will oppose any behaviors that try to separate the country,0,0,[],"[0, 0, 0, 0, 0, 0, 0, 0, 0, 0]"
"trapped by landmines and a creek, rohingya languish in no-man's land",0,0,[],"[0, 0, 0, 0, 0, 0, 0, 0, 0, 0]"
what you don’t see about senator schumer's supreme court nominee list,1,1,"[1, 0, 0, 0, 1, 0, 0, 0, 0, 0]","[1, 0, 0, 0, 0, 0, 1, 0, 0, 0]"
"more work to be done to unlock brexit talks: britain's may, eu's tusk",0,0,[],"[0, 0, 0, 0, 0, 0, 0, 0, 0, 0]"
what you don't see in the revived clinton email suit that could change everything,1,1,"[1, 0, 0, 0, 0, 1, 0, 0, 0, 0]","[1, 1, 0, 0, 0, 0, 1, 0, 0, 0]"
this detail from a hacked email could change everything about u.s.-china relations,1,1,"[0, 0, 0, 0, 0, 1, 0, 0, 0, 0]","[1, 1, 0, 1, 0, 0, 0, 0, 0, 0]"
china calls for peaceful zimbabwe resolution under legal framework,0,0,[],"[0, 0, 0, 0, 0, 0, 0, 0, 0, 0]"
this gift to russia could change everything,1,1,"[0, 1, 0, 0, 0, 1, 1, 0, 0, 0]","[0, 1, 0, 1, 0, 1, 0, 0, 0, 0]"
the dramatic consequences of trump's obamacare promise,1,1,"[0, 1, 0, 0, 0, 0, 0, 0, 1, 0]","[0, 1, 0, 1, 0, 0, 0, 0, 0, 0]"
democrats preview line of attack on 'pro-corporate' high court nominee,0,0,[],"[0, 0, 0, 0, 0, 0, 0, 0, 0, 0]"
"fear driving cambodian opposition mps abroad, party says",0,0,[],"[0, 0, 0, 0, 0, 0, 0, 0, 0, 0]"
sanders reveals the top reasons he might not be the nominee,1,1,"[0, 0, 0, 0, 1, 0, 0, 0, 0, 0]","[0, 0, 0, 1, 1, 0, 0, 1, 0, 0]"
what remains hidden about trump's chances after iowa's shocking results,1,1,"[1, 0, 0, 1, 0, 0, 0, 0, 0, 0]","[1, 0, 0, 1, 0, 0, 0, 0, 0, 1]"
new israeli draft laws seen protecting pm under criminal probe,0,0,[],"[0, 0, 0, 0, 0, 0, 0, 0, 0, 0]"
toned-down trump does not mean retreat from policy: aide,0,0,[],"[0, 0, 0, 0, 0, 0, 0, 0, 0, 0]"
"youngstown, ohio, mayor gets probation in corruption plea deal",0,0,[],"[0, 0, 0, 0, 0, 0, 0, 0, 0, 0]"
trump shows interest in bipartisan tax reform as obamacare repeal collapses,0,0,[],"[0, 0, 0, 0, 0, 0, 0, 0, 0, 0]"
surveys contradict trump claim that comey had lost fbi confidence,0,0,[],"[0, 0, 0, 0, 0, 0, 0, 0, 0, 0]"
why wealthy and educated voters are crucial for trump's success,1,1,"[0, 0, 0, 0, 0, 0, 1, 1, 0, 0]","[0, 0, 0, 0, 0, 0, 0, 0, 1, 1]"
the unexpected consequences for montana's congressman-elect,1,1,"[0, 1, 0, 0, 0, 0, 0, 1, 1, 0]","[0, 1, 0, 1, 0, 1, 0, 0, 0, 0]"
ireland not ready to let brexit talks move to stage 2: minister,0,0,[],"[0, 0, 0, 0, 0, 0, 0, 0, 0, 0]"
"the alarming connection between ai, air conditioning, and our energy crisis",1,1,"[0, 0, 1, 0, 1, 1, 0, 0, 0, 0]","[0, 0, 1, 0, 0, 0, 1, 0, 1, 0]"
ex-congressman ford could be the most surprising pick for transportation secretary,1,1,"[0, 0, 1, 0, 1, 0, 1, 0, 0, 0]","[0, 0, 0, 1, 1, 0, 0, 0, 0, 0]"
multi-stage cyber attacks net north korea millions in virtual currencies: researchers,0,0,[],"[0, 0, 0, 0, 0, 0, 0, 0, 0, 0]"
syrian army takes full control of deir al-zor from islamic state: observatory,0,0,[],"[0, 0, 0, 0, 0, 0, 0, 0, 0, 0]"
trump would undo obama's cuba moves unless religious freedom allowed,0,0,[],"[0, 0, 0, 0, 0, 0, 0, 0, 0, 0]"
dramatic shifts in diplomacy are fueling hope for palestine's future,1,1,"[0, 1, 1, 0, 0, 0, 0, 0, 0, 0]","[0, 1, 1, 0, 0, 0, 0, 0, 0, 0]"
merkel calls on hungary to implement court ruling on refugee distribution,0,0,[],"[0, 0, 0, 0, 0, 0, 0, 0, 0, 0]"
what is indonesia hiding by barring the myanmar protest,1,1,"[1, 0, 1, 0, 0, 0, 0, 1, 0, 0]","[1, 0, 0, 0, 0, 0, 0, 0, 0, 1]"
what china really means by defending its trade with the u.s.,1,1,"[0, 0, 0, 0, 1, 1, 0, 1, 0, 0]","[1, 0, 0, 0, 0, 0, 0, 0, 0, 1]"
shocking highlights from the trump presidency you missed on february 3,1,1,"[0, 0, 0, 1, 0, 0, 0, 0, 0, 0]","[1, 0, 0, 1, 0, 0, 1, 0, 0, 0]"
why sanders' vote for clinton is the most crucial move to stop trump,1,1,"[0, 0, 1, 0, 1, 0, 0, 0, 0, 1]","[0, 1, 0, 1, 1, 0, 0, 0, 0, 0]"
why investors should pay attention to trump's surprising council disbandment,1,1,"[0, 0, 0, 0, 0, 0, 1, 0, 1, 0]","[0, 0, 0, 1, 0, 0, 1, 0, 0, 1]"
this unexpected twist in mnangagwa’s journey home is raising eyebrows,1,1,"[0, 0, 0, 0, 0, 1, 0, 0, 1, 0]","[1, 0, 0, 1, 0, 1, 0, 0, 0, 0]"
the major emotional stakes in the upcoming u.n. vote on north korea,1,1,"[0, 0, 1, 1, 0, 0, 0, 0, 0, 0]","[0, 1, 1, 0, 0, 0, 0, 0, 0, 0]"
what tillerson’s stance means for trump’s administration,1,1,"[1, 0, 0, 0, 0, 0, 0, 0, 1, 0]","[1, 0, 0, 0, 0, 1, 0, 0, 0, 1]"
factbox: why the zika virus is causing alarm,0,1,[],"[0, 0, 1, 0, 0, 0, 0, 0, 0, 1]"
"house approves new russia sanctions, defying trump",0,0,[],"[0, 0, 0, 0, 0, 0, 0, 0, 0, 0]"
"'three amigos' obama, trudeau, pena nieto to meet june 29",0,0,[],"[0, 0, 0, 0, 0, 0, 0, 0, 0, 0]"
you won't believe what comey might reveal about trump's interference,1,1,"[0, 0, 0, 1, 0, 0, 1, 0, 0, 0]","[1, 0, 0, 0, 0, 0, 1, 1, 0, 0]"
most americans back 'just the facts' news stories: pew survey,0,0,[],"[0, 0, 0, 0, 0, 0, 0, 0, 0, 0]"
what remains hidden in the trump budget discussions over lunch,1,1,"[1, 0, 1, 0, 0, 0, 0, 0, 1, 0]","[1, 0, 0, 0, 0, 0, 0, 0, 0, 1]"
spanish court orders prison for ex-salvadoran officer over priests' massacre,0,0,[],"[0, 0, 0, 0, 0, 0, 0, 0, 0, 0]"
significant military moves by north korea following u.s. action,1,1,"[0, 1, 1, 1, 0, 0, 0, 0, 0, 0]","[0, 1, 0, 0, 0, 1, 0, 0, 0, 0]"
"clinton warns against complacency, trump warns of world war three",0,0,[],"[0, 0, 0, 0, 0, 0, 0, 0, 0, 0]"
"voters, brace yourselves for the intense florida ad battle",1,1,"[0, 0, 0, 0, 0, 0, 1, 0, 0, 0]","[0, 1, 0, 1, 0, 0, 1, 0, 0, 0]"
this act of vandalism in the dutch capital raises serious questions,1,1,"[1, 0, 0, 0, 0, 1, 0, 0, 1, 0]","[0, 1, 0, 1, 0, 1, 0, 0, 0, 0]"
this long journey back to normalcy in marawi is more difficult than it seems,1,1,"[0, 0, 0, 0, 0, 1, 0, 0, 0, 0]","[1, 0, 0, 1, 0, 0, 0, 0, 0, 0]"
"in trump cabinet, commerce secretary will run trade policy",0,0,[],"[0, 0, 0, 0, 0, 0, 0, 0, 0, 0]"
the unexpected connection between u.s. engagement and russia,1,1,"[0, 0, 0, 0, 0, 0, 0, 0, 1, 0]","[0, 0, 0, 1, 0, 1, 0, 0, 1, 0]"
the ongoing saga of comey's firing documents could take a surprising turn,1,1,"[0, 1, 0, 0, 0, 0, 0, 1, 0, 0]","[0, 0, 0, 1, 0, 0, 0, 1, 0, 0]"
opposition wants russian pressure for syria deal within six months,0,0,[],"[0, 0, 0, 0, 0, 0, 0, 0, 0, 0]"
turkey must be in syria's idlib until threat over: defense minister,0,0,[],"[0, 0, 0, 0, 0, 0, 0, 0, 0, 0]"
putin's claim about media restrictions raises significant concerns,1,0,"[0, 1, 0, 0, 0, 0, 0, 0, 0, 0]","[0, 0, 0, 0, 0, 0, 0, 0, 0, 0]"
mcconnell hints at unprecedented options regarding moore,1,1,"[0, 1, 0, 0, 0, 1, 0, 0, 0, 0]","[1, 1, 0, 1, 0, 0, 0, 0, 0, 0]"
senator mccaskill to be absent for three weeks for cancer treatment,0,0,[],"[0, 0, 0, 0, 0, 0, 0, 0, 0, 0]"
london life laid bare in rubbish along the thames,0,1,[],"[0, 0, 0, 1, 0, 0, 0, 0, 1, 0]"
this detail about fannie and freddie stocks will surprise you,1,1,"[1, 0, 0, 0, 1, 0, 0, 0, 0, 0]","[1, 0, 0, 0, 0, 1, 1, 0, 0, 0]"
the final verdict that upholds croat convictions: what you need to know,1,1,"[0, 0, 1, 0, 1, 1, 0, 0, 0, 0]","[1, 0, 0, 0, 0, 0, 1, 0, 0, 0]"
'good to go': top trump aide gave inaugural day ok to nuclear plan - congressman,0,0,[],"[0, 0, 0, 0, 0, 0, 0, 0, 0, 0]"
you won't believe how the republican obamacare repeal favors the wealthiest,1,1,"[1, 0, 0, 0, 0, 0, 0, 0, 1, 0]","[1, 0, 0, 1, 0, 0, 1, 0, 0, 0]"
the identity of the lone hacker behind the cyber attack remains a mystery,1,1,"[0, 0, 0, 0, 0, 0, 0, 1, 0, 0]","[1, 0, 0, 1, 0, 0, 0, 1, 0, 0]"
japan pm says u.n. sanctions on north korea must be firmly imposed,0,0,[],"[0, 0, 0, 0, 0, 0, 0, 0, 0, 0]"
obama trip to cuba not affected by cancellation of tentative kerry visit: white house,0,0,[],"[0, 0, 0, 0, 0, 0, 0, 0, 0, 0]"
turkey's shocking stance on eu membership revealed,1,1,"[0, 0, 0, 1, 0, 0, 0, 0, 0, 0]","[0, 0, 0, 1, 0, 0, 0, 0, 0, 0]"
"kurdish forces pullout from khanaqin area on iraq-iran border, security sources say",0,0,[],"[0, 0, 0, 0, 0, 0, 0, 0, 0, 0]"
this unexpected move by russia will change everything,1,1,"[0, 0, 0, 0, 0, 1, 0, 0, 0, 0]","[0, 1, 0, 1, 0, 1, 0, 0, 0, 0]"
the top reasons why the judge sealed the video depositions in the clinton email case,1,1,"[0, 0, 0, 0, 1, 0, 0, 0, 0, 0]","[1, 0, 0, 1, 1, 0, 0, 0, 0, 0]"
what twitter is hiding from the congressional panel about the 2016 election,1,1,"[0, 0, 1, 0, 0, 1, 0, 0, 1, 0]","[1, 0, 0, 0, 0, 0, 0, 0, 0, 0]"
"house speaker ryan leaves door open on taxes, deficit",0,0,[],"[0, 0, 0, 0, 0, 0, 0, 0, 0, 0]"
"seeking to deport rohingya, india tells court has evidence of militant links",0,0,[],"[0, 0, 0, 0, 0, 0, 0, 0, 0, 0]"
police arrest seven youths after deadly malaysia school blaze,0,0,[],"[0, 0, 0, 0, 0, 0, 0, 0, 0, 0]"
the emotional highlights you missed from nyc’s photography show featuring subways and sphinxes,1,1,"[0, 0, 1, 0, 0, 0, 0, 0, 0, 0]","[1, 0, 1, 0, 0, 0, 1, 0, 0, 0]"
biden says he's ready for election debate with trump,0,0,[],"[0, 0, 0, 0, 0, 0, 0, 0, 0, 0]"
voters should watch closely as top court weighs ex-governor's fate,1,1,"[0, 0, 0, 0, 0, 0, 1, 0, 0, 0]","[0, 0, 0, 0, 1, 0, 1, 1, 0, 0]"
"with tears and song, china welcomes xi as great, wise leader",0,0,[],"[0, 0, 0, 0, 0, 0, 0, 0, 0, 0]"
this alarming update on scalise's condition raises concerns,1,1,"[1, 0, 1, 0, 1, 0, 0, 0, 0, 0]","[0, 1, 1, 0, 0, 1, 0, 0, 0, 0]"
what you need to know about trump's tax cut not being the largest ever,1,1,"[0, 0, 1, 0, 1, 0, 1, 0, 0, 0]","[1, 0, 0, 0, 1, 0, 1, 0, 0, 0]"
dup leader spoke to pm may on brexit border,0,0,[],"[0, 0, 0, 0, 0, 0, 0, 0, 0, 0]"
why is the u.s. commerce chief linked to russia's shipping stakes,1,1,"[0, 0, 0, 1, 0, 0, 0, 0, 1, 1]","[0, 0, 0, 1, 0, 0, 0, 0, 1, 1]"
the most shocking details of the catalonia-spain crisis you need to know,1,1,"[0, 0, 0, 1, 1, 0, 0, 0, 0, 0]","[0, 0, 1, 0, 1, 0, 1, 0, 0, 0]"
what you don't see in the irish pm's plan to avoid a hard border,1,1,"[0, 0, 0, 0, 0, 0, 0, 1, 0, 0]","[1, 0, 0, 0, 0, 0, 1, 0, 0, 0]"
france gets serious over sexual harassment after weinstein scandal: minister,0,0,[],"[0, 0, 0, 0, 0, 0, 0, 0, 0, 0]"
the surprising divide in congress over guantanamo and rights issues,1,1,"[0, 0, 0, 0, 1, 0, 0, 0, 1, 0]","[0, 0, 0, 1, 0, 0, 0, 0, 1, 0]"
"u.s. trade envoy lighthizer says nafta has ""failed"" americans",0,0,[],"[0, 0, 0, 0, 0, 0, 0, 0, 0, 0]"
fbi delivers documents on clinton email probe to u.s. congress,0,0,[],"[0, 0, 0, 0, 0, 0, 0, 0, 0, 0]"
trump's vp pick rankles republican gay rights activists,0,0,[],"[0, 0, 0, 0, 0, 0, 0, 0, 0, 0]"
the shocking truth behind protests shaking south africa's platinum belt,1,1,"[0, 0, 1, 1, 0, 0, 0, 0, 0, 0]","[1, 0, 0, 1, 0, 0, 0, 0, 0, 0]"
here's what trump and abe really discussed in florida,1,1,"[0, 0, 0, 0, 0, 0, 1, 1, 0, 0]","[1, 0, 0, 1, 0, 0, 0, 0, 0, 0]"
what happens next in north korea's missile development saga,1,1,"[0, 0, 0, 0, 0, 0, 0, 0, 0, 1]","[0, 0, 0, 1, 0, 0, 0, 1, 0, 1]"
kremlin says washington must prove hacking accusations or shut up,0,0,[],"[0, 0, 0, 0, 0, 0, 0, 0, 0, 0]"
the alarming push for more sanctions on north korea,1,0,"[0, 0, 0, 1, 0, 0, 0, 0, 0, 0]","[0, 0, 0, 0, 0, 0, 0, 0, 0, 0]"
catalan commission to investigate claims of abuse during banned referendum,0,0,[],"[0, 0, 0, 0, 0, 0, 0, 0, 0, 0]"
kerry says would be valuable for trump to seek advice before calls,0,0,[],"[0, 0, 0, 0, 0, 0, 0, 0, 0, 0]"
senators criticize fraud in u.s. low-income phone program,0,0,[],"[0, 0, 0, 0, 0, 0, 0, 0, 0, 0]"
putin to meet south korean president to discuss north korea on sept. 6: kremlin,0,0,[],"[0, 0, 0, 0, 0, 0, 0, 0, 0, 0]"
the unexpected connection between foreign students and britain's economy,1,1,"[0, 0, 0, 0, 0, 0, 0, 0, 1, 0]","[0, 0, 0, 1, 0, 0, 0, 0, 1, 0]"
bali flights canceled due to shocking volcanic ash predictions,1,1,"[0, 0, 0, 1, 0, 0, 0, 0, 0, 0]","[0, 1, 0, 1, 0, 0, 0, 0, 0, 0]"
could turkey's border control be at risk,1,1,"[0, 0, 0, 0, 0, 0, 0, 0, 0, 1]","[0, 0, 0, 0, 0, 0, 0, 1, 0, 1]"
super tuesday showdown: how the south won the spotlight,0,1,[],"[1, 1, 0, 1, 0, 0, 0, 0, 0, 0]"
putin watches as russia intensifies war games that have rattled west,0,0,[],"[0, 0, 0, 0, 0, 0, 0, 0, 0, 0]"
how trump's decision could destabilize lebanon and the entire region,1,1,"[0, 1, 0, 0, 0, 1, 0, 0, 1, 0]","[0, 1, 0, 1, 0, 0, 0, 0, 0, 1]"
democratic congressman schiff says sessions should resign,0,0,[],"[0, 0, 0, 0, 0, 0, 0, 0, 0, 0]"
trump drops steve bannon from national security council,0,0,[],"[0, 0, 0, 0, 0, 0, 0, 0, 0, 0]"
this aspect of rick astley's life is often overlooked,1,1,"[0, 0, 0, 0, 0, 1, 0, 0, 0, 0]","[1, 0, 0, 0, 0, 1, 0, 0, 0, 0]"
"clinton offers her vision for u.s economy, rebukes trump's",0,0,[],"[0, 0, 0, 0, 0, 0, 0, 0, 0, 0]"
up to uk to find concrete proposals over brexit/irish border issues: macron,0,0,[],"[0, 0, 0, 0, 0, 0, 0, 0, 0, 0]"
trump on obamacare repeal: from boasts of greatness to lessons learned,0,1,[],"[1, 1, 0, 1, 0, 0, 0, 0, 0, 0]"
"north korea's kim jong un fetes nuclear scientists, holds celebration bash",0,0,[],"[0, 0, 0, 0, 0, 0, 0, 0, 0, 0]"
"syria fighting worst since aleppo, air strikes deadly: aid agencies",0,0,[],"[0, 0, 0, 0, 0, 0, 0, 0, 0, 0]"
health insurers quietly shape obamacare replacement with fewer risks,0,1,[],"[1, 0, 0, 0, 0, 0, 0, 0, 0, 0]"
what's next for the asia-pacific quad security forum,1,1,"[0, 0, 0, 0, 0, 0, 0, 1, 0, 1]","[1, 0, 0, 0, 0, 0, 0, 1, 0, 0]"
u.s. businesses fear nafta doomed; mexico warns of consequences,0,0,[],"[0, 0, 0, 0, 0, 0, 0, 0, 0, 0]"
the hidden implications of romney's potential appointment,1,1,"[1, 0, 0, 0, 0, 0, 0, 1, 0, 0]","[1, 0, 0, 0, 0, 0, 0, 0, 0, 0]"
what you need to know about sanders' universal healthcare plan,1,1,"[0, 1, 0, 0, 1, 1, 0, 0, 0, 0]","[1, 0, 0, 0, 0, 0, 1, 0, 0, 0]"
what’s next after the latest resignation in the trump administration,1,1,"[1, 0, 0, 0, 0, 0, 0, 0, 0, 1]","[0, 0, 0, 0, 0, 0, 0, 1, 0, 1]"
factbox: many years of rhetoric reflect conflict over jerusalem,0,0,[],"[0, 0, 0, 0, 0, 0, 0, 0, 0, 0]"
kremlin frets u.s. sanctions may hurt european projects like nord stream 2,0,0,[],"[0, 0, 0, 0, 0, 0, 0, 0, 0, 0]"
"‘i was always able to get away with things’: daniel mays on playing bent coppers, acting opposite michael douglas, and working-class bias",0,0,[],"[0, 0, 0, 0, 0, 0, 0, 0, 0, 0]"
thailand prime minister to visit white house on october 3,0,0,[],"[0, 0, 0, 0, 0, 0, 0, 0, 0, 0]"
what remains hidden as zimbabwe's ruling party prepares to sack mugabe,1,1,"[1, 1, 0, 0, 0, 0, 0, 1, 0, 0]","[1, 0, 0, 1, 0, 0, 0, 0, 0, 1]"
the ongoing debate about the use of u.s. sanctions,1,0,"[0, 0, 0, 0, 0, 0, 0, 1, 0, 0]","[0, 0, 0, 0, 0, 0, 0, 0, 0, 0]"
germany says hopes to resume training of kurdish fighters in northern iraq,0,0,[],"[0, 0, 0, 0, 0, 0, 0, 0, 0, 0]"
the urgent action on myanmar that could change everything for refugees,1,1,"[1, 1, 0, 0, 1, 0, 0, 0, 0, 0]","[0, 1, 0, 1, 0, 1, 0, 0, 0, 0]"
the latest predictions on trump's chances are raising serious concerns,1,1,"[0, 0, 1, 0, 0, 0, 0, 0, 0, 0]","[0, 1, 1, 0, 0, 0, 0, 0, 0, 0]"
what remains hidden about nancy reagan's loyalty at her funeral,1,1,"[0, 0, 0, 0, 0, 1, 0, 0, 0, 0]","[1, 0, 0, 0, 0, 0, 0, 0, 0, 0]"
kurdistan region refuses to hand over border crossings to iraqi government: rudaw,0,0,[],"[0, 0, 0, 0, 0, 0, 0, 0, 0, 0]"
"political exclusion risks tearing kenya apart, says opposition leader",0,0,[],"[0, 0, 0, 0, 0, 0, 0, 0, 0, 0]"
obama's visit to a mosque could change everything amid rising tensions,1,1,"[1, 1, 1, 0, 0, 0, 0, 0, 0, 0]","[0, 1, 0, 1, 0, 0, 0, 0, 0, 0]"
japan business lobby throws weight behind pm abe's wage hike plan,0,0,[],"[0, 0, 0, 0, 0, 0, 0, 0, 0, 0]"
u.s. consumer watchdog agency official sues to block trump's pick,0,0,[],"[0, 0, 0, 0, 0, 0, 0, 0, 0, 0]"
malaysia arrests eight over suspected terror links,0,0,[],"[0, 0, 0, 0, 0, 0, 0, 0, 0, 0]"
the major fallout from trump's climate decision that britain is grappling with,1,1,"[0, 1, 0, 1, 0, 0, 0, 0, 0, 0]","[0, 1, 0, 1, 0, 0, 0, 0, 0, 0]"
germany: rule of law must hold in spain,0,0,[],"[0, 0, 0, 0, 0, 0, 0, 0, 0, 0]"
germany says in interests of eu and u.s. to pursue ttip talks,0,0,[],"[0, 0, 0, 0, 0, 0, 0, 0, 0, 0]"
macron reveals the shocking truth about africa's future,1,1,"[0, 1, 0, 0, 1, 0, 0, 0, 0, 0]","[1, 1, 0, 1, 0, 0, 0, 0, 0, 0]"
what remains unclear about the delayed release of nj's 'bridgegate' co-conspirators list,1,1,"[0, 0, 0, 0, 0, 0, 0, 0, 0, 1]","[1, 0, 0, 0, 0, 0, 0, 1, 0, 1]"
could this immigration case change everything for obama's legacy?,1,1,"[0, 1, 0, 0, 0, 1, 0, 0, 1, 0]","[0, 1, 0, 0, 0, 1, 0, 0, 0, 1]"
u.s. criticizes poland for fining u.s.-owned broadcaster tvn,0,0,[],"[0, 0, 0, 0, 0, 0, 0, 0, 0, 0]"
29 sentenced to life: the shocking truth behind argentina's dictatorship crimes,1,1,"[0, 1, 0, 0, 0, 1, 0, 0, 0, 0]","[1, 1, 0, 1, 0, 0, 0, 0, 0, 0]"
mexico's senate picks new electoral prosecutor amid graft spat,0,0,[],"[0, 0, 0, 0, 0, 0, 0, 0, 0, 0]"
macron's significant visit to russia could change everything,1,1,"[0, 1, 0, 0, 0, 0, 0, 0, 0, 0]","[0, 1, 0, 1, 0, 0, 0, 1, 0, 0]"
will koike's new party change japan's political landscape,1,1,"[0, 0, 1, 1, 0, 0, 0, 0, 0, 1]","[0, 0, 0, 0, 0, 0, 0, 1, 0, 1]"
"justice department, fbi resist lawmaker demands for 'trump dossier' files: officials",0,0,[],"[0, 0, 0, 0, 0, 0, 0, 0, 0, 0]"
iranian students feel robbed of their american dreams,0,1,[],"[0, 0, 1, 1, 0, 0, 0, 0, 0, 0]"
this new visa policy could affect countless individuals across nations,1,1,"[0, 0, 0, 0, 0, 1, 0, 0, 0, 0]","[0, 1, 0, 0, 0, 1, 0, 0, 0, 0]"
ex-army boss to be sworn in as zimbabwe vice president on thursday,0,0,[],"[0, 0, 0, 0, 0, 0, 0, 0, 0, 0]"
what will happen when britain's foreign minister meets iran's president,1,1,"[0, 0, 0, 0, 0, 0, 0, 0, 0, 1]","[0, 0, 0, 0, 0, 0, 0, 1, 0, 1]"
china says it will defend interests if u.s. harms trade ties,0,0,[],"[0, 0, 0, 0, 0, 0, 0, 0, 0, 0]"
u.s. calls for u.n. action against iran over yemen missile,0,0,[],"[0, 0, 0, 0, 0, 0, 0, 0, 0, 0]"
the major changes coming to chemical safety oversight after congress's approval,1,0,"[1, 1, 0, 0, 0, 0, 0, 0, 0, 0]","[0, 0, 0, 0, 0, 0, 0, 0, 0, 0]"
senator rand paul hints at major changes to obamacare,1,1,"[0, 1, 0, 0, 0, 0, 0, 0, 0, 0]","[1, 1, 0, 0, 0, 1, 0, 0, 0, 0]"
"iran displays missile, calls trump 'crazy' in marking 1979 u.s. embassy takeover",0,0,[],"[0, 0, 0, 0, 0, 0, 0, 0, 0, 0]"
"irma seen costing more than 1 billion euros in saint martin, saint barth",0,0,[],"[0, 0, 0, 0, 0, 0, 0, 0, 0, 0]"
chicago immigrant claims u.s. retaliated over her activism,0,0,[],"[0, 0, 0, 0, 0, 0, 0, 0, 0, 0]"
what this political move by the pakistan army means for the future,1,1,"[0, 0, 0, 0, 0, 1, 1, 0, 0, 0]","[1, 0, 0, 0, 0, 0, 0, 1, 0, 1]"
what happens next for the eu trade deals before brexit,1,1,"[0, 0, 0, 0, 0, 0, 0, 0, 0, 1]","[0, 0, 0, 0, 0, 0, 0, 1, 0, 1]"
trump loves 'the poorly educated' ... and social media clamors,0,1,[],"[0, 1, 0, 1, 0, 0, 0, 0, 0, 0]"
trump's tweets and russia probe: what you didn't expect to see,1,1,"[0, 0, 0, 0, 0, 0, 0, 0, 1, 0]","[1, 0, 0, 0, 0, 0, 1, 0, 0, 0]"
cuba calls trump's u.n. address 'unacceptable and meddling',0,0,[],"[0, 0, 0, 0, 0, 0, 0, 0, 0, 0]"
the unexpected implications of the brexit bill on uk powers,1,1,"[0, 0, 0, 1, 0, 0, 0, 0, 1, 0]","[0, 0, 0, 1, 0, 0, 0, 0, 1, 0]"
paris olympics may face security contractor shortage,0,0,[],"[0, 0, 0, 0, 0, 0, 0, 0, 0, 0]"
what you don’t know about the thai police crackdown on protesters,1,1,"[0, 0, 1, 0, 0, 0, 0, 1, 0, 0]","[1, 0, 0, 0, 0, 0, 1, 0, 0, 0]"
house republican leaders give no timing for healthcare vote,0,0,[],"[0, 0, 0, 0, 0, 0, 0, 0, 0, 0]"
this lawsuit could change everything for planned parenthood in indiana,1,1,"[0, 0, 0, 0, 1, 0, 1, 1, 0, 0]","[0, 1, 0, 1, 0, 1, 0, 0, 0, 0]"
trump says evangelicals will love his supreme court pick: tv interview,0,0,[],"[0, 0, 0, 0, 0, 0, 0, 0, 0, 0]"
iran vying for leadership of shi'ites in iraq,0,0,[],"[0, 0, 0, 0, 0, 0, 0, 0, 0, 0]"
the top reasons why lawmakers are backing the eu withdrawal bill,1,1,"[0, 1, 1, 0, 0, 1, 0, 0, 0, 0]","[0, 0, 0, 0, 1, 0, 0, 0, 0, 0]"
the dramatic feud between u.s. intelligence and republicans over russian hacking unfolds,1,1,"[1, 1, 0, 0, 0, 0, 0, 0, 0, 0]","[0, 1, 0, 1, 0, 0, 0, 1, 0, 0]"
the major implications of the right to bare arms for women in congress,1,1,"[0, 1, 0, 0, 0, 0, 0, 0, 0, 1]","[0, 1, 0, 1, 0, 0, 0, 0, 1, 0]"
the shocking truth behind the poll on trump's tax plan,1,1,"[1, 0, 0, 0, 0, 0, 0, 0, 0, 0]","[1, 0, 0, 1, 0, 0, 0, 0, 0, 0]"
hamas asks abbas to lift gaza sanctions after disbanding shadow government,0,0,[],"[0, 0, 0, 0, 0, 0, 0, 0, 0, 0]"
what does the fcc chairman's departure mean for you,1,1,"[0, 0, 0, 0, 0, 0, 0, 0, 0, 1]","[0, 0, 0, 0, 0, 0, 1, 0, 0, 1]"
trump ends nine-day overseas trip with a flourish as trouble looms at home,0,1,[],"[0, 0, 0, 1, 0, 0, 0, 0, 1, 0]"
trump suggests more information coming about wiretap claim: fox news interview,0,0,[],"[0, 0, 0, 0, 0, 0, 0, 0, 0, 0]"
5-star leader says italy should quit euro unless rules change,0,0,[],"[0, 0, 0, 0, 0, 0, 0, 0, 0, 0]"
voters should brace for tough reforms in ukraine ahead,1,1,"[0, 1, 0, 0, 0, 0, 1, 0, 0, 1]","[0, 1, 1, 0, 0, 0, 1, 0, 0, 0]"
merkel's significant push for a spring meeting with trump,1,0,"[0, 1, 0, 0, 0, 0, 1, 0, 1, 0]","[0, 0, 0, 0, 0, 0, 0, 0, 0, 0]"
egypt says captured fighter involved in deadly desert attack is libyan,0,0,[],"[0, 0, 0, 0, 0, 0, 0, 0, 0, 0]"
egypt air base attack kills officer in north sinai: military statement,0,0,[],"[0, 0, 0, 0, 0, 0, 0, 0, 0, 0]"
what you don’t see about trump's claim on the healthcare bill's future,1,1,"[1, 0, 0, 1, 0, 0, 0, 0, 0, 1]","[1, 0, 0, 0, 0, 0, 1, 0, 0, 0]"
the dramatic clash between turkey and the eu over negotiations,1,0,"[0, 0, 0, 1, 0, 0, 0, 0, 0, 0]","[0, 0, 0, 0, 0, 0, 0, 0, 0, 0]"
what remains hidden in koike's deal with the opposition before the poll,1,1,"[1, 0, 0, 0, 0, 0, 0, 0, 0, 0]","[1, 0, 0, 0, 0, 0, 0, 0, 0, 1]"
what bloomberg really meant by calling trump's race a con,1,1,"[1, 0, 0, 0, 0, 0, 0, 1, 0, 0]","[1, 0, 0, 1, 0, 0, 0, 0, 0, 1]"
you won't believe how soda taxes could change in california and colorado,1,1,"[0, 0, 0, 0, 0, 0, 1, 0, 0, 0]","[1, 0, 0, 1, 0, 0, 1, 0, 0, 0]"
zika sex research begins despite u.s. congress funding impasse,0,0,[],"[0, 0, 0, 0, 0, 0, 0, 0, 0, 0]"
what you didn't see in reuters' exclusive interview with trump,1,1,"[1, 0, 0, 0, 1, 0, 0, 0, 0, 0]","[1, 0, 0, 0, 0, 0, 1, 0, 0, 0]"
what's the connection between the senate republicans' tax plan and obamacare's future,1,1,"[0, 0, 0, 0, 0, 1, 0, 0, 0, 1]","[1, 0, 0, 0, 0, 0, 0, 0, 1, 1]"
what you should fear about china's decision on north korean businesses,1,1,"[0, 0, 1, 0, 0, 0, 0, 0, 0, 0]","[1, 0, 1, 0, 0, 0, 1, 0, 0, 0]"
treasury's mnuchin: difficult not to cut taxes for top 10 percent,0,0,[],"[0, 0, 0, 0, 0, 0, 0, 0, 0, 0]"
concern rises as republicans target budget office cuts,1,0,"[0, 0, 1, 0, 0, 0, 0, 0, 1, 0]","[0, 0, 0, 0, 0, 0, 0, 0, 0, 0]"
france's le pen congratulates german far-right afd,0,0,[],"[0, 0, 0, 0, 0, 0, 0, 0, 0, 0]"
pressure on as xi's 'belt and road' enshrined in chinese party charter,0,1,[],"[0, 1, 0, 1, 0, 1, 0, 0, 0, 0]"
"unexpectedly, trump's stance on hispanic judge has sparked major controversy",1,1,"[0, 0, 0, 0, 1, 0, 0, 0, 1, 0]","[0, 1, 0, 1, 0, 0, 0, 0, 0, 0]"
what remains hidden in the epa's travel audit of the administrator,1,1,"[0, 0, 0, 0, 0, 1, 0, 1, 0, 0]","[1, 0, 0, 0, 0, 0, 0, 0, 0, 0]"
tennessee lawmaker ousted after sex harassment allegations: media,0,0,[],"[0, 0, 0, 0, 0, 0, 0, 0, 0, 0]"
what happens next with the labor dept's controversial proposal,1,1,"[1, 0, 0, 0, 0, 1, 0, 0, 0, 1]","[1, 0, 0, 0, 0, 0, 0, 1, 0, 1]"
what remains hidden in the turkish banker’s mistrial bid,1,1,"[1, 1, 1, 0, 0, 0, 0, 0, 0, 0]","[1, 0, 0, 1, 0, 0, 0, 0, 0, 0]"
the largest mass wedding in sri lanka you need to see,1,1,"[0, 0, 0, 0, 1, 0, 0, 1, 0, 0]","[0, 0, 0, 1, 1, 0, 1, 0, 0, 0]"
prospects for house vote on gun control measure dims,0,0,[],"[0, 0, 0, 0, 0, 0, 0, 0, 0, 0]"
what you didn't see in the latest damascus conflict,1,1,"[0, 0, 0, 0, 0, 1, 0, 0, 0, 1]","[1, 0, 0, 0, 0, 0, 1, 0, 0, 0]"
major meeting on catalonia you won't want to miss,1,1,"[0, 1, 0, 0, 1, 0, 0, 0, 0, 0]","[0, 1, 0, 1, 0, 0, 1, 0, 0, 0]"
this rare soccer match under china's anthem reveals unexpected interests in both nations,1,1,"[0, 0, 1, 0, 0, 1, 0, 0, 0, 0]","[1, 0, 0, 1, 0, 0, 0, 0, 1, 0]"
find out what's stopping texas clinics from reopening,1,1,"[0, 0, 0, 1, 0, 0, 1, 0, 0, 1]","[1, 0, 0, 0, 0, 0, 1, 0, 0, 1]"
outrage as gunmen target greece's socialist party headquarters,1,0,"[0, 0, 1, 0, 0, 0, 0, 0, 1, 0]","[0, 0, 0, 0, 0, 0, 0, 0, 0, 0]"
russia detains seven members of islamic state cell planning attack: ifax,0,0,[],"[0, 0, 0, 0, 0, 0, 0, 0, 0, 0]"
mccain's vote on the tax bill could spark outrage,1,1,"[0, 0, 1, 0, 0, 0, 0, 0, 0, 1]","[0, 0, 1, 1, 0, 0, 0, 0, 0, 0]"
funerals crowd cemetery of dead from massive mexico quake,0,0,[],"[0, 0, 0, 0, 0, 0, 0, 0, 0, 0]"
eu parliament's brexit negotiator - 'not so pessimistic' about reaching deal,0,0,[],"[0, 0, 0, 0, 0, 0, 0, 0, 0, 0]"
senate intelligence panel to probe russia hacking,0,0,[],"[0, 0, 0, 0, 0, 0, 0, 0, 0, 0]"
the shocking truth about who might lead the fed soon,1,1,"[0, 0, 0, 1, 1, 0, 0, 0, 0, 0]","[1, 1, 0, 1, 0, 0, 0, 0, 0, 0]"
sanaa's streets become battlegrounds as u.n. seeks urgent humanitarian pause,1,0,"[0, 0, 0, 1, 0, 0, 0, 0, 0, 0]","[0, 0, 0, 0, 0, 0, 0, 0, 0, 0]"
catalonia's crisis deepens: what this means for you,1,1,"[0, 0, 0, 0, 0, 1, 1, 0, 0, 0]","[1, 0, 0, 0, 0, 0, 1, 0, 0, 1]"
what you didn't know about trudeau's stance on women's treatment in mexico,1,1,"[1, 0, 0, 0, 0, 0, 0, 0, 0, 0]","[1, 0, 0, 0, 0, 0, 1, 0, 0, 0]"
could a second democratic debate change everything for clinton's campaign,1,1,"[0, 1, 0, 1, 0, 0, 0, 0, 0, 1]","[0, 1, 0, 0, 0, 0, 0, 1, 0, 1]"
german broadcasters won't promote ex-pink floyd frontman's concerts over anti-semitism accusations,0,0,[],"[0, 0, 0, 0, 0, 0, 0, 0, 0, 0]"
what could happen in the upcoming economic dialogue between u.s. and japan,1,1,"[0, 0, 0, 0, 1, 0, 0, 1, 0, 1]","[0, 0, 0, 0, 0, 0, 0, 1, 0, 1]"
what you don't see: the secret behind the kurds' blockade,1,1,"[1, 0, 0, 0, 1, 0, 1, 0, 0, 0]","[1, 0, 0, 0, 0, 0, 1, 0, 0, 0]"
soccer star weah and vp boakai near liberia presidential run-off,0,0,[],"[0, 0, 0, 0, 0, 0, 0, 0, 0, 0]"
"trump says encouraging hatch to run for re-election, possibly blocking a romney bid",0,0,[],"[0, 0, 0, 0, 0, 0, 0, 0, 0, 0]"
jews around world alarmed by far-right breakthrough in germany,0,0,[],"[0, 0, 0, 0, 0, 0, 0, 0, 0, 0]"
what remains hidden in tiktok's battle against the u.s. ban,1,1,"[1, 0, 0, 0, 0, 0, 0, 0, 0, 0]","[1, 0, 0, 1, 0, 0, 0, 0, 0, 0]"
role of tech who set up clinton's server unknown to bosses at state,0,0,[],"[0, 0, 0, 0, 0, 0, 0, 0, 0, 0]"
you won't believe the limited resources the senate allocated to the russia probe,1,1,"[1, 0, 0, 0, 1, 0, 1, 0, 0, 0]","[0, 0, 0, 1, 0, 0, 1, 0, 0, 0]"
"china closes more than 13,000 websites in past three years",0,0,[],"[0, 0, 0, 0, 0, 0, 0, 0, 0, 0]"
this surprising move by the senate could change everything,1,1,"[1, 0, 0, 0, 0, 1, 0, 0, 0, 0]","[1, 1, 0, 1, 0, 0, 0, 0, 0, 0]"
"sanders opposes constitution pipeline between pennsylvania, ny",0,0,[],"[0, 0, 0, 0, 0, 0, 0, 0, 0, 0]"
white house defends portrayal of 'armada' push toward korean peninsula,0,0,[],"[0, 0, 0, 0, 0, 0, 0, 0, 0, 0]"
could this be the unexpected discovery of the sunken russian helicopter,1,1,"[0, 0, 0, 0, 0, 1, 1, 0, 1, 0]","[0, 0, 0, 1, 0, 1, 0, 0, 0, 1]"
trump says not considering firing u.s. special counsel mueller,0,0,[],"[0, 0, 0, 0, 0, 0, 0, 0, 0, 0]"
"russia says continues dialogue with washington on north korea, iran: ria",0,0,[],"[0, 0, 0, 0, 0, 0, 0, 0, 0, 0]"
uk reaffirms commitment to iran nuclear deal in call with trump: may's office,0,0,[],"[0, 0, 0, 0, 0, 0, 0, 0, 0, 0]"
china's probes of rights lawyers 'alarming': human rights watch,0,0,[],"[0, 0, 0, 0, 0, 0, 0, 0, 0, 0]"
u.s. allied syrian groups form civilian council to run deir al-zor,0,0,[],"[0, 0, 0, 0, 0, 0, 0, 0, 0, 0]"
are republicans hiding the real reasons behind tax avoidance,1,1,"[0, 0, 0, 0, 0, 0, 0, 0, 0, 1]","[1, 0, 0, 1, 0, 0, 0, 0, 0, 1]"
are you concerned that trump is closing in on clinton's lead,1,1,"[0, 0, 1, 0, 0, 0, 0, 0, 0, 1]","[0, 0, 1, 0, 0, 0, 1, 0, 0, 1]"
kansas's top arguments against increasing school funding revealed,1,1,"[0, 0, 0, 0, 1, 0, 0, 0, 0, 0]","[0, 0, 0, 0, 1, 0, 0, 0, 0, 0]"
what this immunity means for mugabe's future in zimbabwe,1,1,"[0, 0, 0, 0, 1, 1, 0, 0, 0, 0]","[0, 0, 0, 0, 0, 1, 0, 1, 0, 1]"
lebanon wants good ties with saudi arabia: foreign minister,0,0,[],"[0, 0, 0, 0, 0, 0, 0, 0, 0, 0]"
"the unexpected rise of rubio, christie, and kasich in online debates",1,1,"[0, 0, 0, 0, 1, 0, 0, 1, 1, 0]","[0, 0, 0, 1, 1, 0, 0, 0, 1, 0]"
the shocking truth about the child stars' house of terror revealed,1,1,"[0, 0, 0, 1, 0, 0, 1, 0, 0, 0]","[0, 0, 1, 1, 0, 0, 0, 0, 1, 0]"
russia's putin says hasn't decided if he will run in 2018 election,0,0,[],"[0, 0, 0, 0, 0, 0, 0, 0, 0, 0]"
russia expresses deep concern about north korea nuclear test,0,0,[],"[0, 0, 0, 0, 0, 0, 0, 0, 0, 0]"
new zealand pm-designate confirms review of central bank act,0,0,[],"[0, 0, 0, 0, 0, 0, 0, 0, 0, 0]"
britain says to pursue balanced post-brexit immigration policy,0,0,[],"[0, 0, 0, 0, 0, 0, 0, 0, 0, 0]"
this shocking news from malaysian police reveals a thwarted attack at the sea games,1,1,"[0, 0, 1, 0, 0, 0, 1, 0, 0, 0]","[0, 1, 0, 1, 0, 1, 0, 0, 0, 0]"
what remains hidden in the mexico-u.s. wall payment agreement,1,1,"[1, 0, 0, 0, 0, 0, 0, 0, 0, 0]","[1, 0, 0, 0, 0, 0, 0, 0, 0, 1]"
outrage grows over tillerson's email alias at exxon,1,0,"[0, 1, 1, 0, 0, 0, 0, 0, 0, 0]","[0, 0, 0, 0, 0, 0, 0, 0, 0, 0]"
"judge orders state department to review 14,900 clinton emails",0,0,[],"[0, 0, 0, 0, 0, 0, 0, 0, 0, 0]"
trump's relationship with cameron may surprise you,1,1,"[0, 0, 0, 0, 0, 0, 0, 1, 0, 0]","[0, 0, 0, 1, 0, 0, 1, 0, 0, 0]"
"trump doubles monthly campaign fundraising, lags clinton",0,0,[],"[0, 0, 0, 0, 0, 0, 0, 0, 0, 0]"
this critical move by latin america could change venezuela's fate,1,1,"[1, 0, 0, 0, 1, 1, 0, 0, 0, 0]","[1, 1, 0, 0, 0, 1, 0, 0, 0, 0]"
"u.s. congress to let iran deadline pass, leave decision to trump",0,0,[],"[0, 0, 0, 0, 0, 0, 0, 0, 0, 0]"
france's macron invites hariri and family to france,0,0,[],"[0, 0, 0, 0, 0, 0, 0, 0, 0, 0]"
kansas budget woes weigh on state's credit ratings,0,0,[],"[0, 0, 0, 0, 0, 0, 0, 0, 0, 0]"
u.s. appeals court voids forfeiture of iran-linked new york office tower,0,0,[],"[0, 0, 0, 0, 0, 0, 0, 0, 0, 0]"
british civil servants' union calls nationwide strike ballot,0,0,[],"[0, 0, 0, 0, 0, 0, 0, 0, 0, 0]"
"german spd, conservatives argue over repatriation of syrian refugees",0,0,[],"[0, 0, 0, 0, 0, 0, 0, 0, 0, 0]"
japan adopts additional sanctions against north korea: suga,0,0,[],"[0, 0, 0, 0, 0, 0, 0, 0, 0, 0]"
bounce for australian pm as voters tire of leadership roundabout,0,0,[],"[0, 0, 0, 0, 0, 0, 0, 0, 0, 0]"
republican tax plan may mean slightly less grand sports stadiums,0,0,[],"[0, 0, 0, 0, 0, 0, 0, 0, 0, 0]"
could this unexpected endorsement change everything for cruz,1,1,"[0, 1, 0, 0, 0, 1, 0, 0, 0, 0]","[0, 0, 0, 0, 0, 1, 0, 1, 0, 1]"
the first message from trump after his silence will surprise you,1,1,"[0, 0, 0, 0, 1, 0, 0, 0, 0, 0]","[0, 0, 0, 1, 1, 0, 1, 0, 0, 0]"
"u.s. attorney general dodges trump questions, angering democrats",0,0,[],"[0, 0, 0, 0, 0, 0, 0, 0, 0, 0]"
the top 3 obstacles brexit talks face before december,1,0,"[1, 1, 0, 0, 1, 0, 0, 0, 0, 0]","[0, 0, 0, 0, 0, 0, 0, 0, 0, 0]"
obama warns trump not to spread details of security briefings,0,0,[],"[0, 0, 0, 0, 0, 0, 0, 0, 0, 0]"
what remains hidden in the reports about trump and russia,1,1,"[1, 0, 0, 0, 0, 0, 0, 0, 0, 0]","[1, 0, 0, 0, 0, 0, 0, 0, 0, 1]"
hispanic backers sour on trump after immigration speech,0,0,[],"[0, 0, 0, 0, 0, 0, 0, 0, 0, 0]"
how will bashir's support for the state governor impact voters,1,0,"[1, 0, 0, 0, 0, 0, 1, 0, 0, 0]","[0, 0, 0, 0, 0, 0, 0, 0, 0, 0]"
the dramatic fallout from emory university's police response that has everyone outraged,1,1,"[0, 1, 1, 1, 0, 0, 0, 0, 0, 0]","[0, 1, 1, 1, 0, 0, 0, 0, 0, 0]"
top 5 implications of the judge's ruling on trump's travel ban,1,0,"[0, 0, 0, 0, 1, 0, 0, 0, 0, 0]","[0, 0, 0, 0, 0, 0, 0, 0, 0, 0]"
the u.s. general's ambitious two-year plan to combat the afghan taliban,1,0,"[0, 0, 0, 0, 1, 0, 0, 0, 0, 0]","[0, 0, 0, 0, 0, 0, 0, 0, 0, 0]"
"kazakhstan, kyrgyzstan pledge to improve ties in wake of trade war",0,0,[],"[0, 0, 0, 0, 0, 0, 0, 0, 0, 0]"
u.s. labor department rescinds obama-era rule on 'joint employment',0,0,[],"[0, 0, 0, 0, 0, 0, 0, 0, 0, 0]"
what many investors don't know about technology's potential,1,1,"[1, 0, 0, 0, 0, 0, 1, 0, 1, 0]","[1, 0, 0, 0, 0, 0, 1, 0, 0, 0]"
the top reasons why gorbachev believes democracy is distant,1,1,"[0, 1, 0, 0, 1, 0, 1, 0, 0, 0]","[0, 0, 0, 0, 1, 0, 0, 0, 0, 0]"
this significant troop surge in afghanistan raises concerns,1,0,"[0, 0, 0, 1, 0, 0, 0, 0, 0, 0]","[0, 0, 0, 0, 0, 0, 0, 0, 0, 0]"
trump distances himself from remarks on putin over election meddling,0,0,[],"[0, 0, 0, 0, 0, 0, 0, 0, 0, 0]"
exclusive: fbi probes hacking of democratic congressional group - sources,0,0,[],"[0, 0, 0, 0, 0, 0, 0, 0, 0, 0]"
what you don't see in the search for loved ones in gaza's graves,1,1,"[1, 0, 0, 0, 0, 0, 0, 0, 0, 1]","[1, 0, 0, 1, 0, 0, 1, 0, 0, 0]"
spanish court blocks second law linked to catalan referendum,0,0,[],"[0, 0, 0, 0, 0, 0, 0, 0, 0, 0]"
senate backs massive increase in military spending,0,0,[],"[0, 0, 0, 0, 0, 0, 0, 0, 0, 0]"
"in divided syria, u.s. strike both welcomed and condemned",0,0,[],"[0, 0, 0, 0, 0, 0, 0, 0, 0, 0]"
conditions not ripe for role in spain-catalonia talks: swiss,0,0,[],"[0, 0, 0, 0, 0, 0, 0, 0, 0, 0]"
biden visits iraq in show of support amid multiple crises,0,0,[],"[0, 0, 0, 0, 0, 0, 0, 0, 0, 0]"
obama administration suspends pacific trade deal vote effort,0,0,[],"[0, 0, 0, 0, 0, 0, 0, 0, 0, 0]"
puerto rico could face financial chaos without congress plan: lew,0,0,[],"[0, 0, 0, 0, 0, 0, 0, 0, 0, 0]"
what remains unclear about schiff's white house invitation,1,1,"[1, 0, 0, 1, 0, 0, 0, 1, 0, 0]","[1, 0, 0, 0, 0, 0, 0, 1, 0, 0]"
what remains unclear about tunisia's long-delayed municipal vote in 2018,1,1,"[0, 0, 0, 0, 0, 0, 0, 1, 0, 1]","[1, 0, 0, 0, 0, 0, 0, 1, 0, 0]"
the five key points about the rohingya return process you need to know,1,1,"[0, 0, 0, 0, 1, 0, 0, 1, 0, 0]","[1, 0, 0, 0, 1, 0, 1, 0, 0, 0]"
trump hostility set to deepen iran power struggles,0,0,[],"[0, 0, 0, 0, 0, 0, 0, 0, 0, 0]"
what remains unclear about ryan's fall tax plan,1,1,"[0, 0, 0, 0, 0, 1, 0, 1, 0, 0]","[1, 0, 0, 0, 0, 0, 0, 1, 0, 1]"
what you don’t see behind the russians' hack of the democratic party,1,1,"[1, 0, 0, 0, 0, 0, 0, 0, 0, 1]","[1, 0, 0, 0, 0, 0, 1, 0, 0, 0]"
democrats use trump as bogeyman to get people to vote,0,0,[],"[0, 0, 0, 0, 0, 0, 0, 0, 0, 0]"
deadly twin suicide attack hits damascus police station,0,0,[],"[0, 0, 0, 0, 0, 0, 0, 0, 0, 0]"
republican marco rubio winning wall street fundraising race,0,0,[],"[0, 0, 0, 0, 0, 0, 0, 0, 0, 0]"
"hopes dimming under rubble, mexico woman's texts help save her",0,1,[],"[0, 0, 1, 1, 0, 0, 0, 0, 1, 0]"
tiktok vows to fight 'unconstitutional' us ban,0,0,[],"[0, 0, 0, 0, 0, 0, 0, 0, 0, 0]"
"biden to rebuke trump foreign policy ideas, defend obama strategy",0,0,[],"[0, 0, 0, 0, 0, 0, 0, 0, 0, 0]"
turkey says talk of ending its eu accession undermines europe,0,0,[],"[0, 0, 0, 0, 0, 0, 0, 0, 0, 0]"
immigrant 'dreamers' - and their bosses - wait anxiously for trump decision,0,0,[],"[0, 0, 0, 0, 0, 0, 0, 0, 0, 0]"
outrage as u.s. raises payments for medicare advantage plans,1,0,"[0, 0, 1, 1, 0, 0, 0, 0, 0, 1]","[0, 0, 0, 0, 0, 0, 0, 0, 0, 0]"
what you don’t see in the new cargo screening rules from the u.s.,1,1,"[1, 0, 0, 0, 0, 0, 0, 0, 0, 0]","[1, 0, 0, 0, 0, 0, 1, 0, 0, 0]"
what happens next for u.s. voting rights amid this uncertainty,1,1,"[0, 1, 0, 0, 0, 0, 0, 0, 0, 1]","[0, 0, 0, 0, 0, 1, 0, 1, 0, 1]"
italy's call for u.n. and russia in syria is a significant shift,1,0,"[0, 1, 0, 0, 0, 0, 0, 0, 0, 0]","[0, 0, 0, 0, 0, 0, 0, 0, 0, 0]"
the uncertainty surrounding trump's tax plan has many experts worried,1,0,"[0, 0, 0, 1, 0, 0, 0, 0, 0, 0]","[0, 0, 0, 0, 0, 0, 0, 0, 0, 0]"
what ryan's hints on taxes could mean for you,1,1,"[0, 0, 1, 0, 0, 1, 0, 1, 0, 0]","[1, 0, 0, 0, 0, 0, 1, 0, 0, 1]"
olivia dean's performance evokes hope among her fans,1,0,"[0, 0, 1, 0, 0, 0, 0, 0, 0, 0]","[0, 0, 0, 0, 0, 0, 0, 0, 0, 0]"
myanmar to charge journalists on assignment for turkish state tv: officials,0,0,[],"[0, 0, 0, 0, 0, 0, 0, 0, 0, 0]"
what happens next as turkey closes its border with iraq and opens a new gate,1,1,"[1, 0, 0, 1, 0, 0, 0, 0, 0, 1]","[0, 0, 0, 0, 0, 0, 0, 1, 0, 1]"
how a border tax could divide boeing and its suppliers,0,0,[],"[0, 0, 0, 0, 0, 0, 0, 0, 0, 0]"
are anti-trump talks really gaining traction?,1,1,"[0, 0, 0, 0, 0, 0, 0, 0, 1, 1]","[0, 0, 0, 0, 0, 0, 0, 1, 0, 1]"
what remains unclear about senator durbin's heart procedure,1,1,"[1, 0, 0, 0, 0, 0, 0, 1, 0, 0]","[1, 0, 0, 0, 0, 0, 0, 1, 0, 1]"
why this former mayor's move into the governor race is surprising,1,1,"[0, 0, 0, 0, 0, 1, 0, 0, 1, 0]","[0, 0, 1, 0, 0, 1, 0, 0, 0, 1]"
duterte's drastic move to crush militants: what happens next,1,1,"[0, 0, 0, 1, 0, 0, 0, 0, 0, 1]","[0, 1, 0, 1, 0, 0, 0, 1, 0, 0]"
this detail reveals why taiwan was shut out of u.n. climate talks,1,1,"[1, 0, 0, 0, 1, 1, 0, 0, 0, 0]","[1, 0, 0, 0, 0, 1, 0, 0, 0, 0]"
the surprising majority opinion on trump's stance against kneeling athletes,1,1,"[0, 1, 0, 0, 1, 0, 0, 0, 0, 0]","[1, 0, 0, 1, 0, 0, 0, 0, 0, 0]"
what remains hidden in trump's controversial decisions,1,1,"[1, 0, 0, 0, 0, 0, 0, 1, 1, 0]","[1, 0, 0, 0, 0, 0, 0, 0, 0, 1]"
kremlin: u.s. accusations of russian cyber attacks are 'nonsense' - ifax,0,0,[],"[0, 0, 0, 0, 0, 0, 0, 0, 0, 0]"
what remains hidden about the north korean threat to nato,1,1,"[0, 0, 0, 0, 0, 1, 0, 0, 0, 0]","[1, 0, 0, 0, 0, 0, 0, 0, 0, 0]"
"parents, here's why staying in the eu customs union is crucial",1,1,"[0, 0, 0, 0, 0, 0, 1, 0, 0, 0]","[0, 1, 0, 0, 0, 0, 1, 0, 0, 0]"
the significant shift in trump's appeal to malaysians who desire less foreign interference,1,1,"[0, 1, 0, 0, 0, 0, 0, 1, 0, 0]","[0, 1, 0, 0, 0, 0, 0, 0, 0, 0]"
the surprising truth about tax reform that republicans don't want you to know,1,1,"[0, 1, 0, 0, 1, 0, 0, 0, 0, 1]","[1, 0, 0, 1, 0, 0, 1, 0, 0, 0]"
u.s. senators seek lifetime ban on ex-congress members lobbying,0,0,[],"[0, 0, 0, 0, 0, 0, 0, 0, 0, 0]"
mexico again says there is 'no way' it will pay for trump wall,0,0,[],"[0, 0, 0, 0, 0, 0, 0, 0, 0, 0]"
"abe, trump agree to raise pressure on north korea: japan government",0,0,[],"[0, 0, 0, 0, 0, 0, 0, 0, 0, 0]"
north korea would not commit to peace talks but 'door ajar': u.n. envoy,0,0,[],"[0, 0, 0, 0, 0, 0, 0, 0, 0, 0]"
denuclearization of korean peninsula is u.s. policy: state department,0,0,[],"[0, 0, 0, 0, 0, 0, 0, 0, 0, 0]"
you won't believe what the white house is demanding from malaysia now,1,1,"[1, 0, 0, 0, 0, 0, 1, 0, 0, 0]","[1, 0, 0, 1, 0, 0, 1, 0, 0, 0]"
you won't believe what could happen with russia sanctions this summer,1,1,"[1, 0, 0, 0, 0, 1, 1, 0, 0, 0]","[1, 1, 0, 0, 0, 0, 1, 0, 0, 0]"
the significant new sanctions japan is imposing on north korea,1,0,"[0, 1, 0, 0, 0, 0, 0, 0, 1, 0]","[0, 0, 0, 0, 0, 0, 0, 0, 0, 0]"
what mccain and graham's support for tillerson means for the future,1,1,"[0, 0, 0, 0, 0, 1, 0, 0, 0, 1]","[1, 0, 0, 0, 0, 0, 0, 1, 0, 1]"
warren to campaign with clinton in ohio on monday,0,0,[],"[0, 0, 0, 0, 0, 0, 0, 0, 0, 0]"
"slovakia's far-right party, ruling leftists lose regional elections",0,0,[],"[0, 0, 0, 0, 0, 0, 0, 0, 0, 0]"
arrested u.s. consulate worker in turkey meets lawyer,0,0,[],"[0, 0, 0, 0, 0, 0, 0, 0, 0, 0]"
this unexpected decision by canada is raising eyebrows,1,1,"[0, 0, 0, 0, 0, 0, 0, 0, 1, 0]","[1, 0, 0, 1, 0, 1, 0, 0, 0, 0]"
the concerning predictions about nature destruction and the economy,1,1,"[0, 0, 0, 0, 0, 0, 0, 1, 0, 0]","[0, 0, 1, 0, 0, 0, 0, 0, 0, 0]"
republicans alarmed at talk u.s. may ease iran trade,0,0,[],"[0, 0, 0, 0, 0, 0, 0, 0, 0, 0]"
"trump to 'slap' foes, embrace friends in first u.n. speech: envoy",0,1,[],"[0, 1, 0, 1, 1, 0, 0, 0, 0, 0]"
what unexpected moves are eu leaders making on africa immigration,1,1,"[0, 0, 0, 0, 0, 0, 1, 0, 1, 0]","[0, 0, 0, 1, 0, 0, 0, 0, 0, 1]"
"u.s. budget proposes allowing new toll roads, higher airline security fees",0,0,[],"[0, 0, 0, 0, 0, 0, 0, 0, 0, 0]"
trump goes to his comfort zone: campaigner-in-chief,0,1,[],"[0, 0, 0, 1, 0, 0, 0, 0, 1, 0]"
the top reasons why obama's indonesian vacation is making headlines,1,1,"[0, 1, 0, 0, 1, 0, 0, 0, 0, 0]","[0, 0, 0, 0, 1, 0, 0, 0, 0, 0]"
u.n. discussing resolution after syrian government blamed for sarin attack,0,0,[],"[0, 0, 0, 0, 0, 0, 0, 0, 0, 0]"
the dramatic confusion surrounding mccain's take on trump's immigration order,1,1,"[0, 1, 0, 0, 0, 0, 0, 0, 0, 0]","[0, 1, 0, 1, 0, 0, 0, 0, 0, 0]"
obama digs into research on potential supreme court picks,0,0,[],"[0, 0, 0, 0, 0, 0, 0, 0, 0, 0]"
austria's social democrats urge facebook to unmask people behind smear campaign,0,0,[],"[0, 0, 0, 0, 0, 0, 0, 0, 0, 0]"
possible delay and crime incentives: key takeaways from trump immunity case,0,0,[],"[0, 0, 0, 0, 0, 0, 0, 0, 0, 0]"
boy scouts of america apologizes for trump's 'political rhetoric',0,0,[],"[0, 0, 0, 0, 0, 0, 0, 0, 0, 0]"
what they're not telling you about the protests across the country,1,1,"[0, 0, 0, 0, 0, 1, 0, 0, 0, 0]","[1, 0, 0, 0, 0, 1, 1, 0, 0, 0]"
trump says hopes to avoid use of military action on north korea,0,0,[],"[0, 0, 0, 0, 0, 0, 0, 0, 0, 0]"
dramatic warning about imminent threats from militants,1,1,"[0, 0, 0, 1, 0, 0, 0, 0, 0, 0]","[0, 1, 0, 1, 0, 0, 0, 0, 0, 0]"
brazil government to rework controversial slavery decree,0,0,[],"[0, 0, 0, 0, 0, 0, 0, 0, 0, 0]"
hurricane irma likely to drop to category 4 upon landfall in florida: nhc,0,0,[],"[0, 0, 0, 0, 0, 0, 0, 0, 0, 0]"
second day of jury deliberation for turkish banker ends with no verdict,0,0,[],"[0, 0, 0, 0, 0, 0, 0, 0, 0, 0]"
fcc chairman rejects trump suggestion on broadcast licenses,0,0,[],"[0, 0, 0, 0, 0, 0, 0, 0, 0, 0]"
can cambodia's remarkable growth continue despite global challenges,1,1,"[1, 0, 0, 0, 0, 0, 1, 0, 0, 1]","[0, 1, 0, 0, 0, 0, 0, 1, 0, 1]"
saudi-led air strike kills 26 people in yemen: medics,0,0,[],"[0, 0, 0, 0, 0, 0, 0, 0, 0, 0]"
the top reasons senator collins is undecided on the tax bill vote,1,1,"[0, 1, 0, 0, 1, 0, 0, 1, 0, 0]","[0, 0, 0, 0, 1, 0, 0, 0, 0, 0]"
what led clovis to withdraw from trump's administration post might shock you,1,1,"[1, 0, 0, 0, 0, 0, 1, 0, 0, 0]","[1, 0, 1, 0, 0, 0, 1, 0, 0, 0]"
dramatic testimony from trump's son in russia probe raises questions,1,1,"[0, 0, 0, 1, 0, 1, 0, 0, 0, 0]","[0, 1, 0, 1, 0, 0, 0, 0, 0, 0]"
what does hamas' decision to free fatah men really mean,1,1,"[1, 0, 1, 0, 0, 0, 0, 0, 0, 1]","[1, 0, 0, 0, 0, 0, 0, 0, 0, 1]"
what this appeal means for election day registrations in illinois,1,1,"[0, 0, 0, 0, 1, 1, 0, 0, 0, 0]","[0, 0, 0, 0, 0, 1, 0, 0, 0, 1]"
cost of modernizing u.s. nuclear weapons to fall to next president,0,0,[],"[0, 0, 0, 0, 0, 0, 0, 0, 0, 0]"
venezuela has not told u.n. it is changing representative: official,0,0,[],"[0, 0, 0, 0, 0, 0, 0, 0, 0, 0]"
peru's kuczynski says will not resign over odebrecht scandal,0,0,[],"[0, 0, 0, 0, 0, 0, 0, 0, 0, 0]"
supreme court appears sharply divided in emergency abortion case,0,0,[],"[0, 0, 0, 0, 0, 0, 0, 0, 0, 0]"
"after iran shock, nervous europe girds for next trump salvo",0,1,[],"[0, 0, 1, 1, 0, 0, 0, 1, 0, 0]"
you won't believe the humble exile of the catalan leader in belgium,1,1,"[0, 0, 0, 0, 0, 0, 1, 0, 0, 0]","[1, 0, 0, 1, 0, 0, 1, 0, 0, 0]"
what remains hidden about temer's warning on pension reform in brazil,1,1,"[0, 1, 0, 0, 1, 0, 0, 1, 0, 0]","[1, 0, 0, 0, 0, 0, 0, 0, 0, 0]"
outrage grows over pakistani court's death sentence for blasphemy,1,0,"[1, 0, 1, 0, 0, 0, 0, 0, 1, 0]","[0, 0, 0, 0, 0, 0, 0, 0, 0, 0]"
what you didn't expect from china's new military website,1,1,"[0, 0, 0, 0, 0, 1, 0, 0, 1, 0]","[1, 0, 0, 0, 0, 1, 1, 0, 0, 0]"
brexit deal agreed on all irish issues - irish government sources,0,0,[],"[0, 0, 0, 0, 0, 0, 0, 0, 0, 0]"
"china gets an early win off trump, but many battles remain",0,1,[],"[0, 0, 0, 1, 0, 0, 0, 1, 0, 0]"
the unexpected rise in crime rates before the olympics in paris,1,0,"[0, 0, 0, 0, 0, 1, 0, 0, 0, 0]","[0, 0, 0, 0, 0, 0, 0, 0, 0, 0]"
warren to keep up assault on white house hopeful trump over judge comments,0,0,[],"[0, 0, 0, 0, 0, 0, 0, 0, 0, 0]"
investors are worried about trump's unexpected move with goldman sachs,1,1,"[0, 0, 0, 0, 0, 1, 1, 0, 0, 0]","[0, 0, 1, 0, 0, 0, 1, 0, 0, 0]"
italy's former pm renzi loses more allies as election nears,0,0,[],"[0, 0, 0, 0, 0, 0, 0, 0, 0, 0]"
what the latest islamic state attacks reveal about their strategy,1,1,"[0, 0, 0, 0, 0, 0, 0, 0, 1, 1]","[1, 0, 0, 0, 0, 0, 0, 0, 0, 1]"
trump says disappointed about collapse of obamacare repeal bill,0,0,[],"[0, 0, 0, 0, 0, 0, 0, 0, 0, 0]"
this unexpected decision by a trump critic could shift politics,1,1,"[0, 0, 0, 0, 0, 0, 0, 0, 1, 0]","[0, 0, 0, 1, 0, 1, 0, 0, 0, 0]"
what the eu's mogherini reveals about the us and iran deal,1,1,"[0, 0, 0, 1, 0, 0, 0, 0, 0, 0]","[1, 0, 0, 0, 0, 0, 0, 0, 0, 0]"
top officials implicated in millicom graft probe,1,0,"[0, 0, 0, 0, 1, 0, 0, 0, 0, 0]","[0, 0, 0, 0, 0, 0, 0, 0, 0, 0]"
outrage grows over threats to alaska senators amid healthcare vote,1,0,"[0, 0, 1, 0, 0, 0, 0, 0, 0, 0]","[0, 0, 0, 0, 0, 0, 0, 0, 0, 0]"
"philippines' duterte, in about-face, says he supports same-sex unions",0,0,[],"[0, 0, 0, 0, 0, 0, 0, 0, 0, 0]"
the significant implications of north korea's nuclear threats revealed,1,1,"[0, 0, 0, 1, 1, 0, 0, 0, 0, 0]","[0, 1, 0, 1, 0, 0, 0, 0, 0, 0]"
factbox: long history of u.s. leakers to media facing charges,0,0,[],"[0, 0, 0, 0, 0, 0, 0, 0, 0, 0]"
the dramatic clarification johnson must make about the jailed aid worker in iran,1,1,"[1, 1, 0, 0, 0, 0, 0, 0, 0, 0]","[0, 1, 0, 1, 0, 0, 0, 0, 0, 0]"
the hidden dangers of the zika virus you need to know,1,1,"[1, 0, 0, 0, 0, 1, 1, 0, 0, 0]","[1, 0, 0, 1, 0, 0, 1, 0, 0, 0]"
how putin's backing changes the landscape of russian foreign policy,1,0,"[0, 0, 0, 0, 0, 0, 0, 0, 1, 0]","[0, 0, 0, 0, 0, 0, 0, 0, 0, 0]"
"on shanghai outskirts, some residents unmoved as china unveils leadership",0,0,[],"[0, 0, 0, 0, 0, 0, 0, 0, 0, 0]"
top secrets revealed in pentagon's upcoming budget preview,1,1,"[1, 0, 0, 0, 1, 1, 0, 0, 0, 0]","[1, 1, 0, 0, 1, 0, 0, 0, 0, 0]"
the latest on todd palin's critical condition after a snowmobile accident,1,0,"[0, 0, 0, 0, 0, 0, 0, 1, 0, 0]","[0, 0, 0, 0, 0, 0, 0, 0, 0, 0]"
what you don’t see in trump's defense of manafort's past charges,1,1,"[1, 0, 0, 0, 0, 0, 0, 1, 0, 0]","[1, 0, 0, 0, 0, 0, 1, 0, 0, 0]"
this major visit by sessions has implications for voters everywhere,1,1,"[0, 1, 0, 0, 0, 0, 1, 0, 0, 0]","[0, 1, 0, 0, 0, 1, 1, 0, 0, 0]"
what remains hidden from the saudi minister's visit to north syria,1,1,"[1, 0, 0, 0, 0, 0, 0, 0, 0, 0]","[1, 0, 0, 0, 0, 0, 0, 0, 0, 0]"
the unexpected consequences of trump's tax proposal for new york,1,1,"[0, 0, 0, 0, 0, 0, 0, 0, 1, 0]","[0, 0, 0, 1, 0, 0, 0, 0, 0, 0]"
trump nominates white house aide for homeland security post,0,0,[],"[0, 0, 0, 0, 0, 0, 0, 0, 0, 0]"
myanmar's suu kyi to visit china amid western criticism over rohingya exodus,0,0,[],"[0, 0, 0, 0, 0, 0, 0, 0, 0, 0]"
have you heard what trump said that shocked u.s. allies,1,1,"[0, 1, 0, 0, 0, 0, 0, 0, 0, 1]","[0, 0, 1, 0, 0, 0, 1, 0, 0, 1]"
this landmark ruling in the weinstein case has left many in shock,1,1,"[0, 0, 0, 0, 1, 0, 0, 0, 1, 0]","[0, 1, 1, 0, 0, 1, 0, 0, 0, 0]"
u.s. house republican mccarthy wants to fix iran nuclear deal,0,0,[],"[0, 0, 0, 0, 0, 0, 0, 0, 0, 0]"
the most surprising facts behind the surge in syrian refugee admissions,1,1,"[0, 0, 0, 0, 1, 0, 0, 0, 0, 0]","[1, 0, 0, 1, 1, 0, 0, 0, 0, 0]"
could macron's speech be the turning point for europe,1,1,"[0, 0, 0, 0, 0, 0, 0, 0, 0, 1]","[0, 1, 0, 0, 0, 0, 0, 1, 0, 1]"
exclusive: majority of americans support transgender military service - poll,0,0,[],"[0, 0, 0, 0, 0, 0, 0, 0, 0, 0]"
"mccain, rubio win republican nod in u.s. senate races",0,0,[],"[0, 0, 0, 0, 0, 0, 0, 0, 0, 0]"
meta ai spending plans cause share price slump,0,0,[],"[0, 0, 0, 0, 0, 0, 0, 0, 0, 0]"
the surprising insights you may find in the nominee's job creation theory,1,1,"[0, 0, 0, 0, 0, 1, 1, 0, 0, 0]","[1, 0, 0, 0, 0, 0, 1, 0, 0, 0]"
this new ban from iran has everyone talking about trump's impact,1,1,"[0, 0, 1, 1, 0, 0, 0, 0, 0, 1]","[0, 0, 0, 1, 0, 1, 0, 0, 0, 0]"
seven bodies found in migrant boat off libya,0,0,[],"[0, 0, 0, 0, 0, 0, 0, 0, 0, 0]"
what happens next in obama's meeting with key republican leaders,1,1,"[1, 0, 0, 0, 0, 0, 0, 0, 0, 0]","[1, 0, 0, 0, 0, 0, 0, 1, 0, 1]"
the unexpected reasons may believes she will win the brexit deal you must see,1,1,"[0, 1, 0, 1, 0, 1, 0, 0, 0, 0]","[1, 0, 0, 0, 0, 0, 1, 0, 0, 0]"
australia to fit warships with anti-missile defense systems,0,0,[],"[0, 0, 0, 0, 0, 0, 0, 0, 0, 0]"
what remains hidden about kerimov's immunity status,1,1,"[1, 0, 0, 0, 0, 0, 0, 0, 0, 0]","[1, 0, 0, 0, 0, 0, 0, 0, 0, 0]"
senators want to change massive new israel aid package,0,1,[],"[0, 1, 0, 0, 0, 0, 0, 0, 0, 0]"
what you don’t know about the zuma author's legal troubles,1,1,"[0, 0, 0, 0, 0, 0, 0, 1, 0, 0]","[1, 0, 0, 0, 0, 0, 1, 0, 0, 0]"
italy's berlusconi says center-right agrees pact on next pm candidate,0,0,[],"[0, 0, 0, 0, 0, 0, 0, 0, 0, 0]"
uk's foreign minister warns you about the significant gloom in eu talks,1,1,"[0, 0, 1, 0, 0, 0, 1, 0, 0, 0]","[0, 1, 1, 0, 0, 0, 1, 0, 0, 0]"
what this indonesian 'trump' is really hiding about his presidency plans,1,1,"[1, 0, 0, 1, 0, 0, 0, 0, 0, 0]","[1, 0, 0, 0, 0, 0, 0, 0, 1, 1]"
u.s. to continue supporting engagement with cuban people: kerry,0,0,[],"[0, 0, 0, 0, 0, 0, 0, 0, 0, 0]"
the outrage surrounding abedin's decision to leave weiner,1,1,"[0, 0, 1, 0, 0, 0, 0, 0, 0, 0]","[0, 0, 1, 0, 0, 0, 0, 0, 0, 0]"
are government scientists really defying trump on twitter? find out,1,1,"[0, 0, 0, 0, 0, 0, 0, 0, 0, 1]","[1, 0, 0, 0, 0, 0, 0, 1, 0, 1]"
u.s. house democrats will introduce new version of senate russia bill,0,0,[],"[0, 0, 0, 0, 0, 0, 0, 0, 0, 0]"
why the house speaker's stance against banning muslims could impact you,1,1,"[0, 0, 1, 0, 0, 1, 1, 0, 0, 0]","[1, 0, 0, 0, 0, 0, 1, 0, 0, 1]"
spain will not rule out exceptional measures over catalonia,0,0,[],"[0, 0, 0, 0, 0, 0, 0, 0, 0, 0]"
hariri's surprising journey from saudi arabia to the uae,1,1,"[0, 0, 0, 0, 0, 0, 0, 0, 1, 0]","[0, 0, 0, 1, 0, 0, 0, 0, 1, 0]"
"volkswagen says offices of cfo, hr chief, chairman raided by tax authorities and prosecutors",0,0,[],"[0, 0, 0, 0, 0, 0, 0, 0, 0, 0]"
what happens next with european businesses and u.s. sanctions on russia,1,1,"[0, 0, 0, 0, 0, 0, 0, 1, 0, 0]","[1, 0, 0, 0, 0, 0, 0, 1, 0, 1]"
what remains hidden about trump's rally and stock options for ceos,1,1,"[1, 0, 0, 0, 0, 0, 0, 0, 0, 0]","[1, 0, 0, 0, 0, 0, 0, 0, 1, 0]"
death toll in egypt north sinai mosque attack rises to 235: state television,0,0,[],"[0, 0, 0, 0, 0, 0, 0, 0, 0, 0]"
"factbox: trump on twitter (june 9) - comey, dodd-frank repeal, jobs",0,0,[],"[0, 0, 0, 0, 0, 0, 0, 0, 0, 0]"
the implications of trump's major agreement with south korea,1,1,"[0, 0, 0, 1, 0, 1, 1, 0, 0, 0]","[1, 1, 0, 0, 0, 0, 0, 0, 0, 0]"
what remains hidden about the u.s. military's air strike against isis in somalia,1,1,"[1, 0, 0, 0, 0, 0, 0, 0, 0, 0]","[1, 0, 0, 0, 0, 1, 0, 0, 0, 0]"
u.s. labor department to delay 'fiduciary' rule for 60 days pending review,0,0,[],"[0, 0, 0, 0, 0, 0, 0, 0, 0, 0]"
security hustles trump from stage after protester displays sign,0,0,[],"[0, 0, 0, 0, 0, 0, 0, 0, 0, 0]"
epa nominee will review vehicle emissions rules,0,0,[],"[0, 0, 0, 0, 0, 0, 0, 0, 0, 0]"
timeline: zika's origin and global spread,0,0,[],"[0, 0, 0, 0, 0, 0, 0, 0, 0, 0]"
the largest movements urged by hezbollah for a new uprising,1,1,"[0, 0, 0, 0, 1, 1, 0, 0, 0, 0]","[0, 0, 0, 1, 1, 0, 0, 0, 0, 0]"
could the need for unions be overrated? a shocking perspective emerges,1,1,"[0, 1, 0, 0, 0, 0, 0, 0, 1, 0]","[0, 0, 0, 1, 0, 0, 0, 0, 0, 1]"
the surprising decision by interpol to approve palestine's membership despite israeli objections,1,0,"[1, 0, 0, 0, 1, 0, 0, 0, 0, 0]","[0, 0, 0, 0, 0, 0, 0, 0, 0, 0]"
what happens when a known offender strikes at amsterdam airport,1,1,"[0, 1, 0, 0, 0, 0, 0, 0, 1, 0]","[0, 0, 0, 1, 0, 0, 0, 1, 0, 1]"
first charges filed in russia probe led by u.s. special counsel: source,0,0,[],"[0, 0, 0, 0, 0, 0, 0, 0, 0, 0]"
"netanyahu, trump align on iran ahead of israeli leader's visit",0,0,[],"[0, 0, 0, 0, 0, 0, 0, 0, 0, 0]"
trump's candidacy creates unexpected tension in japan's alliances,1,0,"[0, 0, 1, 0, 0, 0, 0, 1, 1, 0]","[0, 0, 0, 0, 0, 0, 0, 0, 0, 0]"
u.s. appeals court weighs revealing 'bridgegate' co-conspirators,0,0,[],"[0, 0, 0, 0, 0, 0, 0, 0, 0, 0]"
this is what the eu is debating over u.s. sanctions on russia,1,1,"[0, 0, 0, 0, 0, 1, 0, 0, 0, 0]","[1, 0, 0, 0, 0, 1, 0, 0, 0, 0]"
the outcome remains unclear after trump's defense chief visit,1,0,"[0, 0, 0, 0, 0, 0, 0, 1, 0, 0]","[0, 0, 0, 0, 0, 0, 0, 0, 0, 0]"
the urgent need for help for puerto rico's disabled citizens,1,0,"[0, 0, 0, 1, 0, 0, 0, 1, 0, 0]","[0, 0, 0, 0, 0, 0, 0, 0, 0, 0]"
assange says wikileaks to release 'significant' clinton campaign data,0,0,[],"[0, 0, 0, 0, 0, 0, 0, 0, 0, 0]"
house to vote on self-driving car legislation next week,0,0,[],"[0, 0, 0, 0, 0, 0, 0, 0, 0, 0]"
‘demolishing democracy’: how much danger does christian nationalism pose?,0,1,[],"[0, 1, 1, 0, 0, 0, 0, 0, 0, 1]"
what us spies say about putin and navalny's shocking situation,1,1,"[0, 1, 1, 0, 0, 1, 0, 0, 0, 0]","[1, 1, 0, 1, 0, 0, 0, 0, 0, 0]"
trump's unexpected concerns about nato and nuclear weapons,1,1,"[0, 0, 0, 0, 1, 1, 0, 0, 0, 0]","[0, 0, 1, 0, 0, 0, 0, 0, 1, 0]"
twelve north african stowaways sent home after three-month ferry ordeal,0,0,[],"[0, 0, 0, 0, 0, 0, 0, 0, 0, 0]"
outrage grows as u.s. demands answers over staff arrest in turkey,1,0,"[0, 0, 1, 0, 0, 0, 0, 0, 0, 0]","[0, 0, 0, 0, 0, 0, 0, 0, 0, 0]"
abbas: palestinians will go to security council over full u.n. membership,0,0,[],"[0, 0, 0, 0, 0, 0, 0, 0, 0, 0]"
senator rand paul says would consider partial repeal of obamacare,0,0,[],"[0, 0, 0, 0, 0, 0, 0, 0, 0, 0]"
experts warn of unprecedented impact from hurricane irma,1,0,"[0, 1, 0, 0, 0, 0, 0, 0, 0, 0]","[0, 0, 0, 0, 0, 0, 0, 0, 0, 0]"
senators call for panel to investigate russian hacking,0,0,[],"[0, 0, 0, 0, 0, 0, 0, 0, 0, 0]"
trump appointee gorsuch energetic in first u.s. high court arguments,0,0,[],"[0, 0, 0, 0, 0, 0, 0, 0, 0, 0]"
nepal's decision to scrap a major deal raises eyebrows,1,1,"[0, 0, 0, 0, 0, 0, 1, 0, 0, 0]","[0, 1, 0, 1, 0, 0, 0, 0, 0, 0]"
the unexpected connection between trump's plan and global copper prices,1,1,"[0, 0, 0, 0, 0, 0, 0, 0, 1, 0]","[0, 0, 0, 0, 0, 0, 0, 0, 1, 0]"
could volkswagen's latest scandal reveal shocking truths about corporate governance,1,1,"[0, 0, 0, 0, 0, 0, 0, 0, 0, 1]","[0, 1, 1, 0, 0, 0, 0, 0, 0, 1]"
the unexpected move catalan leader puigdemont is about to make,1,1,"[0, 0, 1, 1, 0, 0, 0, 0, 1, 0]","[1, 0, 0, 0, 0, 1, 0, 1, 0, 0]"
majority of people in france now dissatisfied with macron: poll,0,0,[],"[0, 0, 0, 0, 0, 0, 0, 0, 0, 0]"
senators ask treasury to probe u.s. links to 'panama papers' firm,0,0,[],"[0, 0, 0, 0, 0, 0, 0, 0, 0, 0]"
why clinton's take on the supreme court ruling is raising eyebrows,1,1,"[1, 0, 0, 0, 0, 1, 0, 0, 1, 0]","[1, 0, 0, 0, 0, 0, 0, 0, 0, 1]"
moldova pm confident of securing eu funding in 2018,0,0,[],"[0, 0, 0, 0, 0, 0, 0, 0, 0, 0]"
what will happen next in zuma's investigation into influence-peddling,1,1,"[0, 0, 1, 0, 0, 0, 1, 0, 0, 0]","[0, 0, 0, 0, 0, 0, 0, 1, 0, 1]"
tennis: halep keeps her wits to reach round three,0,0,[],"[0, 0, 0, 0, 0, 0, 0, 0, 0, 0]"
what could trump's infrastructure bank mean for investors,1,1,"[0, 0, 1, 0, 0, 0, 0, 1, 0, 0]","[0, 0, 0, 0, 0, 0, 1, 0, 0, 1]"
german coalition candidates want 40 percent cut in co2 emissions by 2020: sources,0,0,[],"[0, 0, 0, 0, 0, 0, 0, 0, 0, 0]"
is duterte's shocking decision to abandon peace talks with maoist rebels a dangerous move,1,1,"[0, 0, 0, 0, 0, 0, 0, 0, 0, 1]","[0, 1, 0, 1, 0, 0, 0, 0, 0, 1]"
china pushing billions into iranian economy as western firms stall,0,0,[],"[0, 0, 0, 0, 0, 0, 0, 0, 0, 0]"
what remains hidden about syria's energy production surge,1,1,"[1, 0, 0, 1, 0, 0, 0, 0, 0, 1]","[1, 0, 0, 0, 0, 0, 0, 0, 0, 0]"
the unexpected links between trump's willingness and comey's testimony,1,1,"[0, 0, 0, 0, 1, 0, 0, 0, 1, 0]","[0, 0, 0, 1, 0, 0, 0, 0, 1, 0]"
is the healthcare debate about to take a surprising turn,1,1,"[0, 0, 0, 0, 0, 1, 0, 0, 0, 1]","[0, 0, 0, 1, 0, 0, 0, 1, 0, 1]"
the dramatic simulation of commandos storming a plane in the philippines,1,1,"[0, 0, 1, 1, 0, 0, 0, 0, 1, 0]","[0, 1, 0, 1, 0, 0, 0, 0, 0, 0]"
this controversial ban on preachers could change singapore forever,1,1,"[0, 0, 0, 0, 0, 0, 1, 1, 1, 0]","[0, 1, 0, 1, 0, 1, 0, 0, 0, 0]"
nine killed in fighting between different branches of somali government forces: police,0,0,[],"[0, 0, 0, 0, 0, 0, 0, 0, 0, 0]"
what you don’t see in austria's conservatives' coalition deal,1,1,"[0, 0, 0, 0, 0, 0, 1, 0, 0, 0]","[1, 0, 0, 0, 0, 0, 1, 0, 0, 0]"
stop-gap bill unveiled to fund u.s. government until jan. 19,0,0,[],"[0, 0, 0, 0, 0, 0, 0, 0, 0, 0]"
is there more to the emir's hospital visit than meets the eye,1,1,"[0, 0, 1, 0, 0, 1, 0, 0, 0, 1]","[1, 0, 0, 0, 0, 0, 0, 0, 0, 1]"
tennessee bill would allow counselors to deny service based on religion,0,0,[],"[0, 0, 0, 0, 0, 0, 0, 0, 0, 0]"
what you don't see about the tragic bomb incident in somalia's puntland,1,1,"[1, 0, 0, 0, 0, 0, 1, 0, 1, 0]","[1, 0, 0, 1, 0, 0, 1, 0, 0, 0]"
what remains hidden about trump's conflicts with local governments,1,1,"[1, 0, 0, 1, 0, 0, 0, 0, 1, 0]","[1, 0, 0, 0, 0, 0, 0, 0, 0, 0]"
cuba and north korea's bold response to u.s. demands will shock you,1,1,"[0, 1, 1, 0, 0, 1, 0, 0, 0, 0]","[0, 1, 1, 0, 0, 0, 1, 0, 0, 0]"
the shocking refusal of sessions to discuss trump's russia conversations raises questions,1,1,"[0, 0, 0, 1, 1, 0, 0, 0, 0, 1]","[1, 0, 1, 0, 0, 0, 0, 0, 0, 0]"
trump claims end to 'war on coal' but what utilities are really doing,1,1,"[1, 0, 0, 0, 1, 0, 0, 0, 0, 0]","[1, 0, 0, 0, 0, 0, 0, 0, 0, 1]"
democrats urge trump to step up on drug prices,1,0,"[0, 0, 0, 0, 0, 0, 1, 0, 0, 0]","[0, 0, 0, 0, 0, 0, 0, 0, 0, 0]"
dramatic new deal to save state water programs unveiled,1,1,"[0, 0, 0, 1, 0, 0, 0, 0, 0, 0]","[0, 1, 0, 1, 0, 0, 0, 0, 0, 0]"
what you need to know about trump's evolving counterterrorism strategy,1,1,"[0, 0, 0, 0, 0, 0, 0, 1, 0, 1]","[1, 0, 0, 0, 0, 0, 1, 0, 0, 0]"
british foreign minister arrives in u.s. to meet trump advisers,0,0,[],"[0, 0, 0, 0, 0, 0, 0, 0, 0, 0]"
"in trump's ohio bastion, supporters dismiss uproar over donald jr.",0,0,[],"[0, 0, 0, 0, 0, 0, 0, 0, 0, 0]"
what remains hidden in the rights groups' urgent plea to china,1,1,"[0, 1, 0, 0, 0, 0, 0, 1, 0, 0]","[1, 0, 0, 0, 0, 0, 0, 0, 0, 1]"
u.s. pledges up to $60 million for security in sahel region,0,0,[],"[0, 0, 0, 0, 0, 0, 0, 0, 0, 0]"
what remains hidden about ireland's election prospects,1,1,"[1, 0, 0, 0, 0, 1, 0, 0, 0, 0]","[1, 0, 0, 0, 0, 0, 0, 0, 0, 1]"
house opens inquiry into deaths of drug-dependent newborns,0,0,[],"[0, 0, 0, 0, 0, 0, 0, 0, 0, 0]"
u.s. house to weigh $622.1 million in new zika funding,0,0,[],"[0, 0, 0, 0, 0, 0, 0, 0, 0, 0]"
what voters need to know about the surprising election results,1,1,"[1, 0, 0, 0, 0, 0, 1, 0, 1, 0]","[1, 0, 0, 0, 0, 0, 1, 0, 0, 0]"
major developments as treasury's weiss prepares for puerto rico hearing,1,1,"[0, 1, 1, 0, 0, 0, 0, 0, 0, 0]","[0, 1, 0, 1, 0, 0, 0, 0, 0, 0]"
top concerns of chinese tourists in paris after muggings,1,0,"[0, 0, 0, 0, 1, 0, 0, 0, 0, 0]","[0, 0, 0, 0, 0, 0, 0, 0, 0, 0]"
russian islamic state fighter sentenced to hang in iraq,0,0,[],"[0, 0, 0, 0, 0, 0, 0, 0, 0, 0]"
this unexpected move in post-brexit negotiations could change everything,1,1,"[0, 0, 0, 0, 0, 1, 1, 0, 0, 1]","[0, 1, 0, 1, 0, 1, 0, 0, 0, 0]"
you won't believe what the uk just committed to regarding the iran deal,1,1,"[0, 0, 0, 0, 1, 0, 1, 0, 0, 0]","[1, 1, 0, 0, 0, 0, 1, 0, 0, 0]"
u.s. requires enhanced screening of cargo from turkey,0,0,[],"[0, 0, 0, 0, 0, 0, 0, 0, 0, 0]"
why the swiss are finally stopping income seizures from asylum seekers,1,1,"[1, 0, 0, 0, 0, 0, 1, 1, 0, 0]","[1, 0, 0, 0, 0, 0, 0, 0, 0, 1]"
"trump, clinton spend much of debate insulting each other",0,0,[],"[0, 0, 0, 0, 0, 0, 0, 0, 0, 0]"
what remains hidden about qatar's stance on arab states,1,1,"[1, 1, 0, 0, 0, 0, 0, 0, 0, 0]","[1, 0, 0, 0, 0, 0, 0, 0, 0, 0]"
what happens next in the senator's investigation of the pentagon,1,1,"[0, 0, 0, 0, 0, 1, 0, 1, 0, 1]","[0, 0, 0, 0, 0, 0, 0, 1, 0, 1]"
former trump adviser papadopoulos pleads guilty to lying to fbi,0,0,[],"[0, 0, 0, 0, 0, 0, 0, 0, 0, 0]"
house speaker: may need a temporary bill to fund government past dec. 8,0,0,[],"[0, 0, 0, 0, 0, 0, 0, 0, 0, 0]"
5 ways ardern's new leadership will change new zealand's future,1,1,"[0, 0, 1, 1, 1, 0, 0, 0, 0, 0]","[0, 0, 0, 0, 1, 0, 0, 0, 0, 0]"
what remains hidden in the kremlin's wait for trump's signals,1,1,"[1, 0, 0, 1, 0, 0, 0, 0, 0, 1]","[1, 0, 0, 0, 0, 0, 0, 0, 0, 0]"
the shocking details behind pierce's arrest over political scuffle,1,1,"[0, 0, 0, 1, 0, 0, 0, 0, 0, 0]","[1, 0, 0, 1, 0, 0, 0, 0, 0, 0]"
the unexpected support china offers to cambodia's development,1,1,"[1, 0, 0, 1, 0, 0, 0, 0, 0, 0]","[0, 0, 0, 1, 0, 0, 0, 0, 1, 0]"
china says it supports cambodia in pursuing its own development path,0,0,[],"[0, 0, 0, 0, 0, 0, 0, 0, 0, 0]"
senate primary-race pressures work against obama's court nominee,0,0,[],"[0, 0, 0, 0, 0, 0, 0, 0, 0, 0]"
what's next for ethics in congress after this move,1,1,"[0, 0, 0, 0, 0, 0, 0, 1, 0, 0]","[0, 0, 0, 0, 0, 1, 0, 1, 0, 1]"
what happens next as erdogan's historic visit to greece approaches,1,1,"[0, 0, 0, 0, 0, 1, 0, 1, 1, 0]","[0, 1, 0, 0, 0, 0, 0, 1, 0, 1]"
"trump's first year in office marked by controversy, protests",0,0,[],"[0, 0, 0, 0, 0, 0, 0, 0, 0, 0]"
what kennedy's wavering means for the future of abortion rights,1,1,"[0, 0, 1, 0, 0, 0, 1, 0, 0, 1]","[1, 0, 0, 0, 0, 0, 0, 0, 0, 1]"
the latest developments in gun control remain unclear amid rising tensions,1,0,"[1, 0, 0, 0, 1, 0, 0, 1, 0, 0]","[0, 0, 0, 0, 0, 0, 0, 0, 0, 0]"
what trump's statement on the 'one china' policy really means for the u.s.,1,1,"[0, 0, 1, 0, 0, 0, 0, 0, 0, 0]","[1, 0, 0, 0, 0, 0, 0, 0, 0, 1]"
twitter reveals shocking details about russia-backed ads you need to know,1,1,"[0, 0, 0, 1, 1, 0, 1, 0, 0, 0]","[0, 0, 0, 1, 0, 0, 1, 0, 0, 0]"
virginia high court hears republican voting-rights lawsuit,0,0,[],"[0, 0, 0, 0, 0, 0, 0, 0, 0, 0]"
iraq hangs 38 sunni militants in mass execution: justice ministry,0,0,[],"[0, 0, 0, 0, 0, 0, 0, 0, 0, 0]"
bangladesh pm's statement raises concerns about the refugee crisis,1,0,"[0, 0, 0, 0, 0, 0, 1, 0, 0, 0]","[0, 0, 0, 0, 0, 0, 0, 0, 0, 0]"
california voters embrace recreational marijuana,0,0,[],"[0, 0, 0, 0, 0, 0, 0, 0, 0, 0]"
what you don’t see behind trump's privatization plans,1,1,"[1, 0, 0, 0, 0, 0, 0, 0, 0, 0]","[1, 0, 0, 0, 0, 0, 1, 0, 0, 0]"
at least six die during colombia protest over coca crop removal,0,0,[],"[0, 0, 0, 0, 0, 0, 0, 0, 0, 0]"
house drops military draft requirement for women,0,0,[],"[0, 0, 0, 0, 0, 0, 0, 0, 0, 0]"
insurgents burn bus in southern thailand,0,0,[],"[0, 0, 0, 0, 0, 0, 0, 0, 0, 0]"
the sensational bragging of nuclear plan backers linked to flynn,1,1,"[0, 0, 0, 1, 0, 0, 0, 0, 0, 0]","[0, 1, 0, 1, 0, 0, 0, 0, 1, 0]"
what you need to know about the funding cuts facing chicago schools,1,1,"[0, 0, 0, 1, 0, 0, 1, 0, 1, 0]","[1, 0, 0, 0, 0, 0, 1, 0, 0, 0]"
unexpected developments in britain’s brexit divorce plans are unfolding,1,1,"[0, 0, 0, 0, 0, 0, 0, 0, 1, 0]","[0, 1, 0, 1, 0, 0, 0, 1, 0, 0]"
u.s. homeland security seeks proposals for wall with mexico,0,0,[],"[0, 0, 0, 0, 0, 0, 0, 0, 0, 0]"
"in high-level talks, u.s. asks china to do more to rein in north korea",0,0,[],"[0, 0, 0, 0, 0, 0, 0, 0, 0, 0]"
the u.s. senate's surprising support for disaster aid: what you don’t see,1,1,"[0, 0, 0, 0, 1, 1, 0, 1, 0, 0]","[1, 0, 0, 0, 0, 0, 1, 0, 0, 0]"
will the irish really have the final say on brexit border issues,1,1,"[0, 0, 0, 0, 0, 0, 0, 0, 0, 1]","[0, 0, 0, 1, 0, 0, 0, 1, 0, 1]"
will trump's actions change international cooperation as we know it,1,1,"[1, 1, 0, 0, 0, 0, 0, 0, 0, 1]","[0, 1, 0, 0, 0, 0, 0, 1, 0, 1]"
the shocking details behind kristi noem's controversial animal decisions,1,1,"[0, 0, 0, 0, 1, 1, 0, 0, 0, 0]","[1, 0, 1, 0, 0, 0, 0, 0, 0, 0]"
what you don’t see in eu-uk talks could change everything,1,1,"[0, 1, 0, 0, 0, 0, 1, 0, 0, 1]","[1, 1, 0, 0, 0, 0, 1, 0, 0, 0]"
the shocking accusation against a ukrainian journalist in minsk,1,1,"[0, 0, 0, 1, 0, 0, 1, 0, 0, 0]","[0, 0, 0, 1, 0, 0, 0, 0, 0, 0]"
merkel optimistic eu dispute over refugee distribution will soon end,0,0,[],"[0, 0, 0, 0, 0, 0, 0, 0, 0, 0]"
bangladesh warns myanmar over border amid refugee crisis,0,0,[],"[0, 0, 0, 0, 0, 0, 0, 0, 0, 0]"
malloy's surprising decision not to run again raises eyebrows,1,1,"[1, 0, 0, 1, 0, 0, 0, 0, 1, 0]","[1, 1, 0, 1, 0, 0, 0, 0, 0, 0]"
"coalition with merkel not automatic, all options open: germany's spd",0,0,[],"[0, 0, 0, 0, 0, 0, 0, 0, 0, 0]"
obama's proposed oil tax 'dead on arrival': u.s. house republicans,0,0,[],"[0, 0, 0, 0, 0, 0, 0, 0, 0, 0]"
"schumer, mcconnell elected top leaders in senate",0,0,[],"[0, 0, 0, 0, 0, 0, 0, 0, 0, 0]"
nearly half of americans still oppose republican tax bill: reuters/ipsos poll,0,0,[],"[0, 0, 0, 0, 0, 0, 0, 0, 0, 0]"
the largest gcc summit yet: what's at stake despite the qatar row,1,1,"[0, 0, 0, 0, 1, 0, 0, 1, 1, 0]","[1, 0, 0, 0, 1, 0, 0, 1, 0, 0]"
the dramatic pressure on china to ensure fairness for u.s. exporters,1,1,"[0, 0, 0, 1, 0, 0, 0, 0, 0, 0]","[0, 1, 0, 1, 0, 0, 0, 0, 0, 0]"
the unexpected delay of the syrian congress in russia raises questions,1,1,"[0, 0, 0, 0, 0, 0, 0, 0, 1, 0]","[0, 0, 0, 1, 0, 0, 0, 1, 0, 0]"
could this unexpected move change everything for brazil's pension reform,1,1,"[0, 0, 0, 1, 0, 0, 0, 0, 1, 1]","[0, 1, 0, 0, 0, 1, 0, 0, 0, 1]"
why lawmakers are abandoning plans to sell public lands amidst growing concern,1,1,"[0, 0, 0, 0, 0, 1, 0, 1, 1, 0]","[0, 1, 1, 0, 0, 0, 0, 0, 0, 1]"
philippines' duterte ditches peace process with maoist rebels,0,0,[],"[0, 0, 0, 0, 0, 0, 0, 0, 0, 0]"
discover the top reasons behind the qatar royal feud,1,1,"[0, 0, 0, 0, 1, 0, 1, 0, 0, 1]","[1, 0, 0, 0, 1, 0, 1, 0, 0, 0]"
honduras president directly addresses trump's controversial plan,1,0,"[0, 0, 0, 0, 0, 0, 1, 0, 0, 0]","[0, 0, 0, 0, 0, 0, 0, 0, 0, 0]"
"billionaire koch duo target education, crime with new group: usa today",0,0,[],"[0, 0, 0, 0, 0, 0, 0, 0, 0, 0]"
trump's disputes with local governments could create fresh conflicts of interest,0,0,[],"[0, 0, 0, 0, 0, 0, 0, 0, 0, 0]"
you won't believe who the senate just approved for treasury,1,1,"[0, 0, 0, 0, 0, 0, 1, 0, 0, 0]","[0, 1, 0, 1, 0, 0, 1, 0, 0, 0]"
could new sanctions on russia lead to major consequences,1,1,"[0, 0, 1, 0, 1, 0, 0, 0, 0, 0]","[0, 1, 0, 0, 0, 0, 0, 1, 0, 1]"
this unexpected detail from trump's calls with mexico and australia might surprise you,1,1,"[0, 0, 0, 0, 0, 1, 0, 0, 0, 0]","[1, 0, 0, 0, 0, 1, 1, 0, 0, 0]"
the shocking details behind the nba scandal you didn’t know,1,1,"[0, 1, 0, 0, 1, 1, 0, 0, 0, 0]","[1, 0, 0, 1, 0, 0, 1, 0, 0, 0]"
u.s. attorney general vows to examine eric garner case: rights groups,0,0,[],"[0, 0, 0, 0, 0, 0, 0, 0, 0, 0]"
republicans try to pick up the pieces after healthcare defeat,0,0,[],"[0, 0, 0, 0, 0, 0, 0, 0, 0, 0]"
the ongoing battle against eating disorders in fashion is far from over,1,0,"[0, 0, 0, 0, 0, 0, 0, 1, 0, 0]","[0, 0, 0, 0, 0, 0, 0, 0, 0, 0]"
senate deal to end illinois budget impasse grinds to halt,0,0,[],"[0, 0, 0, 0, 0, 0, 0, 0, 0, 0]"
the shocking truth about the scandal-hit vietnam official: what was overlooked?,1,1,"[0, 1, 0, 0, 1, 0, 0, 0, 0, 0]","[1, 0, 1, 0, 0, 0, 0, 0, 0, 1]"
what they aren't telling you about the coup trial's shocking verdict,1,1,"[0, 1, 0, 0, 0, 1, 0, 0, 0, 0]","[1, 0, 0, 1, 0, 0, 1, 0, 0, 0]"
something's brewing at the iraqi border before the vote,1,1,"[0, 0, 0, 1, 0, 1, 0, 0, 1, 0]","[0, 0, 0, 1, 0, 1, 0, 1, 0, 0]"
australian pm faces unprecedented challenges amid citizenship crisis,1,0,"[0, 0, 0, 0, 1, 0, 0, 0, 1, 0]","[0, 0, 0, 0, 0, 0, 0, 0, 0, 0]"
the shocking details behind the fbi's investigation into hacking,1,1,"[1, 0, 0, 1, 1, 0, 0, 0, 0, 0]","[1, 0, 1, 0, 0, 0, 0, 0, 0, 0]"
"libyan officials criticize u.s. travel ban, doubt over february conference",0,0,[],"[0, 0, 0, 0, 0, 0, 0, 0, 0, 0]"
"trump, pence to meet with former bb&t ceo allison, others on monday",0,0,[],"[0, 0, 0, 0, 0, 0, 0, 0, 0, 0]"
defense secretary mattis addresses confusion over carrier,0,0,[],"[0, 0, 0, 0, 0, 0, 0, 0, 0, 0]"
different this time? trump candidacy could weigh on fed thinking,0,1,[],"[0, 0, 0, 0, 0, 1, 0, 0, 1, 1]"
u.s. senate intelligence panel wants to speak to donald trump jr. - nbc,0,0,[],"[0, 0, 0, 0, 0, 0, 0, 0, 0, 0]"
trump draws ire after urging russia to find 'missing' clinton emails,0,0,[],"[0, 0, 0, 0, 0, 0, 0, 0, 0, 0]"
china says war on korean peninsula will have no winner,0,0,[],"[0, 0, 0, 0, 0, 0, 0, 0, 0, 0]"
what remains hidden about the u.s. students' allegations against italian police,1,1,"[1, 0, 0, 0, 0, 1, 0, 0, 0, 0]","[1, 0, 0, 0, 0, 0, 0, 0, 0, 1]"
you should be concerned about the potential setback from climate deal withdrawal,1,1,"[0, 0, 1, 0, 0, 0, 1, 0, 1, 0]","[0, 0, 1, 0, 0, 0, 1, 0, 0, 0]"
nominee for u.s. epa chemical safety withdraws: bloomberg,0,0,[],"[0, 0, 0, 0, 0, 0, 0, 0, 0, 0]"
global backlash grows against trump's immigration order,0,0,[],"[0, 0, 0, 0, 0, 0, 0, 0, 0, 0]"
turkey seeks arrest of ex-cia officer over suspected coup links: hurriyet,0,0,[],"[0, 0, 0, 0, 0, 0, 0, 0, 0, 0]"
you won’t believe the top legal costs zuma is hiding,1,1,"[1, 0, 0, 0, 1, 1, 0, 0, 0, 0]","[1, 0, 0, 0, 1, 0, 1, 0, 0, 0]"
the shocking implications of the indian court's privacy ruling,1,1,"[0, 0, 1, 1, 1, 0, 0, 0, 0, 0]","[0, 1, 0, 1, 0, 0, 0, 0, 0, 0]"
"under trump, future of u.s. nuclear arsenal slowly taking shape",0,0,[],"[0, 0, 0, 0, 0, 0, 0, 0, 0, 0]"
"white house, republicans aim for tax bill in first half of september",0,0,[],"[0, 0, 0, 0, 0, 0, 0, 0, 0, 0]"
reports of mass graves at gaza hospitals 'horrify' un rights experts – video,0,0,[],"[0, 0, 0, 0, 0, 0, 0, 0, 0, 0]"
this shocking detail about the u.s. defense secretary's apology is hidden,1,1,"[1, 0, 0, 0, 0, 0, 0, 0, 1, 0]","[1, 1, 0, 1, 0, 0, 0, 0, 0, 0]"
what's the real story behind china's unchanged position on the thaad system,1,1,"[0, 0, 1, 0, 0, 1, 0, 0, 0, 1]","[1, 0, 0, 0, 0, 0, 0, 0, 0, 1]"
trump backs surveillance of mosques despite criticism of rhetoric,0,0,[],"[0, 0, 0, 0, 0, 0, 0, 0, 0, 0]"
former republican presidential hopeful carson to endorse trump: washington post,0,0,[],"[0, 0, 0, 0, 0, 0, 0, 0, 0, 0]"
"pope urges respect for human rights in myanmar, avoids 'rohingya' row",0,0,[],"[0, 0, 0, 0, 0, 0, 0, 0, 0, 0]"
sacked catalonia leader calls for opposition to madrid's rule,0,0,[],"[0, 0, 0, 0, 0, 0, 0, 0, 0, 0]"
the major deal the eu must pursue with the u.s. now,1,1,"[0, 1, 0, 0, 1, 0, 0, 0, 0, 0]","[0, 1, 0, 0, 0, 1, 0, 0, 0, 0]"
you won't believe what the u.s. army is doing off the coast of gaza,1,1,"[0, 0, 0, 1, 0, 0, 0, 0, 0, 1]","[1, 0, 0, 1, 0, 0, 1, 0, 0, 0]"
egypt court frees 17 accused of inciting debauchery: sources,0,0,[],"[0, 0, 0, 0, 0, 0, 0, 0, 0, 0]"
anti-trump republican senator says efforts to block his nomination appear over,0,0,[],"[0, 0, 0, 0, 0, 0, 0, 0, 0, 0]"
thai hotels booked up ahead of funeral of revered king,0,0,[],"[0, 0, 0, 0, 0, 0, 0, 0, 0, 0]"
attorney olmem joins white house economic council: sources,0,0,[],"[0, 0, 0, 0, 0, 0, 0, 0, 0, 0]"
what remains hidden about the u.s. spending push at g20,1,1,"[1, 0, 0, 0, 0, 0, 0, 0, 0, 0]","[1, 0, 0, 0, 0, 0, 0, 0, 0, 0]"
what could this supreme court standoff mean for republicans,1,1,"[0, 0, 0, 0, 0, 1, 0, 0, 0, 0]","[0, 0, 0, 0, 0, 1, 0, 1, 0, 1]"
what you don't see in the trump-australian pm reset after their tense call,1,1,"[1, 0, 0, 0, 0, 0, 1, 0, 0, 0]","[1, 0, 0, 0, 0, 0, 1, 0, 0, 0]"
french union rank and file urge their bosses to put pressure on macron,0,0,[],"[0, 0, 0, 0, 0, 0, 0, 0, 0, 0]"
here are the top moments from obama's post-presidential debut,1,0,"[0, 0, 0, 0, 1, 0, 1, 1, 0, 0]","[0, 0, 0, 0, 0, 0, 0, 0, 0, 0]"
white house says trump tweet meets comey tapes records request,0,0,[],"[0, 0, 0, 0, 0, 0, 0, 0, 0, 0]"
melania trump's powerful message on women's empowerment that you need to hear,1,1,"[0, 0, 1, 0, 0, 0, 0, 0, 0, 0]","[1, 1, 0, 0, 0, 0, 1, 0, 0, 0]"
kushner interviewed by house intelligence panel,0,0,[],"[0, 0, 0, 0, 0, 0, 0, 0, 0, 0]"
what you need to know about trump's north korea strategies,1,1,"[1, 0, 0, 0, 0, 0, 1, 1, 0, 0]","[1, 0, 0, 0, 0, 0, 1, 0, 0, 0]"
this major surrender of militants changes everything in pakistan,1,1,"[1, 0, 0, 0, 0, 1, 1, 0, 0, 0]","[0, 1, 0, 1, 0, 1, 0, 0, 0, 0]"
republican trump says women should be punished for illegal abortions,0,0,[],"[0, 0, 0, 0, 0, 0, 0, 0, 0, 0]"
could cambodia's opposition party face a shocking ban from elections,1,1,"[0, 0, 0, 0, 0, 0, 0, 0, 0, 1]","[0, 1, 0, 0, 0, 0, 0, 1, 0, 1]"
the outrage brewing over the governor's transgender rights bill,1,0,"[0, 1, 1, 1, 0, 0, 0, 0, 0, 0]","[0, 0, 0, 0, 0, 0, 0, 0, 0, 0]"
former allies of nj's christie fail to dismiss bridgegate indictment,0,0,[],"[0, 0, 0, 0, 0, 0, 0, 0, 0, 0]"
what happens next in north carolina's bathroom law saga,1,1,"[0, 0, 0, 0, 0, 0, 0, 1, 0, 0]","[0, 0, 0, 1, 0, 0, 0, 1, 0, 1]"
"syrian government negotiator quits geneva talks, says may not return",0,0,[],"[0, 0, 0, 0, 0, 0, 0, 0, 0, 0]"
why arizona's veteran sheriff is winning over voters,1,1,"[0, 0, 0, 0, 0, 0, 1, 0, 0, 0]","[1, 0, 0, 0, 0, 0, 0, 0, 0, 1]"
two key republicans agree on national flood insurance,0,0,[],"[0, 0, 0, 0, 0, 0, 0, 0, 0, 0]"
suspect in london finsbury park mosque attack pleads not guilty,0,0,[],"[0, 0, 0, 0, 0, 0, 0, 0, 0, 0]"
you won’t believe the concern surrounding the medicaid cuts in 2036,1,1,"[0, 0, 1, 0, 0, 0, 1, 0, 1, 0]","[1, 0, 1, 0, 0, 0, 1, 0, 0, 0]"
"u.s. attack on syrian base killed five, homs governor says",0,0,[],"[0, 0, 0, 0, 0, 0, 0, 0, 0, 0]"
trump's unexpected choice for treasury could change everything,1,1,"[0, 0, 0, 0, 0, 0, 0, 0, 1, 0]","[1, 1, 0, 1, 0, 0, 0, 0, 0, 0]"
turkey detains more than 160 islamic state suspects in ankara,0,0,[],"[0, 0, 0, 0, 0, 0, 0, 0, 0, 0]"
something alarming about data leaks in florida races has surfaced,1,1,"[0, 0, 0, 0, 0, 1, 0, 0, 0, 0]","[0, 0, 1, 1, 0, 1, 0, 0, 0, 0]"
xi says china has prevented taiwan independence over past five years,0,0,[],"[0, 0, 0, 0, 0, 0, 0, 0, 0, 0]"
trump administration moves to make tougher u.s. visa vetting permanent,0,0,[],"[0, 0, 0, 0, 0, 0, 0, 0, 0, 0]"
russia likely to reduce forces in syria before year-end -general,0,0,[],"[0, 0, 0, 0, 0, 0, 0, 0, 0, 0]"
hamas reviewing israel's latest truce proposal,0,0,[],"[0, 0, 0, 0, 0, 0, 0, 0, 0, 0]"
the significant achievement of anti-nuclear groups with the 2017 nobel prize,1,0,"[0, 1, 0, 0, 0, 0, 0, 0, 0, 0]","[0, 0, 0, 0, 0, 0, 0, 0, 0, 0]"
france 'extremely concerned' by iran ballistic missile test,0,0,[],"[0, 0, 0, 0, 0, 0, 0, 0, 0, 0]"
why garnier's inquiry outcome raises significant questions,1,1,"[0, 1, 0, 0, 0, 1, 0, 1, 0, 0]","[0, 1, 0, 0, 0, 0, 0, 0, 0, 1]"
what china really means by urging south korea on thaad,1,1,"[0, 0, 0, 0, 0, 1, 0, 0, 0, 0]","[1, 0, 0, 0, 0, 0, 0, 0, 0, 1]"
parents should be concerned about the trump administration's arms sales to taiwan,1,0,"[0, 0, 1, 0, 0, 0, 1, 0, 0, 0]","[0, 0, 0, 0, 0, 0, 0, 0, 0, 0]"
"obama to make historic trip to cuba in coming weeks, official says",0,0,[],"[0, 0, 0, 0, 0, 0, 0, 0, 0, 0]"
kenya's odinga pulled out of election to avoid defeat: deputy president,0,0,[],"[0, 0, 0, 0, 0, 0, 0, 0, 0, 0]"
philippine police chief defends deadly drug war of the 'davao boys',0,0,[],"[0, 0, 0, 0, 0, 0, 0, 0, 0, 0]"
major outrage as guatemala's ex-president faces corruption charges,1,0,"[0, 1, 1, 0, 0, 0, 0, 0, 0, 0]","[0, 0, 0, 0, 0, 0, 0, 0, 0, 0]"
any u.s. military transgender ban could face major legal challenge,0,0,[],"[0, 0, 0, 0, 0, 0, 0, 0, 0, 0]"
what happens next for the nut rage executive,1,1,"[0, 0, 0, 0, 0, 1, 1, 0, 0, 0]","[0, 0, 0, 1, 0, 0, 0, 1, 0, 1]"
catalan speaker freed on bail but gagged for election campaign,0,0,[],"[0, 0, 0, 0, 0, 0, 0, 0, 0, 0]"
"u.s. sanctions an important tool, not to be used 'frivolously': treasury's lew",0,0,[],"[0, 0, 0, 0, 0, 0, 0, 0, 0, 0]"
why turkey believes the u.s. embassy move is a grave mistake,1,1,"[0, 0, 0, 0, 0, 0, 1, 0, 0, 0]","[0, 1, 0, 0, 0, 0, 0, 0, 0, 1]"
the disturbing connections revealed in epa head's emails,1,1,"[0, 0, 1, 1, 0, 1, 0, 0, 0, 0]","[0, 1, 1, 0, 0, 0, 0, 0, 0, 0]"
what you don’t see: kaspersky lab's hidden plans for u.s. subsidiary,1,1,"[1, 0, 0, 0, 0, 0, 0, 0, 0, 0]","[1, 0, 0, 1, 0, 0, 1, 0, 0, 0]"
deputy attorney general rosenstein interviewed over fbi ex-director's firing: wsj,0,0,[],"[0, 0, 0, 0, 0, 0, 0, 0, 0, 0]"
zimbabwe war vets to launch court case to legalize military action to oust mugabe,0,0,[],"[0, 0, 0, 0, 0, 0, 0, 0, 0, 0]"
the most controversial remarks from trump's son revealed,1,1,"[0, 0, 0, 0, 1, 0, 0, 0, 0, 0]","[1, 0, 0, 1, 1, 0, 0, 0, 0, 0]"
top reasons comey turned down senate intel panel invitation,1,1,"[0, 0, 0, 0, 1, 0, 0, 0, 0, 0]","[0, 0, 0, 0, 1, 0, 0, 0, 0, 0]"
what happens next in the clinton-trump character clash?,1,1,"[0, 1, 1, 0, 0, 0, 0, 1, 0, 0]","[0, 0, 0, 1, 0, 0, 0, 1, 0, 1]"
french far right leader le pen visits trump tower but no trump talks,0,0,[],"[0, 0, 0, 0, 0, 0, 0, 0, 0, 0]"
u.s. bill to allow property and income or sales tax deductions: key lawmaker,0,0,[],"[0, 0, 0, 0, 0, 0, 0, 0, 0, 0]"
dangerous drivers to face prison sentences of up to 20 years under ‘susan’s law’ in queensland,0,0,[],"[0, 0, 0, 0, 0, 0, 0, 0, 0, 0]"
"north korea says naval blockade would be 'act of war', vows action",0,0,[],"[0, 0, 0, 0, 0, 0, 0, 0, 0, 0]"
what happens next in trump's uphill healthcare battle,1,1,"[1, 0, 0, 0, 0, 0, 0, 0, 0, 0]","[0, 0, 0, 1, 0, 0, 0, 1, 0, 1]"
psg and lyon cast friendships aside before champions league return,0,1,[],"[0, 0, 0, 1, 0, 0, 0, 0, 1, 0]"
obama's dramatic push for tpp may surprise many,1,1,"[0, 1, 0, 0, 0, 0, 0, 0, 0, 0]","[0, 1, 0, 1, 0, 0, 0, 0, 0, 0]"
"trumped by candidate's rhetoric, republican lawmakers at a loss for words",0,1,[],"[0, 1, 0, 1, 0, 0, 0, 0, 0, 0]"
"factbox: latest obamacare repeal bill would block grant money to states, gut medicaid",0,0,[],"[0, 0, 0, 0, 0, 0, 0, 0, 0, 0]"
artificial intelligence sparks ‘game of thrones’ in the chip industry,0,1,[],"[0, 1, 0, 1, 0, 0, 0, 0, 1, 0]"
pakistan says over 300 baloch separatist militants surrender,0,0,[],"[0, 0, 0, 0, 0, 0, 0, 0, 0, 0]"
melania's slovenian hometown eyes trump win as boon for tourism,0,0,[],"[0, 0, 0, 0, 0, 0, 0, 0, 0, 0]"
how did temer's approval rating suddenly improve? find out now,1,1,"[0, 0, 0, 0, 0, 0, 0, 0, 0, 1]","[1, 0, 0, 0, 0, 0, 1, 0, 0, 1]"
british minister hopes condemnation of trump tweet has impact,0,0,[],"[0, 0, 0, 0, 0, 0, 0, 0, 0, 0]"
war and the prize: how some nobel laureates turn away from peace,0,1,[],"[1, 0, 0, 1, 0, 0, 0, 0, 1, 0]"
what you don't know about gerry adams' role in northern ireland peace,1,1,"[1, 1, 0, 0, 0, 1, 0, 0, 0, 0]","[1, 0, 0, 0, 0, 0, 1, 0, 0, 0]"
the outcome remains unclear as gaza protests unfold at us universities,1,0,"[0, 0, 1, 1, 0, 0, 0, 1, 0, 0]","[0, 0, 0, 0, 0, 0, 0, 0, 0, 0]"
"helping the poor is a 'passport to paradise,' pope says",0,0,[],"[0, 0, 0, 0, 0, 0, 0, 0, 0, 0]"
cambodia's hun sen vows to stay in power for at least another 10 years,0,0,[],"[0, 0, 0, 0, 0, 0, 0, 0, 0, 0]"
outrage grows as police shoot protesters amid ongoing demonstrations,1,0,"[0, 0, 1, 0, 0, 0, 0, 1, 0, 1]","[0, 0, 0, 0, 0, 0, 0, 0, 0, 0]"
this detail behind macron's call for support will surprise you,1,1,"[1, 0, 0, 0, 0, 0, 0, 1, 0, 0]","[1, 0, 0, 0, 0, 1, 1, 0, 0, 0]"
"stop fighting over brexit and get real, jim o'neill tells uk",0,0,[],"[0, 0, 0, 0, 0, 0, 0, 0, 0, 0]"
could the clinton server tech's role reveal hidden truths,1,1,"[0, 1, 0, 0, 0, 0, 1, 0, 0, 1]","[1, 0, 0, 0, 0, 0, 0, 0, 0, 1]"
you won't believe what house speaker ryan says about hurricane relief,1,1,"[0, 0, 1, 0, 0, 0, 1, 1, 0, 0]","[1, 0, 0, 1, 0, 0, 1, 0, 0, 0]"
the shocking details behind the chinese general's suicide amid a corruption probe,1,1,"[0, 1, 0, 0, 1, 0, 1, 0, 0, 0]","[1, 0, 0, 1, 0, 0, 0, 0, 0, 0]"
outrage as u.n. labels myanmar violence ethnic cleansing,1,0,"[0, 0, 1, 0, 1, 0, 0, 0, 0, 0]","[0, 0, 0, 0, 0, 0, 0, 0, 0, 0]"
"at u.s.-china summit, trump presses xi on trade, north korea; progress cited",0,0,[],"[0, 0, 0, 0, 0, 0, 0, 0, 0, 0]"
the alarming demand from germany's far-right party regarding journalist data,1,1,"[0, 1, 0, 0, 0, 0, 0, 0, 0, 0]","[0, 1, 1, 0, 0, 0, 0, 0, 0, 0]"
house speaker ryan says work remains to secure freedom in cuba,0,0,[],"[0, 0, 0, 0, 0, 0, 0, 0, 0, 0]"
pence's claim about his emails is raising questions,1,1,"[0, 1, 0, 0, 0, 0, 0, 0, 0, 0]","[0, 0, 0, 0, 0, 1, 0, 1, 0, 0]"
senate shelves disaster aid bill until next month,0,0,[],"[0, 0, 0, 0, 0, 0, 0, 0, 0, 0]"
storm-battered antigua asks u.s. to settle 12-year old wto bill,0,0,[],"[0, 0, 0, 0, 0, 0, 0, 0, 0, 0]"
outrage grows as israeli troops escalate violence in jerusalem protests,1,0,"[0, 0, 1, 0, 0, 0, 0, 0, 0, 1]","[0, 0, 0, 0, 0, 0, 0, 0, 0, 0]"
you won’t believe what the kremlin really thinks about these meetings,1,1,"[0, 0, 0, 0, 0, 1, 1, 0, 0, 1]","[1, 1, 0, 0, 0, 0, 1, 0, 0, 0]"
the central role of this diplomat could reshape u.s.-china relations,1,1,"[0, 0, 0, 1, 0, 0, 0, 0, 0, 0]","[0, 0, 0, 1, 0, 1, 0, 0, 0, 0]"
plan for u.s. tax increase on rich not being considered: mnuchin,0,0,[],"[0, 0, 0, 0, 0, 0, 0, 0, 0, 0]"
the surprising talks between trump's son-in-law and a russian bank,1,1,"[0, 1, 0, 0, 0, 1, 0, 1, 0, 0]","[0, 0, 0, 1, 0, 0, 0, 0, 1, 0]"
what happens next: the devastating military option for north korea,1,1,"[0, 1, 0, 0, 0, 1, 0, 1, 0, 0]","[0, 1, 0, 1, 0, 0, 0, 1, 0, 0]"
adviser rules out trump meeting north korea's kim in near future,0,0,[],"[0, 0, 0, 0, 0, 0, 0, 0, 0, 0]"
top highlights of virginia's groundbreaking fantasy sports regulations,1,0,"[0, 0, 0, 0, 1, 0, 0, 0, 0, 0]","[0, 0, 0, 0, 0, 0, 0, 0, 0, 0]"
will britain really pay off its 400 million-pound debt to iran soon,1,1,"[0, 0, 0, 0, 0, 0, 0, 0, 0, 1]","[0, 0, 0, 1, 0, 0, 0, 0, 0, 1]"
what you don’t see about mcconnell’s hope for obamacare repeal,1,1,"[1, 0, 1, 0, 0, 0, 0, 0, 0, 0]","[1, 0, 0, 0, 0, 0, 1, 0, 0, 0]"
ai wei-wei critical of china at opening of swiss exhibit,0,0,[],"[0, 0, 0, 0, 0, 0, 0, 0, 0, 0]"
trudeau’s speech reveals shocking truths about indigenous issues,1,1,"[0, 0, 0, 0, 0, 0, 0, 0, 1, 0]","[0, 1, 1, 0, 0, 0, 0, 0, 0, 0]"
"rescue ship says libyan coast guard shot at and boarded it, seeking migrants",0,0,[],"[0, 0, 0, 0, 0, 0, 0, 0, 0, 0]"
police union: open carry of guns should be suspended at republican convention in cleveland,0,0,[],"[0, 0, 0, 0, 0, 0, 0, 0, 0, 0]"
british police say suspect package in london's holborn was false alarm,0,0,[],"[0, 0, 0, 0, 0, 0, 0, 0, 0, 0]"
kremlin: law on media 'foreign agents' is our response to u.s. measures,0,0,[],"[0, 0, 0, 0, 0, 0, 0, 0, 0, 0]"
backlash among german mps against parliamentary twitter ban,0,0,[],"[0, 0, 0, 0, 0, 0, 0, 0, 0, 0]"
the most significant appointment in u.s. treasury history,1,1,"[0, 1, 0, 0, 0, 0, 0, 0, 1, 0]","[0, 1, 0, 1, 1, 0, 0, 0, 0, 0]"
nigerian army's latest victory against boko haram raises questions,1,1,"[0, 0, 0, 0, 1, 0, 1, 1, 0, 0]","[1, 0, 0, 1, 0, 1, 0, 0, 0, 0]"
what remains unclear about the extension of martial law in the south,1,1,"[0, 1, 0, 0, 0, 0, 0, 1, 0, 0]","[1, 0, 0, 0, 0, 0, 0, 1, 0, 1]"
japan's abe to push pacifist constitution reform after strong election win,0,0,[],"[0, 0, 0, 0, 0, 0, 0, 0, 0, 0]"
donald trump fires senior adviser ed brookover: sources,0,0,[],"[0, 0, 0, 0, 0, 0, 0, 0, 0, 0]"
kenyan opposition protester dies from gunshot wound in kisumu: medic,0,0,[],"[0, 0, 0, 0, 0, 0, 0, 0, 0, 0]"
could this crackdown ruin kaspersky's hopes in america,1,1,"[0, 0, 0, 0, 1, 0, 0, 0, 1, 1]","[0, 0, 1, 0, 0, 1, 0, 0, 0, 1]"
two trump kids won't be voting for dad in new york primary,0,0,[],"[0, 0, 0, 0, 0, 0, 0, 0, 0, 0]"
what remains unclear about trump's 100 percent commitment to tax reform,1,1,"[0, 0, 0, 0, 0, 0, 0, 0, 0, 1]","[1, 1, 0, 0, 0, 0, 0, 0, 0, 0]"
the unexpected victory: hezbollah's claim of syria triumph sparks debate,1,1,"[0, 0, 0, 1, 0, 0, 0, 1, 0, 0]","[0, 0, 0, 1, 0, 0, 0, 1, 0, 0]"
white house plays down trump son's meeting with russian lawyer last year,0,0,[],"[0, 0, 0, 0, 0, 0, 0, 0, 0, 0]"
what does iraq's latest offensive mean for the future of hawija,1,0,"[0, 0, 0, 0, 0, 0, 0, 0, 0, 1]","[0, 0, 0, 0, 0, 0, 0, 0, 0, 0]"
why the skepticism from conservative justices in this case is concerning,1,1,"[1, 0, 0, 1, 0, 1, 0, 0, 0, 0]","[0, 0, 1, 0, 0, 0, 0, 0, 0, 1]"
trump says manafort charges 'years ago'; indictment includes 2017,0,0,[],"[0, 0, 0, 0, 0, 0, 0, 0, 0, 0]"
unexpected moves as kurdish forces adjust their positions,1,1,"[0, 0, 0, 0, 0, 0, 0, 0, 1, 0]","[0, 1, 0, 1, 0, 1, 0, 0, 0, 0]"
hurricane irma to become tropical storm on monday: nhc,0,0,[],"[0, 0, 0, 0, 0, 0, 0, 0, 0, 0]"
factbox: former fbi director comey testimony on conversations with trump,0,0,[],"[0, 0, 0, 0, 0, 0, 0, 0, 0, 0]"
what happens next for wallenberg remains unclear as russia rejects lawsuit,1,0,"[0, 0, 0, 0, 0, 0, 0, 1, 0, 0]","[0, 0, 0, 0, 0, 0, 0, 0, 0, 0]"
"under scrutiny, kaspersky lab considers changes to u.s. subsidiary",0,0,[],"[0, 0, 0, 0, 0, 0, 0, 0, 0, 0]"
indonesia parliament speaker taken into custody by anti-graft agency,0,0,[],"[0, 0, 0, 0, 0, 0, 0, 0, 0, 0]"
eu official says no sign trump plans to ease russia sanctions,0,0,[],"[0, 0, 0, 0, 0, 0, 0, 0, 0, 0]"
voters need to know the top fines faced by liberal democrats over brexit,1,1,"[0, 0, 0, 0, 1, 0, 1, 1, 0, 0]","[0, 0, 0, 1, 1, 0, 1, 0, 0, 0]"
the unexpected reason behind the senate's abrupt delay in recess,1,1,"[0, 0, 0, 0, 1, 0, 0, 0, 0, 0]","[1, 0, 0, 1, 0, 1, 0, 0, 0, 0]"
"trump fires back at obama, says clinton 'unfit' for government",0,0,[],"[0, 0, 0, 0, 0, 0, 0, 0, 0, 0]"
you won't believe what labor activists are doing to politicians,1,1,"[0, 0, 0, 0, 0, 0, 1, 0, 0, 1]","[1, 1, 0, 0, 0, 0, 1, 0, 0, 0]"
u.n. aviation agency to call for global drone registry,0,0,[],"[0, 0, 0, 0, 0, 0, 0, 0, 0, 0]"
hungarian pm orban says will fight after eu ruling on migrant quota,0,0,[],"[0, 0, 0, 0, 0, 0, 0, 0, 0, 0]"
what are they hiding about trump's son's meeting,1,1,"[0, 0, 0, 0, 0, 1, 1, 0, 0, 1]","[1, 0, 0, 0, 0, 1, 0, 0, 0, 1]"
what remains hidden about saudi arabia's betrayal of lebanon's hariri,1,1,"[1, 0, 0, 0, 0, 0, 0, 0, 0, 0]","[1, 0, 0, 1, 0, 0, 0, 0, 0, 1]"
trump leans toward replacing fed chief if he wins white house,0,0,[],"[0, 0, 0, 0, 0, 0, 0, 0, 0, 0]"
armed men destroy two dozen logging trucks in chile indigenous dispute,0,0,[],"[0, 0, 0, 0, 0, 0, 0, 0, 0, 0]"
"kremlin, angry at syria missile strike, says putin won't meet tillerson",0,0,[],"[0, 0, 0, 0, 0, 0, 0, 0, 0, 0]"
senior pro-brexit minister gove backs pm may deal on eu exit: bbc,0,0,[],"[0, 0, 0, 0, 0, 0, 0, 0, 0, 0]"
clinton more likely to win u.s. presidency than trump: predictit,0,0,[],"[0, 0, 0, 0, 0, 0, 0, 0, 0, 0]"
trump administration backpedals on citizenship for 'dreamers',0,0,[],"[0, 0, 0, 0, 0, 0, 0, 0, 0, 0]"
what you don’t know about putin’s unusual connection with japan’s alliances,1,1,"[0, 0, 0, 1, 0, 0, 0, 0, 0, 1]","[1, 0, 0, 0, 0, 0, 1, 0, 1, 0]"
trump's vow to destroy north korea is creating massive tension,1,0,"[0, 0, 0, 1, 0, 0, 0, 0, 0, 0]","[0, 0, 0, 0, 0, 0, 0, 0, 0, 0]"
discover the top reasons behind illinois' $700 million social services deal,1,1,"[1, 0, 0, 0, 1, 1, 0, 0, 0, 0]","[1, 0, 0, 0, 1, 0, 1, 0, 0, 0]"
something significant is happening with the exim bank and trump,1,1,"[1, 0, 0, 0, 0, 1, 0, 0, 1, 0]","[1, 1, 0, 0, 0, 1, 0, 0, 0, 0]"
the dramatic response to claims of britain spying on trump,1,1,"[0, 1, 0, 0, 0, 0, 0, 0, 0, 0]","[0, 1, 0, 1, 0, 0, 0, 0, 0, 0]"
"the crowd in harare is celebrating, but what are they really feeling?",1,1,"[0, 0, 0, 0, 0, 1, 0, 0, 0, 0]","[1, 0, 0, 0, 0, 0, 0, 0, 0, 1]"
this major move by the australian pm raises eyebrows,1,1,"[0, 0, 1, 1, 0, 0, 0, 0, 0, 0]","[0, 1, 0, 1, 0, 1, 0, 0, 0, 0]"
the outcome remains unclear regarding trump's comey tapes,1,0,"[0, 0, 1, 0, 0, 0, 0, 1, 0, 0]","[0, 0, 0, 0, 0, 0, 0, 0, 0, 0]"
you won’t believe trump's surprising offer to flynn,1,1,"[1, 0, 0, 0, 0, 0, 1, 0, 0, 1]","[1, 0, 0, 1, 0, 0, 1, 0, 0, 0]"
exclusive: north korea rules out negotiations on nuclear weapons,0,0,[],"[0, 0, 0, 0, 0, 0, 0, 0, 0, 0]"
u.s. proposes cutting total biofuels requirements in 2018,0,0,[],"[0, 0, 0, 0, 0, 0, 0, 0, 0, 0]"
"parents, here's what the u.s. environmental agency says about global warming",1,1,"[0, 0, 0, 0, 0, 0, 1, 0, 0, 0]","[1, 0, 0, 0, 0, 0, 1, 0, 0, 0]"
the unexpected link between the death of a korean comfort woman and seoul-tokyo relations,1,1,"[0, 0, 0, 0, 0, 0, 0, 0, 1, 0]","[0, 0, 0, 1, 0, 0, 0, 0, 1, 0]"
what remains hidden in the pope's upcoming document on fake news,1,1,"[0, 0, 0, 0, 0, 0, 0, 0, 0, 1]","[1, 0, 0, 0, 0, 0, 0, 0, 0, 0]"
what happens next for jailed catalonia leader santi vila,1,1,"[0, 0, 0, 1, 0, 0, 0, 0, 0, 1]","[0, 0, 0, 0, 0, 0, 0, 1, 0, 1]"
you need to hear trump’s latest updates on border security and trade,1,1,"[0, 0, 0, 0, 0, 0, 1, 0, 0, 0]","[0, 0, 0, 0, 0, 1, 1, 0, 0, 0]"
investors should watch for the upcoming tax bill,1,0,"[0, 0, 0, 0, 1, 0, 1, 0, 0, 0]","[0, 0, 0, 0, 0, 0, 0, 0, 0, 0]"
you need to know what trump doesn't recall about putin meeting,1,1,"[0, 0, 0, 0, 0, 0, 1, 0, 0, 0]","[1, 0, 0, 0, 0, 0, 1, 0, 0, 0]"
why republicans just pulled the obamacare repeal bill that shocked everyone,1,1,"[0, 0, 0, 0, 0, 0, 1, 0, 0, 1]","[0, 1, 0, 1, 0, 0, 0, 0, 0, 1]"
french it firm says its tech won't be ready for re-run of kenya poll,0,0,[],"[0, 0, 0, 0, 0, 0, 0, 0, 0, 0]"
how french truckers are causing unprecedented chaos at border crossings,1,0,"[0, 1, 0, 0, 0, 0, 0, 0, 1, 0]","[0, 0, 0, 0, 0, 0, 0, 0, 0, 0]"
"trump says he and ryan close on border security, trade and military: fox news",0,0,[],"[0, 0, 0, 0, 0, 0, 0, 0, 0, 0]"
ex-cia chief: worries grew of trump campaign contacts to russia,0,0,[],"[0, 0, 0, 0, 0, 0, 0, 0, 0, 0]"
why biden's wish to end cancer raises questions about leadership,1,1,"[0, 0, 0, 0, 0, 1, 1, 0, 0, 0]","[0, 0, 0, 1, 0, 0, 0, 0, 1, 1]"
the surprising truth behind trump's nato article 5 support,1,1,"[0, 1, 1, 0, 0, 0, 0, 0, 0, 0]","[1, 0, 0, 1, 0, 0, 0, 0, 0, 0]"
russia likely to reduce troops in syria before year-end: military chief,0,0,[],"[0, 0, 0, 0, 0, 0, 0, 0, 0, 0]"
treasury secretary mnuchin was sent gift-wrapped box of horse manure: reports,0,0,[],"[0, 0, 0, 0, 0, 0, 0, 0, 0, 0]"
south korea confirms traces of radioactive gas from north korea's nuclear test,0,0,[],"[0, 0, 0, 0, 0, 0, 0, 0, 0, 0]"
this surprising conversation between xi and saudi king revealed,1,1,"[0, 0, 0, 0, 0, 1, 0, 0, 1, 0]","[1, 0, 0, 1, 0, 1, 0, 0, 0, 0]"
the top reasons for increasing support for hamas in lebanon,1,1,"[0, 0, 0, 0, 1, 0, 0, 1, 1, 0]","[0, 0, 0, 1, 1, 0, 0, 0, 0, 0]"
russia tells two u.s. news outlets they may be affected by new 'foreign agent' law: agencies,0,0,[],"[0, 0, 0, 0, 0, 0, 0, 0, 0, 0]"
what does the suspension of the pacific trade deal really mean for you,1,1,"[0, 0, 0, 0, 0, 0, 0, 0, 0, 1]","[1, 0, 0, 0, 0, 0, 1, 0, 0, 1]"
what remains hidden in xi's demands for stability ahead of congress,1,1,"[0, 0, 0, 0, 0, 0, 0, 1, 0, 0]","[1, 0, 0, 0, 0, 0, 0, 0, 0, 1]"
los angeles mayor appears headed for re-election victory,0,0,[],"[0, 0, 0, 0, 0, 0, 0, 0, 0, 0]"
"u.s. tech firms urge presidential candidates to embrace trade, high-tech visas",0,0,[],"[0, 0, 0, 0, 0, 0, 0, 0, 0, 0]"
you won’t believe the fbi's latest revelation about iran's cooperation,1,1,"[0, 0, 0, 0, 0, 0, 1, 0, 0, 0]","[1, 0, 0, 1, 0, 0, 1, 0, 0, 0]"
mali's president reveals shocking truths behind french military claims,1,1,"[0, 0, 1, 0, 0, 0, 0, 0, 1, 0]","[1, 1, 0, 1, 0, 0, 0, 0, 0, 0]"
the significant implications of trump's proposed corporate tax rate,1,0,"[0, 1, 0, 0, 1, 0, 0, 0, 0, 0]","[0, 0, 0, 0, 0, 0, 0, 0, 0, 0]"
"trump's budget cuts to domestic, aid programs draw republican scorn",0,0,[],"[0, 0, 0, 0, 0, 0, 0, 0, 0, 0]"
u.s. deportation raids target central american families: lawyers,0,0,[],"[0, 0, 0, 0, 0, 0, 0, 0, 0, 0]"
"long speech, lots of tea: party meeting with chinese characteristics",0,1,[],"[0, 0, 0, 0, 0, 1, 0, 0, 1, 0]"
the unprecedented ties between russia and trump revealed,1,1,"[0, 0, 0, 1, 0, 0, 0, 0, 1, 0]","[0, 1, 0, 1, 0, 0, 0, 0, 1, 0]"
why this alabama city's bathroom law has sparked widespread concern,1,1,"[1, 0, 0, 0, 0, 0, 0, 0, 0, 1]","[0, 0, 1, 0, 0, 1, 0, 0, 0, 1]"
fear grows as wealthy businessman eyes the prime minister role,1,1,"[0, 1, 1, 0, 0, 0, 0, 0, 0, 0]","[0, 0, 1, 1, 0, 0, 0, 0, 0, 0]"
this shocking detail about the mexican quake will leave you speechless,1,1,"[1, 0, 0, 0, 0, 0, 0, 0, 0, 0]","[1, 0, 1, 0, 0, 0, 1, 0, 0, 0]"
trump's surprising move on visa vetting could change everything,1,1,"[0, 0, 0, 0, 0, 0, 0, 0, 1, 0]","[0, 1, 0, 1, 0, 1, 0, 0, 0, 0]"
the surprising backlash against snowden from the u.s. house panel,1,1,"[0, 0, 0, 0, 0, 0, 0, 0, 1, 0]","[0, 0, 0, 1, 0, 0, 0, 0, 1, 0]"
massachusetts governor proposes bill to stiffen immigration enforcement,0,0,[],"[0, 0, 0, 0, 0, 0, 0, 0, 0, 0]"
democrat sanders outraised clinton in february: report,0,0,[],"[0, 0, 0, 0, 0, 0, 0, 0, 0, 0]"
trump sold all his shares in companies in june: spokesman,0,0,[],"[0, 0, 0, 0, 0, 0, 0, 0, 0, 0]"
factbox: puerto rico debt crisis bill keeps oversight board,0,0,[],"[0, 0, 0, 0, 0, 0, 0, 0, 0, 0]"
what north korea's missile capabilities still hide,1,1,"[1, 0, 0, 0, 0, 1, 0, 0, 0, 0]","[1, 0, 0, 0, 0, 0, 0, 0, 0, 1]"
after year of mourning thailand's 'floating basket' festival returns,0,0,[],"[0, 0, 0, 0, 0, 0, 0, 0, 0, 0]"
what remains hidden in kushner's claims about trump's mideast peace,1,1,"[0, 0, 0, 0, 0, 1, 0, 0, 1, 1]","[1, 0, 0, 0, 0, 1, 0, 0, 0, 1]"
death of a blogger casts shadow over murky malta,0,1,[],"[0, 0, 0, 1, 0, 1, 0, 0, 0, 0]"
major u.s. tech firms press congress for internet surveillance reforms,0,0,[],"[0, 0, 0, 0, 0, 0, 0, 0, 0, 0]"
what remains hidden in turkey's stance on eu accession talks,1,1,"[1, 0, 0, 0, 0, 0, 0, 0, 0, 0]","[1, 0, 0, 0, 0, 0, 0, 0, 0, 0]"
exclusive: skeptical trump says would renegotiate global climate deal,0,0,[],"[0, 0, 0, 0, 0, 0, 0, 0, 0, 0]"
the surprising implications of the russian envoy's visit to san francisco,1,1,"[0, 1, 0, 0, 1, 0, 0, 0, 1, 0]","[1, 0, 0, 1, 0, 0, 0, 0, 0, 0]"
senator mccain will vote on tax bill -no. 2 republican,0,0,[],"[0, 0, 0, 0, 0, 0, 0, 0, 0, 0]"
house won't vote on healthcare law before break: lawmaker,0,0,[],"[0, 0, 0, 0, 0, 0, 0, 0, 0, 0]"
unexpected connections in juncker's 2017 eu address you might have missed,1,1,"[0, 0, 0, 0, 0, 1, 0, 1, 1, 0]","[1, 0, 0, 0, 0, 0, 1, 0, 1, 0]"
exclusive: bangladesh pm says expects no help from trump on refugees fleeing myanmar,0,0,[],"[0, 0, 0, 0, 0, 0, 0, 0, 0, 0]"
the unexpected leaders taking charge in the senate,1,1,"[0, 0, 0, 1, 0, 0, 1, 0, 1, 0]","[0, 0, 0, 1, 0, 1, 0, 0, 0, 0]"
what you don’t know about the istanbul airport bomber,1,1,"[0, 0, 0, 0, 0, 0, 1, 0, 0, 0]","[1, 0, 0, 0, 0, 0, 1, 0, 0, 1]"
house panel approves budget measure that advances tax reform,0,0,[],"[0, 0, 0, 0, 0, 0, 0, 0, 0, 0]"
how the colombia peace deal could dramatically change investment landscape,1,1,"[0, 0, 0, 0, 0, 0, 0, 0, 1, 0]","[0, 1, 0, 0, 0, 0, 0, 0, 0, 1]"
ireland looking to send asylum seekers back to uk: report,0,0,[],"[0, 0, 0, 0, 0, 0, 0, 0, 0, 0]"
"as syria cease-fire fails, obama may leave successor 'problem from hell'",0,1,[],"[0, 1, 0, 1, 0, 0, 0, 0, 0, 0]"
what remains hidden in the eu's stance on the iran deal,1,1,"[0, 1, 0, 0, 0, 1, 0, 0, 0, 0]","[1, 0, 0, 0, 0, 0, 0, 0, 0, 0]"
china support for north korea clampdown growing: u.s. official,0,0,[],"[0, 0, 0, 0, 0, 0, 0, 0, 0, 0]"
"kurdish leader departs, leaving nephew faced with reconciliation",0,0,[],"[0, 0, 0, 0, 0, 0, 0, 0, 0, 0]"
the shocking details of the senate's healthcare bill are finally coming to light,1,1,"[0, 0, 1, 0, 0, 0, 0, 0, 0, 0]","[1, 0, 0, 1, 0, 0, 0, 0, 0, 0]"
eu awards human rights prize to venezuelan opposition,0,0,[],"[0, 0, 0, 0, 0, 0, 0, 0, 0, 0]"
the surprising pressure from democrats on republicans for zika funding,1,1,"[0, 0, 0, 0, 1, 0, 0, 1, 0, 0]","[0, 0, 0, 1, 0, 0, 0, 0, 1, 0]"
discover the top photography studio on wheels that you need to see,1,1,"[0, 0, 0, 0, 1, 0, 0, 0, 0, 0]","[0, 0, 0, 0, 1, 0, 1, 0, 1, 0]"
what this leaked memo reveals about ethnic bias in afghanistan,1,1,"[1, 1, 0, 0, 0, 0, 0, 0, 0, 0]","[1, 0, 0, 1, 0, 1, 0, 0, 0, 0]"
trump unlikely to be able to renegotiate climate deal: u.n. climate chief,0,0,[],"[0, 0, 0, 0, 0, 0, 0, 0, 0, 0]"
trump nominates businessman with asia background as navy secretary,0,0,[],"[0, 0, 0, 0, 0, 0, 0, 0, 0, 0]"
the unexpected vegetarian dishes taking center stage at the paris olympics,1,1,"[0, 0, 1, 1, 0, 1, 0, 0, 0, 0]","[0, 0, 0, 1, 0, 0, 0, 0, 1, 0]"
trump plans to name former bush staffer cha as seoul envoy,0,0,[],"[0, 0, 0, 0, 0, 0, 0, 0, 0, 0]"
what you don’t see in the heated debate over u.s. tax reform,1,1,"[1, 0, 0, 0, 0, 0, 0, 0, 0, 0]","[1, 0, 0, 0, 0, 0, 1, 0, 0, 0]"
israel approves building plans for 31 settler homes in west bank's hebron,0,0,[],"[0, 0, 0, 0, 0, 0, 0, 0, 0, 0]"
the biggest moments to watch in trump's hush-money trial with david pecker,1,1,"[0, 0, 0, 0, 1, 1, 0, 0, 0, 0]","[0, 1, 0, 1, 1, 0, 0, 0, 0, 0]"
epa chief spent almost half of spring in home state of oklahoma,0,0,[],"[0, 0, 0, 0, 0, 0, 0, 0, 0, 0]"
republicans sue state department for clinton emails,0,0,[],"[0, 0, 0, 0, 0, 0, 0, 0, 0, 0]"
trump signs order aimed at upgrading government cyber defenses,0,0,[],"[0, 0, 0, 0, 0, 0, 0, 0, 0, 0]"
worries about malaysia's 'arabisation' grow as saudi ties strengthen,0,0,[],"[0, 0, 0, 0, 0, 0, 0, 0, 0, 0]"
device used during london metro incident did not fully detonate: sky news,0,0,[],"[0, 0, 0, 0, 0, 0, 0, 0, 0, 0]"
'i thought just kill me quickly': gaza hostage's 54 days in captivity,0,1,[],"[0, 0, 1, 1, 0, 0, 0, 0, 0, 0]"
pentagon chief to preview fiscal 2017 budget on feb. 2: sources,0,0,[],"[0, 0, 0, 0, 0, 0, 0, 0, 0, 0]"
you should know the best plants to fill your borders,1,1,"[0, 0, 0, 1, 0, 0, 1, 0, 0, 0]","[0, 0, 0, 0, 1, 0, 1, 0, 0, 0]"
white house spokesman spicer out as trump seeks to fix image,0,0,[],"[0, 0, 0, 0, 0, 0, 0, 0, 0, 0]"
outrage grows over elon musk's fight with australia's esafety commissioner,1,0,"[0, 0, 1, 0, 0, 0, 0, 0, 0, 0]","[0, 0, 0, 0, 0, 0, 0, 0, 0, 0]"
what happens next after the syrian army's last victory over is,1,1,"[0, 1, 0, 0, 0, 0, 0, 1, 0, 0]","[0, 0, 0, 0, 0, 0, 0, 1, 0, 1]"
spanish judge orders catalan leaders to be held in custody pending trial,0,0,[],"[0, 0, 0, 0, 0, 0, 0, 0, 0, 0]"
"u.s. secretary of state to visit turkey on march 30, says turkish minister",0,0,[],"[0, 0, 0, 0, 0, 0, 0, 0, 0, 0]"
indonesian envoy to urge myanmar to halt violence against rohingya muslims,0,0,[],"[0, 0, 0, 0, 0, 0, 0, 0, 0, 0]"
this unexpected move by france could reshape lebanon talks,1,1,"[0, 0, 0, 0, 0, 1, 0, 0, 1, 0]","[1, 0, 0, 1, 0, 1, 0, 0, 0, 0]"
what remains hidden about the u.s. air strike in somalia,1,1,"[1, 0, 0, 0, 0, 0, 0, 0, 0, 0]","[1, 0, 0, 0, 0, 0, 0, 0, 0, 0]"
trump's fundraising success sparks hope among supporters,1,0,"[0, 0, 1, 0, 0, 0, 0, 0, 0, 0]","[0, 0, 0, 0, 0, 0, 0, 0, 0, 0]"
top five projects funded by world bank for rebuilding iraq,1,0,"[0, 0, 0, 0, 1, 0, 0, 0, 0, 0]","[0, 0, 0, 0, 0, 0, 0, 0, 0, 0]"
"trump says he is considering quotas, tariffs on chinese steel dumping",0,0,[],"[0, 0, 0, 0, 0, 0, 0, 0, 0, 0]"
is the future of brexit really secure with gove's backing,1,1,"[0, 0, 0, 0, 0, 0, 0, 1, 0, 1]","[0, 0, 0, 0, 0, 0, 0, 1, 0, 1]"
head of austrian far right to visit washington at time of trump inauguration,0,0,[],"[0, 0, 0, 0, 0, 0, 0, 0, 0, 0]"
what remains hidden about the presenter’s health during the broadcast,1,1,"[1, 0, 0, 0, 0, 1, 0, 0, 0, 0]","[1, 0, 0, 1, 0, 0, 0, 0, 0, 0]"
papua new guinea police order protesting asylum seekers out of australian-run camp,0,0,[],"[0, 0, 0, 0, 0, 0, 0, 0, 0, 0]"
u.s. navy halts search for three sailors lost in philippine sea air crash,0,0,[],"[0, 0, 0, 0, 0, 0, 0, 0, 0, 0]"
u.s. republican graham curious on trump business deals,0,1,[],"[1, 0, 0, 0, 0, 0, 0, 0, 0, 0]"
the unexpected election win that challenges spain and the eu,1,1,"[0, 0, 0, 1, 0, 0, 0, 1, 0, 1]","[0, 0, 0, 1, 0, 0, 0, 0, 1, 0]"
why tiktok's parent firm insists it won't sell anytime soon,1,1,"[0, 0, 0, 0, 1, 0, 0, 0, 0, 0]","[1, 0, 0, 0, 0, 0, 0, 1, 0, 1]"
the shocking implications of north korea's latest threat to the u.s.,1,1,"[0, 0, 0, 1, 0, 0, 0, 0, 0, 0]","[0, 1, 0, 1, 0, 0, 0, 0, 0, 0]"
pope expresses concern that web companies must protect children with profits,1,0,"[0, 1, 1, 0, 0, 0, 0, 0, 0, 1]","[0, 0, 0, 0, 0, 0, 0, 0, 0, 0]"
street crime crackdown packs paris-area prison ahead of olympics,0,0,[],"[0, 0, 0, 0, 0, 0, 0, 0, 0, 0]"
italy's government faces fierce criticism as confidence votes unfold,1,0,"[0, 0, 0, 0, 1, 0, 1, 1, 0, 0]","[0, 0, 0, 0, 0, 0, 0, 0, 0, 0]"
trump adviser had five calls with russian envoy on day of sanctions: sources,0,0,[],"[0, 0, 0, 0, 0, 0, 0, 0, 0, 0]"
exclusive: how saudi arabia turned on lebanon's hariri,0,1,[],"[1, 0, 0, 1, 0, 0, 0, 0, 0, 0]"
u.s. policy changes on cuba will be tough to undo: official,0,0,[],"[0, 0, 0, 0, 0, 0, 0, 0, 0, 0]"
dramatic insights from the upcoming healthcare bill analysis,1,1,"[0, 1, 0, 0, 1, 0, 0, 0, 1, 0]","[0, 1, 0, 1, 0, 0, 0, 0, 0, 0]"
trump to nominate kansas governor brownback as religious freedom ambassador,0,0,[],"[0, 0, 0, 0, 0, 0, 0, 0, 0, 0]"
the astonishing journey from monarchy to democracy in nepal,1,1,"[0, 0, 0, 1, 0, 1, 0, 0, 0, 0]","[0, 1, 0, 1, 0, 0, 0, 0, 0, 0]"
could this u.s. ban actually increase middle east tourism to thailand,1,1,"[0, 1, 0, 0, 0, 1, 0, 0, 0, 1]","[0, 0, 0, 0, 0, 1, 0, 0, 1, 1]"
arctic drilling hits speed bumps in u.s. tax bill,0,0,[],"[0, 0, 0, 0, 0, 0, 0, 0, 0, 0]"
justice department to create post overseeing asset forfeiture program,0,0,[],"[0, 0, 0, 0, 0, 0, 0, 0, 0, 0]"
"indonesia police detain 51 men in jakarta ""gay spa"" raid",0,0,[],"[0, 0, 0, 0, 0, 0, 0, 0, 0, 0]"
what remains hidden about the gunman who injured a bodyguard,1,1,"[0, 0, 0, 0, 0, 1, 0, 1, 0, 1]","[1, 0, 0, 0, 0, 0, 0, 0, 0, 1]"
the critical plea from the pentagon chief on cyber defense,1,0,"[0, 0, 0, 1, 0, 0, 0, 1, 0, 0]","[0, 0, 0, 0, 0, 0, 0, 0, 0, 0]"
the top reasons why the u.s. warship is near beijing's claimed islands,1,1,"[0, 0, 0, 0, 1, 0, 0, 0, 0, 0]","[0, 1, 0, 1, 1, 0, 0, 0, 0, 0]"
"with algeria's future uncertain, macron unlikely to dwell on past during visit",0,0,[],"[0, 0, 0, 0, 0, 0, 0, 0, 0, 0]"
u.s. worried about hunger-striking cuban dissidents: state department,0,0,[],"[0, 0, 0, 0, 0, 0, 0, 0, 0, 0]"
dramatic setback for republican healthcare bill leaves many wondering,1,1,"[0, 1, 0, 1, 0, 0, 0, 0, 1, 0]","[1, 1, 0, 0, 0, 0, 0, 1, 0, 0]"
"sanders back in u.s. senate, blasts 'colonialism' in puerto rico",0,0,[],"[0, 0, 0, 0, 0, 0, 0, 0, 0, 0]"
kushner stresses trump's mideast peace optimism but details scant,0,0,[],"[0, 0, 0, 0, 0, 0, 0, 0, 0, 0]"
"iran, lebanon's hariri differ on key meeting",0,0,[],"[0, 0, 0, 0, 0, 0, 0, 0, 0, 0]"
"china's xi, trump discuss 'global hot-spot issues': xinhua",0,0,[],"[0, 0, 0, 0, 0, 0, 0, 0, 0, 0]"
breaking: ex-senator coats emerges as the leading candidate for intelligence director,1,0,"[0, 0, 0, 1, 0, 0, 0, 0, 0, 0]","[0, 0, 0, 0, 0, 0, 0, 0, 0, 0]"
"no better u.s. ambassador for prague than trump's ex-wife, says czech president",0,0,[],"[0, 0, 0, 0, 0, 0, 0, 0, 0, 0]"
"despite expected u.s. troop hike, no end in sight to afghan war",0,0,[],"[0, 0, 0, 0, 0, 0, 0, 0, 0, 0]"
"malay woman to be singapore president, puts minority representation on agenda",0,0,[],"[0, 0, 0, 0, 0, 0, 0, 0, 0, 0]"
brazil's major credit downgrade could change everything,1,1,"[0, 1, 0, 0, 0, 0, 0, 0, 1, 0]","[0, 1, 0, 1, 0, 0, 0, 0, 0, 0]"
the shocking details behind the mayor's corruption scandal,1,1,"[1, 0, 0, 0, 1, 0, 0, 1, 0, 0]","[1, 0, 1, 1, 0, 0, 0, 0, 0, 0]"
the ongoing fallout from equifax's breach that warren highlights,1,0,"[1, 0, 0, 0, 0, 0, 0, 1, 0, 0]","[0, 0, 0, 0, 0, 0, 0, 0, 0, 0]"
"clinton holds lead, but pollsters say their job is harder",0,0,[],"[0, 0, 0, 0, 0, 0, 0, 0, 0, 0]"
concern arises over comey's leak to the media,1,0,"[1, 0, 1, 0, 0, 0, 0, 0, 0, 0]","[0, 0, 0, 0, 0, 0, 0, 0, 0, 0]"
major diplomatic tensions rise as turkey pushes for visa resolution,1,0,"[0, 1, 0, 0, 0, 0, 0, 0, 0, 0]","[0, 0, 0, 0, 0, 0, 0, 0, 0, 0]"
the major impact of hurricane irma on florida insurers,1,0,"[1, 0, 0, 0, 0, 0, 0, 0, 1, 1]","[0, 0, 0, 0, 0, 0, 0, 0, 0, 0]"
trump's uncertainty about the fox news debate raises concerns,1,0,"[0, 0, 1, 0, 0, 0, 0, 0, 0, 0]","[0, 0, 0, 0, 0, 0, 0, 0, 0, 0]"
"mexico, el salvador, guatemala urge protections for u.s. 'dreamers'",0,0,[],"[0, 0, 0, 0, 0, 0, 0, 0, 0, 0]"
are you concerned about the strain on france's judiciary?,1,1,"[0, 0, 0, 0, 0, 0, 1, 1, 0, 1]","[0, 0, 1, 0, 0, 0, 1, 0, 0, 1]"
facebook partners with news outlets for election day live video blitz,0,0,[],"[0, 0, 0, 0, 0, 0, 0, 0, 0, 0]"
norway's historic move to appoint its first woman foreign minister,1,0,"[0, 1, 0, 0, 0, 0, 0, 0, 0, 0]","[0, 0, 0, 0, 0, 0, 0, 0, 0, 0]"
philippines vows fair probe after vietnamese fishermen killed,0,0,[],"[0, 0, 0, 0, 0, 0, 0, 0, 0, 0]"
factbox: interior department's oil and gas methane rule for federal lands,0,0,[],"[0, 0, 0, 0, 0, 0, 0, 0, 0, 0]"
what remains hidden about peru's prime minister's skepticism,1,1,"[0, 0, 0, 0, 0, 0, 0, 1, 1, 0]","[1, 0, 0, 0, 0, 0, 0, 0, 0, 0]"
something big is brewing among trump's allies regarding the federal reserve,1,1,"[0, 0, 0, 0, 0, 1, 0, 0, 0, 0]","[0, 1, 0, 1, 0, 1, 0, 0, 0, 0]"
democrats chide sanders after nevada mutiny,0,1,[],"[0, 1, 0, 1, 0, 0, 0, 0, 1, 0]"
"white house eyeing el-erian, others for fed vice chair: cnbc, citing dow jones",0,0,[],"[0, 0, 0, 0, 0, 0, 0, 0, 0, 0]"
"factbox: the economy, guns top on social media during u.s. republican debate",0,0,[],"[0, 0, 0, 0, 0, 0, 0, 0, 0, 0]"
"ohio mayor pleads guilty to corruption charges, remains in office",0,0,[],"[0, 0, 0, 0, 0, 0, 0, 0, 0, 0]"
maintaining same regulations best way to avoid hard border: irish pm,0,0,[],"[0, 0, 0, 0, 0, 0, 0, 0, 0, 0]"
clinton urges renewed 'fight for values',0,0,[],"[0, 0, 0, 0, 0, 0, 0, 0, 0, 0]"
first us bank failure this year: regulators close republic first bank,0,0,[],"[0, 0, 0, 0, 0, 0, 0, 0, 0, 0]"
ohio judge warns trump campaign as voter advocates score court wins,0,0,[],"[0, 0, 0, 0, 0, 0, 0, 0, 0, 0]"
this surprising development in china’s stance on north korea may shock you,1,1,"[1, 0, 1, 0, 0, 1, 0, 0, 0, 0]","[0, 0, 1, 0, 0, 1, 1, 0, 0, 0]"
"u.s. sanctions myanmar general, others for abuses, corruption",0,0,[],"[0, 0, 0, 0, 0, 0, 0, 0, 0, 0]"
european commission says 'ball still rolling' on trade deal with u.s.,0,0,[],"[0, 0, 0, 0, 0, 0, 0, 0, 0, 0]"
kansas argues against boost in school funding,0,0,[],"[0, 0, 0, 0, 0, 0, 0, 0, 0, 0]"
trump unlikely to pick cohn for fed as he is crucial to tax reform drive: official,0,0,[],"[0, 0, 0, 0, 0, 0, 0, 0, 0, 0]"
"after delay, republicans in congress prepare to introduce tax bill",0,0,[],"[0, 0, 0, 0, 0, 0, 0, 0, 0, 0]"
international air ban over iraqi kurdistan comes into effect,0,0,[],"[0, 0, 0, 0, 0, 0, 0, 0, 0, 0]"
trump's major decision on comey testimony remains unclear,1,0,"[0, 1, 0, 0, 0, 0, 0, 0, 0, 0]","[0, 0, 0, 0, 0, 0, 0, 0, 0, 0]"
chile welcomes more than 60 syrian refugees,0,0,[],"[0, 0, 0, 0, 0, 0, 0, 0, 0, 0]"
senator corker says no deal yet on russia sanctions bill,0,0,[],"[0, 0, 0, 0, 0, 0, 0, 0, 0, 0]"
trump says will issue new order next week to protect americans,0,0,[],"[0, 0, 0, 0, 0, 0, 0, 0, 0, 0]"
this unexpected move by trump at the black church is raising eyebrows,1,1,"[1, 0, 0, 0, 0, 1, 0, 0, 0, 0]","[1, 0, 0, 1, 0, 1, 0, 0, 0, 0]"
this warning from hungary could impact eu citizens significantly,1,1,"[0, 0, 0, 1, 1, 0, 0, 0, 1, 0]","[1, 1, 0, 0, 0, 1, 0, 0, 0, 0]"
trump and clinton are battling for women's votes like never before,1,1,"[0, 1, 0, 0, 0, 0, 1, 1, 0, 0]","[0, 1, 0, 1, 1, 0, 0, 0, 0, 0]"
art of the spin: trump bankers question his portrayal of financial comeback,0,0,[],"[0, 0, 0, 0, 0, 0, 0, 0, 0, 0]"
the tragic boat capsizing that left 16 dead and counting,1,0,"[0, 0, 0, 0, 0, 1, 0, 1, 0, 1]","[0, 0, 0, 0, 0, 0, 0, 0, 0, 0]"
what remains hidden in may's talks with trump,1,1,"[1, 0, 0, 0, 0, 0, 0, 0, 0, 1]","[1, 0, 0, 0, 0, 0, 0, 0, 0, 1]"
factbox: u.s. labor secretary nominee's book lays out his job creation theory,0,0,[],"[0, 0, 0, 0, 0, 0, 0, 0, 0, 0]"
"new york times stands by trump story, rebuts claim of libel",0,0,[],"[0, 0, 0, 0, 0, 0, 0, 0, 0, 0]"
russian teenager handed jail sentence in norway explosives case,0,0,[],"[0, 0, 0, 0, 0, 0, 0, 0, 0, 0]"
"puerto rico evacuates area near crumbling dam, asks for aid",0,0,[],"[0, 0, 0, 0, 0, 0, 0, 0, 0, 0]"
the powerful message from an abolitionist every activist needs to hear,1,1,"[0, 0, 0, 1, 1, 0, 0, 0, 0, 0]","[0, 1, 0, 0, 0, 0, 1, 0, 0, 0]"
the dramatic bounce for australian pm amid voter fatigue,1,1,"[0, 0, 0, 1, 0, 0, 0, 0, 0, 0]","[0, 1, 0, 1, 0, 0, 0, 0, 1, 0]"
"egyptian ex-pm shafik arrives in cairo, say airport sources",0,0,[],"[0, 0, 0, 0, 0, 0, 0, 0, 0, 0]"
this unexpected twist in the economy minister's case will leave you questioning,1,1,"[1, 0, 0, 0, 0, 0, 0, 0, 1, 1]","[1, 0, 0, 1, 0, 0, 1, 0, 0, 0]"
trump fires adviser bannon,0,0,[],"[0, 0, 0, 0, 0, 0, 0, 0, 0, 0]"
"trump reelection campaign raised $10 million in third quarter, spent $1.1 million on legal fees",0,0,[],"[0, 0, 0, 0, 0, 0, 0, 0, 0, 0]"
"google sales accelerate as ad, cloud businesses hold up amid costly ai push",0,0,[],"[0, 0, 0, 0, 0, 0, 0, 0, 0, 0]"
"factbox: five facts about mike pompeo, expected to replace tillerson",0,0,[],"[0, 0, 0, 0, 0, 0, 0, 0, 0, 0]"
senate panel advances trump's nominee for attorney general,0,0,[],"[0, 0, 0, 0, 0, 0, 0, 0, 0, 0]"
"let rishi sunak ‘get on with the job’, says grant shapps",0,0,[],"[0, 0, 0, 0, 0, 0, 0, 0, 0, 0]"
the unexpected twist in the tax-cut debate every investor should watch,1,1,"[0, 0, 1, 0, 0, 0, 1, 0, 1, 0]","[1, 0, 0, 1, 0, 0, 1, 0, 0, 0]"
two wanted men injured by saudi security forces in qatif,0,0,[],"[0, 0, 0, 0, 0, 0, 0, 0, 0, 0]"
airlines take drastic measures as bali flights face volcanic ash chaos,1,0,"[1, 0, 1, 0, 1, 0, 0, 0, 0, 0]","[0, 0, 0, 0, 0, 0, 0, 0, 0, 0]"
the urgent plea to australia that every citizen should know about,1,1,"[0, 0, 1, 0, 0, 0, 1, 0, 1, 0]","[1, 1, 0, 0, 0, 0, 1, 0, 0, 0]"
why the pro-palestinian protests at columbia are raising concerns among students,1,0,"[0, 0, 0, 0, 0, 0, 1, 0, 0, 0]","[0, 0, 0, 0, 0, 0, 0, 0, 0, 0]"
"bill clinton, tim kaine cancel iowa event after police shooting",0,0,[],"[0, 0, 0, 0, 0, 0, 0, 0, 0, 0]"
party without parliamentary seats leads in slovenia opinion poll,0,0,[],"[0, 0, 0, 0, 0, 0, 0, 0, 0, 0]"
what they're not telling you about the underground bank bust in guangzhou,1,1,"[0, 0, 0, 0, 0, 1, 0, 1, 0, 0]","[1, 0, 0, 0, 0, 1, 1, 0, 0, 0]"
senate may keep some obamacare taxes in u.s. healthcare overhaul,0,0,[],"[0, 0, 0, 0, 0, 0, 0, 0, 0, 0]"
u.s. officials working to restore public trust in police: attorney general,0,0,[],"[0, 0, 0, 0, 0, 0, 0, 0, 0, 0]"
greece 'ready and determined' to exit bailout in 2018: pm,0,0,[],"[0, 0, 0, 0, 0, 0, 0, 0, 0, 0]"
marseille attacker probably radicalized by brother: police,0,0,[],"[0, 0, 0, 0, 0, 0, 0, 0, 0, 0]"
voters should be aware of the abuse uncovered in britain's parliament,1,1,"[0, 0, 0, 0, 0, 0, 1, 0, 1, 0]","[0, 0, 1, 1, 0, 0, 1, 0, 0, 0]"
egypt attack to spur on saudi-backed muslim military alliance: crown prince,0,0,[],"[0, 0, 0, 0, 0, 0, 0, 0, 0, 0]"
judge says clinton may have to testify in email lawsuit,0,0,[],"[0, 0, 0, 0, 0, 0, 0, 0, 0, 0]"
"eighteen injured in west london incident, none seriously: uk ambulance service",0,0,[],"[0, 0, 0, 0, 0, 0, 0, 0, 0, 0]"
the major implications of congress's upcoming tpp decision,1,0,"[0, 1, 0, 0, 0, 0, 1, 0, 0, 0]","[0, 0, 0, 0, 0, 0, 0, 0, 0, 0]"
france's le drian says 'no' to iran mediterranean axis,0,0,[],"[0, 0, 0, 0, 0, 0, 0, 0, 0, 0]"
uk pm may says she is 'ambitious and positive' about brexit talks,0,0,[],"[0, 0, 0, 0, 0, 0, 0, 0, 0, 0]"
trump's response to allegations raises questions,1,1,"[0, 0, 0, 0, 0, 1, 0, 0, 0, 0]","[0, 0, 0, 0, 0, 1, 0, 1, 0, 1]"
croatia parliament debates government no-confidence motion over agrokor,0,0,[],"[0, 0, 0, 0, 0, 0, 0, 0, 0, 0]"
what you need to know about the millions without power after irma,1,1,"[0, 0, 0, 0, 0, 0, 0, 0, 0, 1]","[1, 0, 0, 0, 0, 0, 1, 0, 0, 0]"
"algeria's ruling caste set on orderly succession, when the time comes",0,0,[],"[0, 0, 0, 0, 0, 0, 0, 0, 0, 0]"
cannot be complacent about potential threat of north korean missiles: uk minister,0,0,[],"[0, 0, 0, 0, 0, 0, 0, 0, 0, 0]"
london metro incident revealed an unprecedented failure,1,1,"[0, 1, 0, 0, 0, 0, 0, 0, 0, 0]","[0, 1, 0, 1, 0, 0, 0, 0, 0, 0]"
the hidden details of the queen's 70-year marriage celebration will surprise you,1,1,"[0, 0, 1, 1, 0, 0, 0, 0, 0, 0]","[1, 0, 0, 1, 0, 0, 1, 0, 0, 0]"
former hong kong student leader escapes jail sentence for campus protest,0,0,[],"[0, 0, 0, 0, 0, 0, 0, 0, 0, 0]"
what happens next in the electoral district battle at the supreme court,1,1,"[1, 0, 0, 0, 0, 0, 0, 0, 0, 1]","[1, 0, 0, 0, 0, 0, 0, 1, 0, 1]"
the alarming concerns from scientists about trump's climate stance,1,1,"[1, 0, 0, 0, 1, 0, 1, 0, 0, 0]","[0, 1, 1, 0, 0, 0, 0, 0, 0, 0]"
there's something shocking about miriam that viewers are still talking about,1,1,"[0, 0, 0, 0, 0, 1, 0, 0, 0, 0]","[1, 0, 0, 1, 0, 1, 0, 0, 0, 0]"
the trump presidency on march 9 at 9:49 p.m. est/march 10 0149 gmt,0,1,[],"[0, 0, 0, 1, 0, 1, 0, 0, 0, 0]"
iran sets december 10 court date for jailed iranian-british aid worker,0,0,[],"[0, 0, 0, 0, 0, 0, 0, 0, 0, 0]"
the top five reasons state dept. budget cuts are alarming,1,1,"[0, 0, 0, 0, 1, 0, 0, 0, 1, 0]","[0, 0, 1, 0, 1, 0, 0, 0, 0, 0]"
an abolitionist’s message to activists,0,1,[],"[1, 0, 0, 0, 0, 0, 1, 0, 1, 0]"
roadside bomb kills eight in afghanistan: local official,0,0,[],"[0, 0, 0, 0, 0, 0, 0, 0, 0, 0]"
the dramatic vote in ireland that could change abortion laws,1,1,"[0, 0, 0, 1, 0, 0, 0, 0, 0, 0]","[0, 1, 0, 1, 0, 0, 0, 0, 0, 0]"
the world watches in fear as myanmar escalates military force,1,0,"[0, 0, 1, 0, 0, 0, 0, 0, 0, 0]","[0, 0, 0, 0, 0, 0, 0, 0, 0, 0]"
this unexpected arrest in pakistan raises eyebrows among citizens,1,1,"[0, 0, 0, 0, 0, 1, 1, 0, 1, 0]","[1, 0, 0, 1, 0, 1, 0, 0, 0, 0]"
"after bloodshed, venezuelan government and foes battle for votes",0,0,[],"[0, 0, 0, 0, 0, 0, 0, 0, 0, 0]"
"ryan says u.s. tax reform consensus nears, does not mention border tax",0,0,[],"[0, 0, 0, 0, 0, 0, 0, 0, 0, 0]"
rescuers search for philippine storm victims as toll rises to 200,0,0,[],"[0, 0, 0, 0, 0, 0, 0, 0, 0, 0]"
what will sessions reveal in thursday's news conference,1,1,"[0, 0, 0, 1, 0, 0, 0, 0, 0, 0]","[1, 0, 0, 0, 0, 0, 0, 1, 0, 1]"
the top details you didn't know about hastert's lawsuit,1,1,"[1, 0, 0, 0, 1, 1, 0, 0, 0, 0]","[1, 0, 0, 0, 1, 0, 1, 0, 0, 0]"
this surprising response from china about mugabe will shock you,1,1,"[0, 0, 0, 0, 0, 1, 1, 0, 1, 0]","[0, 0, 1, 0, 0, 1, 1, 0, 0, 0]"
what crucial elements should you watch at china's communist party congress,1,0,"[0, 0, 0, 0, 0, 0, 0, 0, 0, 1]","[0, 0, 0, 0, 0, 0, 0, 0, 0, 0]"
how far will politicians go in stoking racism over immigration,1,1,"[0, 0, 0, 0, 0, 0, 0, 0, 0, 1]","[0, 0, 0, 1, 0, 0, 0, 1, 0, 1]"
"turkey sends military vehicles, equipment to syrian border: anadolu",0,0,[],"[0, 0, 0, 0, 0, 0, 0, 0, 0, 0]"
nra's surprising stance on gun regulation after vegas shooting,1,1,"[0, 1, 1, 0, 0, 0, 1, 0, 0, 0]","[0, 0, 0, 1, 0, 0, 0, 0, 1, 0]"
australian medical group wants access to manus island asylum seekers,0,0,[],"[0, 0, 0, 0, 0, 0, 0, 0, 0, 0]"
what this controversial policy could mean for families at the border,1,1,"[1, 0, 0, 0, 0, 1, 0, 0, 0, 0]","[1, 0, 0, 0, 0, 1, 0, 0, 0, 1]"
"senate passes puerto rico debt bill, sends to obama",0,0,[],"[0, 0, 0, 0, 0, 0, 0, 0, 0, 0]"
what happens next in trump's struggle against clinton,1,1,"[1, 0, 0, 0, 0, 0, 0, 0, 1, 1]","[1, 0, 0, 0, 0, 0, 0, 1, 0, 1]"
what happens now that norway's government faces minority rule,1,1,"[0, 0, 0, 0, 0, 0, 1, 1, 0, 1]","[1, 0, 0, 0, 0, 0, 0, 1, 0, 1]"
what remains hidden in the stalled nile dam talks,1,1,"[0, 1, 0, 0, 0, 1, 0, 1, 0, 0]","[1, 0, 0, 0, 0, 0, 0, 0, 0, 1]"
could macron's warning change the future of the iran deal,1,1,"[0, 0, 0, 0, 0, 0, 0, 1, 1, 0]","[0, 1, 0, 0, 0, 0, 0, 1, 0, 1]"
"unexpectedly, uzbekistan shifts labor policies for students and teachers",1,1,"[0, 0, 0, 0, 0, 1, 0, 0, 1, 0]","[0, 0, 0, 1, 0, 0, 0, 0, 0, 0]"
who is the ex-qaeda leader injured in syria and why does it matter,1,1,"[0, 0, 0, 0, 0, 0, 1, 0, 0, 0]","[1, 0, 0, 0, 0, 0, 0, 0, 0, 1]"
beetroot and beefless bourguignon as paris olympics embraces vegetarian cuisine,0,0,[],"[0, 0, 0, 0, 0, 0, 0, 0, 0, 0]"
eu exec proposes deeper euro zone integration to unite eu,0,0,[],"[0, 0, 0, 0, 0, 0, 0, 0, 0, 0]"
this hidden conflict: attacks on kurdish offices reveal deeper issues,1,1,"[1, 0, 0, 0, 0, 1, 0, 0, 1, 0]","[1, 0, 0, 0, 0, 1, 0, 0, 0, 0]"
top 5 self-designed homes that could save mosul's future,1,1,"[0, 0, 0, 0, 1, 0, 0, 0, 0, 1]","[0, 0, 1, 0, 1, 0, 0, 0, 1, 0]"
the unsettling gratitude trump expressed to putin over diplomatic cuts,1,1,"[0, 0, 1, 0, 0, 0, 1, 0, 0, 0]","[0, 0, 1, 0, 0, 0, 0, 0, 1, 0]"
investors should brace for changes as labor dept. considers delaying fiduciary rule,1,0,"[0, 0, 0, 0, 0, 0, 1, 0, 0, 0]","[0, 0, 0, 0, 0, 0, 0, 0, 0, 0]"
irish finance minister says prospect of election 'unconscionable',0,0,[],"[0, 0, 0, 0, 0, 0, 0, 0, 0, 0]"
iran nuclear deal must be changed for u.s. to remain in pact: tillerson,0,0,[],"[0, 0, 0, 0, 0, 0, 0, 0, 0, 0]"
world bank approves $400 million to rebuild liberated iraqi areas,0,0,[],"[0, 0, 0, 0, 0, 0, 0, 0, 0, 0]"
top senate democrat says has 'serious concerns' about court nominee gorsuch,0,0,[],"[0, 0, 0, 0, 0, 0, 0, 0, 0, 0]"
trump says he would consider alliance with russia over islamic state,0,0,[],"[0, 0, 0, 0, 0, 0, 0, 0, 0, 0]"
schiff says accepted white house invitation to review intelligence,0,0,[],"[0, 0, 0, 0, 0, 0, 0, 0, 0, 0]"
you need to know this about the upcoming election in catalonia,1,1,"[1, 0, 0, 0, 0, 1, 1, 0, 0, 0]","[1, 0, 0, 0, 0, 1, 1, 0, 0, 0]"
u.k. charges british man with working for russia in arson attack,0,0,[],"[0, 0, 0, 0, 0, 0, 0, 0, 0, 0]"
trump says trade gap will make china meeting 'a very difficult one',0,0,[],"[0, 0, 0, 0, 0, 0, 0, 0, 0, 0]"
trump and yellen may not be an odd couple after all,0,1,[],"[1, 0, 0, 1, 0, 0, 0, 0, 1, 0]"
u.s. consumer watchdog chief cordray tests ohio's election waters,0,0,[],"[0, 0, 0, 0, 0, 0, 0, 0, 0, 0]"
apple case exposes ongoing government rift over encryption policy,0,0,[],"[0, 0, 0, 0, 0, 0, 0, 0, 0, 0]"
senate leader says he's confident of deal to keep government open after dec. 22,0,0,[],"[0, 0, 0, 0, 0, 0, 0, 0, 0, 0]"
the chaos in trump's administration continues as he lashes out at the press,1,0,"[0, 0, 0, 0, 0, 0, 0, 1, 0, 0]","[0, 0, 0, 0, 0, 0, 0, 0, 0, 0]"
"roadside bombs wound 20, kill soldier in thailand's troubled south",0,0,[],"[0, 0, 0, 0, 0, 0, 0, 0, 0, 0]"
trump administration sides against unions in high court fees case,0,0,[],"[0, 0, 0, 0, 0, 0, 0, 0, 0, 0]"
trump's unexpected move on chicago crime could change everything,1,1,"[0, 0, 0, 0, 0, 1, 0, 0, 1, 0]","[0, 1, 0, 0, 0, 1, 0, 1, 0, 0]"
nra opposes outright u.s. ban on gun devices used by las vegas killer,0,0,[],"[0, 0, 0, 0, 0, 0, 0, 0, 0, 0]"
u.s. house democrats seek info from deutsche bank on trump accounts,0,0,[],"[0, 0, 0, 0, 0, 0, 0, 0, 0, 0]"
"week in wildlife – in pictures: a lazy leopard, a moonwalking elephant and hitchhiking ducklings",0,0,[],"[0, 0, 0, 0, 0, 0, 0, 0, 0, 0]"
"iraq's pm, on u.s. visit, says wins assurances from trump administration",0,0,[],"[0, 0, 0, 0, 0, 0, 0, 0, 0, 0]"
what makes halep's journey to round three so surprising,1,1,"[0, 0, 0, 0, 0, 1, 0, 0, 1, 0]","[1, 0, 0, 1, 0, 0, 0, 0, 0, 1]"
the unexpected stance of poland's prime minister on europe's future,1,1,"[0, 0, 0, 1, 0, 1, 0, 0, 0, 1]","[1, 0, 0, 1, 0, 0, 0, 0, 0, 0]"
"pakistan's anti-corruption agency starts criminal investigation into ex-pm, finance minister",0,0,[],"[0, 0, 0, 0, 0, 0, 0, 0, 0, 0]"
fight over electoral district boundaries heads to supreme court,0,0,[],"[0, 0, 0, 0, 0, 0, 0, 0, 0, 0]"
what's behind the key republican's healthcare plan revision? details emerge,1,1,"[0, 0, 0, 0, 0, 1, 0, 0, 1, 0]","[1, 0, 0, 0, 0, 0, 0, 1, 0, 1]"
what remains hidden behind duterte's threat to close mines,1,1,"[1, 0, 0, 0, 0, 0, 0, 0, 0, 0]","[1, 0, 0, 0, 0, 0, 0, 0, 0, 1]"
the top candidates for fbi director you need to know about,1,1,"[0, 1, 0, 0, 0, 1, 0, 0, 0, 0]","[0, 0, 0, 0, 1, 0, 1, 0, 0, 0]"
dramatic changes in u.s. tax bill reporting could impact companies,1,0,"[0, 0, 0, 1, 0, 0, 1, 0, 0, 0]","[0, 0, 0, 0, 0, 0, 0, 0, 0, 0]"
hamas picks new deputy chief whom israel blames for helping spark gaza war,0,0,[],"[0, 0, 0, 0, 0, 0, 0, 0, 0, 0]"
the latest update on honduras' election reveals something alarming about the president's lead,1,1,"[0, 0, 1, 0, 0, 1, 0, 0, 0, 0]","[1, 0, 1, 0, 0, 1, 0, 0, 0, 0]"
court ruling allows syrian youth to bring family to germany,0,0,[],"[0, 0, 0, 0, 0, 0, 0, 0, 0, 0]"
the surprising benefits of tpp that japan's aso wants you to know,1,1,"[1, 0, 1, 0, 0, 1, 0, 0, 0, 0]","[1, 0, 0, 0, 0, 0, 1, 0, 0, 0]"
will mcconnell's tax bill strategy lead to a major win,1,1,"[0, 0, 1, 0, 1, 0, 0, 0, 0, 1]","[0, 1, 0, 0, 0, 0, 0, 1, 0, 1]"
u.s. high court action leaves transgender students in legal limbo,0,0,[],"[0, 0, 0, 0, 0, 0, 0, 0, 0, 0]"
the surprising candidates obama is considering for the supreme court,1,1,"[0, 0, 0, 1, 0, 0, 0, 0, 0, 0]","[0, 0, 0, 1, 0, 0, 0, 0, 1, 0]"
the outcome remains unclear for catalan separatists in the election,1,0,"[0, 1, 0, 0, 0, 0, 0, 1, 0, 0]","[0, 0, 0, 0, 0, 0, 0, 0, 0, 0]"
a low-key trump ends social media silence,0,0,[],"[0, 0, 0, 0, 0, 0, 0, 0, 0, 0]"
the unexpected health crisis facing the bush family,1,1,"[0, 0, 0, 1, 0, 1, 0, 0, 1, 0]","[0, 1, 0, 1, 0, 0, 0, 0, 0, 0]"
catalans start to form queues to vote in independence referendum: witnesses,0,0,[],"[0, 0, 0, 0, 0, 0, 0, 0, 0, 0]"
outrage erupts after deadly russian apartment gas blast,1,0,"[0, 0, 1, 0, 0, 1, 1, 0, 0, 0]","[0, 0, 0, 0, 0, 0, 0, 0, 0, 0]"
german far-right party wants journalists' private data,0,0,[],"[0, 0, 0, 0, 0, 0, 0, 0, 0, 0]"
texas prosecutor offers probation to anti-abortion activist behind video,0,0,[],"[0, 0, 0, 0, 0, 0, 0, 0, 0, 0]"
one-in-five u.s. republicans want trump to drop out: reuters/ipsos poll,0,0,[],"[0, 0, 0, 0, 0, 0, 0, 0, 0, 0]"
u.s. senate confirms heath tarbert to be an assistant treasury secretary,0,0,[],"[0, 0, 0, 0, 0, 0, 0, 0, 0, 0]"
what's next for the anti-trump site after the justice department move,1,1,"[0, 0, 0, 0, 0, 0, 0, 1, 0, 0]","[1, 0, 0, 0, 0, 1, 0, 1, 0, 0]"
epa chief says ready to further relax fuel standards due to hurricanes,0,0,[],"[0, 0, 0, 0, 0, 0, 0, 0, 0, 0]"
could this autumn's same-sex marriage referendum change everything?,1,1,"[0, 0, 0, 0, 0, 0, 0, 1, 0, 1]","[0, 1, 0, 0, 0, 0, 0, 1, 0, 1]"
illinois governor rejects school funding legislation,0,0,[],"[0, 0, 0, 0, 0, 0, 0, 0, 0, 0]"
labor dept. looks into delaying fiduciary rule after trump's order,0,0,[],"[0, 0, 0, 0, 0, 0, 0, 0, 0, 0]"
asian-american judges among obama's options as he seeks to replace scalia,0,0,[],"[0, 0, 0, 0, 0, 0, 0, 0, 0, 0]"
what does the ousting of the prime minister mean for mongolia's future,1,1,"[0, 0, 0, 0, 0, 0, 0, 0, 0, 1]","[1, 0, 0, 0, 0, 0, 0, 1, 0, 1]"
the outcome remains unclear as trump's attorney general nominee advances,1,0,"[0, 0, 1, 0, 0, 0, 0, 1, 0, 1]","[0, 0, 0, 0, 0, 0, 0, 0, 0, 0]"
china urges trump administration to grasp importance of 'one china',0,0,[],"[0, 0, 0, 0, 0, 0, 0, 0, 0, 0]"
trump says criticism of him by republican senator corker 'strange',0,0,[],"[0, 0, 0, 0, 0, 0, 0, 0, 0, 0]"
u.s. lawmakers deadlock on zika virus funds,0,0,[],"[0, 0, 0, 0, 0, 0, 0, 0, 0, 0]"
top tax-writing republican says tpp trade deal not dead in congress,0,0,[],"[0, 0, 0, 0, 0, 0, 0, 0, 0, 0]"
the unexpected warning to the u.s. house about campaigning practices,1,1,"[0, 1, 0, 0, 0, 1, 0, 0, 1, 0]","[0, 0, 0, 1, 0, 1, 0, 0, 0, 0]"
"something is brewing in german coalition talks, according to macron",1,1,"[0, 0, 0, 0, 0, 1, 0, 0, 0, 0]","[1, 0, 0, 0, 0, 1, 0, 1, 0, 0]"
the outcome remains unclear as europe pushes for middle east proposals,1,0,"[0, 1, 0, 0, 0, 0, 0, 1, 0, 0]","[0, 0, 0, 0, 0, 0, 0, 0, 0, 0]"
what remains hidden in the republican establishment's support for trump,1,1,"[1, 0, 1, 0, 0, 0, 0, 0, 0, 0]","[1, 0, 0, 0, 0, 0, 0, 0, 0, 0]"
the us college protests and the crackdown on campuses - podcast,0,0,[],"[0, 0, 0, 0, 0, 0, 0, 0, 0, 0]"
world bank approves $150 million to restore services in yemeni cities,0,0,[],"[0, 0, 0, 0, 0, 0, 0, 0, 0, 0]"
the surprising political move by farc leader timochenko that could shake colombia,1,1,"[1, 0, 0, 1, 0, 0, 0, 0, 0, 0]","[0, 1, 0, 1, 0, 1, 0, 0, 0, 0]"
what you need to know about mnuchin's dollar strategy,1,1,"[1, 0, 0, 0, 0, 1, 0, 0, 1, 0]","[1, 0, 0, 0, 0, 0, 1, 0, 0, 0]"
russia: pence balkans comments expose washington's cold war ideology,0,0,[],"[0, 0, 0, 0, 0, 0, 0, 0, 0, 0]"
venezuela indicts alleged accomplice of june helicopter attack,0,0,[],"[0, 0, 0, 0, 0, 0, 0, 0, 0, 0]"
indonesia reopens bali airport as wind clears volcanic ash,0,0,[],"[0, 0, 0, 0, 0, 0, 0, 0, 0, 0]"
this decision by oxford raises questions about human rights,1,1,"[0, 0, 0, 0, 0, 1, 0, 0, 0, 0]","[0, 0, 0, 1, 0, 1, 0, 0, 0, 0]"
"cruz says will target taxes, bank regulation if elected: cnbc interview",0,0,[],"[0, 0, 0, 0, 0, 0, 0, 0, 0, 0]"
'dreamer' immigration bill not on u.s. senate agenda this month,0,0,[],"[0, 0, 0, 0, 0, 0, 0, 0, 0, 0]"
u.s. health insurers want cruz proposal dropped from senate bill,0,0,[],"[0, 0, 0, 0, 0, 0, 0, 0, 0, 0]"
supreme court nominee out in cold as election heats up,0,1,[],"[0, 1, 0, 1, 0, 0, 0, 0, 0, 0]"
trump's nafta plans: what happens next for the auto industry,1,1,"[0, 0, 0, 0, 1, 0, 0, 1, 0, 0]","[0, 0, 0, 0, 0, 0, 0, 1, 0, 1]"
you won't believe the white house's message before pence's visit,1,1,"[0, 1, 0, 0, 0, 1, 1, 0, 0, 0]","[1, 0, 0, 1, 0, 0, 1, 0, 0, 0]"
green republicans resist trump's climate denial in cleveland,0,0,[],"[0, 0, 0, 0, 0, 0, 0, 0, 0, 0]"
top predictions for japan's upcoming election and what they mean for you,1,1,"[0, 0, 0, 0, 1, 1, 1, 0, 0, 0]","[1, 0, 0, 0, 1, 0, 1, 0, 0, 0]"
the significant claims about kurdistan's intentions in iraq revealed by krg,1,1,"[0, 1, 0, 0, 0, 0, 1, 0, 0, 0]","[0, 1, 0, 0, 0, 0, 0, 0, 0, 0]"
arizona execution procedures face review in u.s. court,0,0,[],"[0, 0, 0, 0, 0, 0, 0, 0, 0, 0]"
finland reveals major military drill with the united states and sweden,1,0,"[0, 1, 0, 0, 0, 0, 0, 0, 0, 0]","[0, 0, 0, 0, 0, 0, 0, 0, 0, 0]"
mattis signs orders to send additional troops to afghanistan,0,0,[],"[0, 0, 0, 0, 0, 0, 0, 0, 0, 0]"
u.s.-south korea military exercise to start aug. 21: pentagon,0,0,[],"[0, 0, 0, 0, 0, 0, 0, 0, 0, 0]"
iraq's alarming threat to escalate military operations against the kurds,1,0,"[0, 0, 0, 0, 0, 0, 0, 1, 0, 0]","[0, 0, 0, 0, 0, 0, 0, 0, 0, 0]"
the alarming concern obama raises about the supreme court's future,1,1,"[0, 0, 1, 0, 0, 0, 0, 0, 0, 0]","[0, 1, 1, 0, 0, 0, 0, 0, 0, 0]"
what they won't tell you about the upcoming data services reform,1,1,"[0, 0, 0, 0, 0, 1, 0, 0, 0, 0]","[1, 0, 0, 0, 0, 1, 1, 0, 0, 0]"
"philippines, russia sign two military deals",0,0,[],"[0, 0, 0, 0, 0, 0, 0, 0, 0, 0]"
what the nobel prize means for the anti-nuclear movement,1,1,"[0, 1, 0, 0, 0, 0, 0, 0, 0, 1]","[1, 0, 0, 0, 0, 0, 0, 0, 0, 1]"
armed force claims victory in libyan migrant smuggling hub,0,0,[],"[0, 0, 0, 0, 0, 0, 0, 0, 0, 0]"
could mcwilliams' appointment change everything at fdic,1,1,"[0, 0, 0, 0, 0, 0, 0, 1, 1, 1]","[0, 1, 0, 0, 0, 0, 0, 1, 0, 1]"
german railway under fire for proposal to name train 'anne frank',0,0,[],"[0, 0, 0, 0, 0, 0, 0, 0, 0, 0]"
you won't believe who was caught in saudi corruption crackdown,1,1,"[0, 0, 1, 1, 0, 0, 1, 0, 0, 0]","[1, 0, 0, 0, 0, 1, 1, 0, 0, 0]"
"merkel, responding to trump, says europe's fate is in its own hands",0,0,[],"[0, 0, 0, 0, 0, 0, 0, 0, 0, 0]"
trump and putin see eye to eye on many foreign policy aims: foreign minister,0,0,[],"[0, 0, 0, 0, 0, 0, 0, 0, 0, 0]"
malaysia summons myanmar ambassador over violence in rakhine state,0,0,[],"[0, 0, 0, 0, 0, 0, 0, 0, 0, 0]"
"contrary to trump tweet, senator flake still undecided on tax bill",0,0,[],"[0, 0, 0, 0, 0, 0, 0, 0, 0, 0]"
this surprising move by clinton has left many questioning her motives,1,1,"[0, 0, 0, 0, 0, 1, 1, 0, 0, 0]","[0, 0, 0, 1, 0, 1, 0, 0, 0, 0]"
flames raced along train at west london station: eye witness,0,0,[],"[0, 0, 0, 0, 0, 0, 0, 0, 0, 0]"
"in abu dhabi, france's macron says must remain firm with iran",0,0,[],"[0, 0, 0, 0, 0, 0, 0, 0, 0, 0]"
fear and loathing in south korea as university exam postponed by quake,0,0,[],"[0, 0, 0, 0, 0, 0, 0, 0, 0, 0]"
turkey summons german ambassador as tensions mount,0,0,[],"[0, 0, 0, 0, 0, 0, 0, 0, 0, 0]"
this critical memo from diplomats reveals ongoing tensions,1,1,"[0, 0, 0, 0, 0, 1, 0, 1, 0, 0]","[0, 1, 0, 0, 0, 1, 0, 0, 0, 0]"
"scope of kerimov's immunity status up to judge to decide upon, says france",0,0,[],"[0, 0, 0, 0, 0, 0, 0, 0, 0, 0]"
the shocking claim: ex-russian minister thought $2 million cash was a gift,1,1,"[0, 1, 0, 1, 0, 0, 0, 0, 0, 0]","[0, 0, 1, 0, 0, 0, 0, 0, 0, 0]"
the shocking details behind the illinois budget standoff,1,1,"[1, 0, 0, 0, 1, 0, 0, 1, 0, 0]","[1, 0, 0, 1, 0, 0, 0, 0, 0, 0]"
dramatic rise in north korea's missile tests raises alarms in south korea,1,0,"[0, 1, 0, 0, 0, 0, 0, 0, 1, 0]","[0, 0, 0, 0, 0, 0, 0, 0, 0, 0]"
"france, germany to pursue syria peace efforts through u.n.",0,0,[],"[0, 0, 0, 0, 0, 0, 0, 0, 0, 0]"
puerto rico's prepa makes a shocking move you need to know about,1,1,"[0, 0, 1, 0, 0, 0, 0, 0, 0, 0]","[1, 0, 0, 0, 0, 1, 1, 0, 0, 0]"
rep. franks to resign after staff members' complaints of harassment,0,0,[],"[0, 0, 0, 0, 0, 0, 0, 0, 0, 0]"
this unusual boycott in burundi is raising questions,1,1,"[0, 1, 0, 0, 0, 0, 0, 0, 0, 0]","[0, 0, 0, 0, 0, 1, 0, 1, 0, 0]"
sessions confirmed as u.s. attorney general after battle with democrats,0,0,[],"[0, 0, 0, 0, 0, 0, 0, 0, 0, 0]"
trump discusses north korea situation with putin: white house,0,0,[],"[0, 0, 0, 0, 0, 0, 0, 0, 0, 0]"
mueller impanels washington grand jury in russia probe: wall street journal,0,0,[],"[0, 0, 0, 0, 0, 0, 0, 0, 0, 0]"
the dramatic shake-up in mozambique's leadership you need to know about,1,1,"[0, 1, 0, 0, 0, 0, 1, 0, 0, 0]","[0, 1, 0, 1, 0, 0, 1, 0, 0, 0]"
you won't believe what british lawmakers want from may on climate change,1,1,"[0, 0, 0, 0, 0, 0, 1, 0, 0, 0]","[1, 0, 0, 1, 0, 0, 1, 0, 0, 0]"
what happens now for transgender students in legal limbo,1,1,"[0, 0, 0, 0, 0, 1, 0, 0, 0, 0]","[0, 0, 0, 0, 0, 0, 0, 1, 0, 1]"
what happens next after voter-intimidation rules are lifted in ohio,1,1,"[1, 0, 0, 0, 0, 0, 0, 0, 0, 1]","[0, 0, 0, 0, 0, 0, 0, 1, 0, 1]"
you won't believe why this tech isn't ready for kenya's election,1,1,"[0, 0, 0, 0, 0, 0, 1, 0, 0, 1]","[1, 0, 0, 1, 0, 0, 1, 0, 0, 0]"
what remains hidden about may's deputy's allegations,1,1,"[0, 1, 0, 0, 0, 1, 0, 0, 0, 0]","[1, 0, 0, 0, 0, 0, 0, 0, 0, 1]"
the shocking details we may never know about russia's hacks,1,1,"[0, 0, 0, 1, 1, 1, 0, 0, 0, 0]","[1, 0, 1, 0, 0, 0, 0, 1, 0, 0]"
shock as zeki amdouni punishes onana for a stunning draw,1,1,"[1, 0, 1, 1, 0, 0, 0, 0, 0, 0]","[0, 1, 1, 1, 0, 0, 0, 0, 0, 0]"
outrage grows over investigation shelved by prosecutors,1,1,"[1, 0, 1, 0, 0, 0, 0, 0, 0, 1]","[0, 1, 1, 0, 0, 0, 0, 0, 0, 0]"
concern grows as a new dodd-frank replacement is unveiled,1,0,"[0, 0, 1, 0, 0, 0, 0, 0, 0, 0]","[0, 0, 0, 0, 0, 0, 0, 0, 0, 0]"
what remains hidden about trump's russia sanctions and moscow's response,1,1,"[1, 0, 0, 0, 0, 1, 0, 0, 1, 0]","[1, 0, 0, 0, 0, 0, 0, 0, 0, 0]"
this surprising initiative by xi could change china's tourism game,1,1,"[0, 0, 0, 0, 0, 1, 0, 0, 0, 0]","[0, 0, 0, 1, 0, 1, 0, 0, 1, 0]"
"too late, theresa: brexit offer to eu citizens leaves many cold",0,1,[],"[0, 0, 1, 1, 0, 0, 0, 0, 0, 0]"
u.s. commerce secretary ross to join economic dialogue with japan: source,0,0,[],"[0, 0, 0, 0, 0, 0, 0, 0, 0, 0]"
are u.s.-backed forces making unprecedented moves to crush islamic state in raqqa,1,1,"[0, 1, 0, 0, 0, 0, 0, 0, 0, 1]","[0, 1, 0, 1, 0, 0, 0, 0, 0, 1]"
shocking details emerge from the raid that arrested a former minister,1,1,"[0, 0, 0, 1, 1, 0, 0, 0, 0, 0]","[1, 1, 0, 1, 0, 0, 0, 0, 0, 0]"
proposed cuts to state dept. budget worry house foreign affairs chair,0,0,[],"[0, 0, 0, 0, 0, 0, 0, 0, 0, 0]"
what trump's latest moves mean for polish-americans and nato,1,1,"[0, 0, 0, 0, 0, 0, 0, 0, 0, 1]","[1, 0, 0, 0, 0, 0, 1, 0, 0, 1]"
don’t miss this significant announcement from trump at the white house,1,1,"[0, 1, 0, 0, 1, 0, 0, 0, 0, 0]","[0, 1, 0, 0, 0, 1, 1, 0, 0, 0]"
the shocking aftermath of israel's strikes in gaza,1,1,"[1, 0, 0, 1, 0, 0, 0, 1, 0, 0]","[0, 0, 0, 1, 0, 0, 0, 0, 0, 0]"
the unexpected connections between the email leak and russian involvement,1,1,"[0, 0, 0, 0, 0, 1, 0, 0, 0, 0]","[0, 0, 0, 1, 0, 0, 0, 0, 1, 0]"
"factbox: contenders, picks for key jobs in trump's administration",0,0,[],"[0, 0, 0, 0, 0, 0, 0, 0, 0, 0]"
"german actor nina hoss: ‘london is more driven. in the theatre, people are full of positive energy’",0,0,[],"[0, 0, 0, 0, 0, 0, 0, 0, 0, 0]"
top u.s. general in afghanistan says new strategy based on conditions not timelines,0,0,[],"[0, 0, 0, 0, 0, 0, 0, 0, 0, 0]"
theresa may's brexit offer: why it leaves citizens feeling outraged,1,1,"[0, 0, 0, 1, 0, 0, 0, 0, 1, 0]","[1, 0, 1, 0, 0, 0, 0, 0, 0, 0]"
"obama hits campaign trail, says ready to 'pass baton' to clinton",0,0,[],"[0, 0, 0, 0, 0, 0, 0, 0, 0, 0]"
"fpl shuts one reactor in florida, reduces power at another after irma",0,0,[],"[0, 0, 0, 0, 0, 0, 0, 0, 0, 0]"
outrage grows as senators demand answers on panama papers connections,1,1,"[0, 0, 1, 1, 0, 0, 0, 0, 0, 0]","[0, 0, 1, 1, 0, 0, 0, 1, 0, 0]"
what you don't see about trump's recognition of jerusalem,1,1,"[1, 0, 0, 0, 0, 0, 1, 0, 0, 0]","[1, 0, 0, 0, 0, 0, 1, 0, 0, 0]"
u.s. spy chief declines to comment on whether russia shared info with americans from hacks,0,0,[],"[0, 0, 0, 0, 0, 0, 0, 0, 0, 0]"
"u.s. army begins building floating aid pier off gaza, pentagon says",0,0,[],"[0, 0, 0, 0, 0, 0, 0, 0, 0, 0]"
denmark passes law that could ban russian pipeline from going through its waters,0,0,[],"[0, 0, 0, 0, 0, 0, 0, 0, 0, 0]"
rwanda charges critic of president with inciting insurrection,0,0,[],"[0, 0, 0, 0, 0, 0, 0, 0, 0, 0]"
trump's jerusalem plan revives tensions in eu diplomacy,0,0,[],"[0, 0, 0, 0, 0, 0, 0, 0, 0, 0]"
donald trump jr. appears with white supremacist on radio show,0,0,[],"[0, 0, 0, 0, 0, 0, 0, 0, 0, 0]"
could trump's personal engagement in middle east peace change everything,1,1,"[0, 1, 1, 0, 0, 0, 0, 0, 0, 1]","[0, 1, 0, 0, 0, 0, 0, 1, 0, 1]"
the top reasons why people in france are turning against macron,1,1,"[0, 0, 0, 0, 1, 0, 0, 0, 0, 0]","[0, 0, 0, 1, 1, 0, 0, 0, 0, 0]"
the significant steps france is taking post-weinstein scandal will shock you,1,1,"[0, 1, 0, 0, 0, 0, 0, 0, 1, 1]","[0, 1, 1, 0, 0, 0, 1, 0, 0, 0]"
the dramatic events leading to the brussels attack,1,1,"[0, 1, 0, 0, 0, 0, 0, 1, 0, 0]","[0, 1, 0, 1, 0, 0, 0, 0, 0, 0]"
norway says sunken russian helicopter wreckage may have been located,0,0,[],"[0, 0, 0, 0, 0, 0, 0, 0, 0, 0]"
eu readies 'david davis-proof' brexit summit,0,1,[],"[0, 1, 0, 1, 0, 0, 0, 0, 1, 0]"
the unexpected twists in the supreme court nominee saga that you need to know,1,1,"[0, 0, 0, 1, 1, 0, 0, 0, 1, 0]","[0, 0, 0, 1, 0, 0, 1, 1, 0, 0]"
"trump: military option for north korea not preferred, but would be 'devastating'",0,0,[],"[0, 0, 0, 0, 0, 0, 0, 0, 0, 0]"
senate to hold vote on stopping gun control bill: corker,0,0,[],"[0, 0, 0, 0, 0, 0, 0, 0, 0, 0]"
trump's odds for the nomination are more significant than you think,1,1,"[0, 1, 0, 0, 0, 0, 0, 0, 0, 0]","[1, 1, 0, 0, 0, 0, 1, 0, 0, 0]"
"pro-palestinian protests sweep us universities, targeting financial ties with israel",0,0,[],"[0, 0, 0, 0, 0, 0, 0, 0, 0, 0]"
is iran ignoring the urgent call from the u.n. on the hunger strike?,1,1,"[0, 0, 1, 0, 0, 0, 0, 0, 1, 1]","[0, 1, 0, 1, 0, 0, 0, 0, 0, 1]"
"saudi king appoints 30 judges, promotes 26 amid anti-graft purge",0,0,[],"[0, 0, 0, 0, 0, 0, 0, 0, 0, 0]"
key house republican expects to see revised healthcare plan within 24 hours,0,0,[],"[0, 0, 0, 0, 0, 0, 0, 0, 0, 0]"
top actions iraq must take in response to u.s. travel curbs,1,0,"[0, 0, 0, 0, 1, 0, 0, 0, 0, 0]","[0, 0, 0, 0, 0, 0, 0, 0, 0, 0]"
senator grassley could be persuaded to hold hearing on garland,0,0,[],"[0, 0, 0, 0, 0, 0, 0, 0, 0, 0]"
"exclusive: expecting trump action, u.s. suspends refugee resettlement interviews",0,0,[],"[0, 0, 0, 0, 0, 0, 0, 0, 0, 0]"
four dead in ambush of world food programme convoy in nigeria,0,0,[],"[0, 0, 0, 0, 0, 0, 0, 0, 0, 0]"
you won't believe what the top house intelligence panel wants from facebook and twitter,1,1,"[0, 0, 0, 0, 0, 0, 1, 0, 0, 1]","[1, 1, 0, 0, 0, 0, 1, 0, 0, 0]"
trump adopts aggressive posture toward iran after missile launch,0,0,[],"[0, 0, 0, 0, 0, 0, 0, 0, 0, 0]"
"trump puts goldman sachs in spotlight, for better or worse",0,1,[],"[0, 0, 0, 1, 0, 1, 0, 1, 0, 0]"
trump to meet four candidates for fbi director: spicer,0,0,[],"[0, 0, 0, 0, 0, 0, 0, 0, 0, 0]"
major talks underway as feinberg eyes a role in the trump administration,1,0,"[0, 1, 0, 0, 0, 0, 0, 0, 0, 0]","[0, 0, 0, 0, 0, 0, 0, 0, 0, 0]"
mccain calls on trump to back up wire-tapping claim,0,0,[],"[0, 0, 0, 0, 0, 0, 0, 0, 0, 0]"
why is japan pm welcoming the u.s. stance on north korea,1,1,"[0, 0, 0, 0, 0, 0, 0, 0, 0, 1]","[0, 0, 0, 0, 0, 0, 0, 0, 0, 1]"
"tillerson: u.s. committed to 'one china' policy, also taiwan",0,0,[],"[0, 0, 0, 0, 0, 0, 0, 0, 0, 0]"
the hidden details of comey's testimony that everyone is talking about,1,1,"[1, 0, 0, 0, 0, 0, 0, 0, 1, 0]","[1, 0, 0, 1, 0, 0, 0, 0, 0, 0]"
the aftermath of uganda police's raid on a newspaper is unclear,1,0,"[0, 0, 0, 0, 0, 1, 0, 1, 0, 0]","[0, 0, 0, 0, 0, 0, 0, 0, 0, 0]"
what remains hidden about the suspects in the franco-swiss swoop,1,1,"[1, 0, 0, 1, 0, 1, 0, 0, 0, 0]","[1, 0, 0, 0, 0, 0, 0, 0, 0, 1]"
niger approves use of armed american drones: u.s. official,0,0,[],"[0, 0, 0, 0, 0, 0, 0, 0, 0, 0]"
"obama, republican leaders seek elusive common ground in white house meeting",0,0,[],"[0, 0, 0, 0, 0, 0, 0, 0, 0, 0]"
"u.s. women's open must leave trump national, says burk",0,0,[],"[0, 0, 0, 0, 0, 0, 0, 0, 0, 0]"
what happens next after key republicans reach agreement on flood insurance,1,1,"[0, 0, 0, 0, 0, 0, 0, 1, 0, 0]","[0, 0, 0, 0, 0, 0, 0, 1, 0, 1]"
sessions' defense on russia contacts raises major concerns,1,0,"[0, 1, 1, 0, 0, 0, 0, 0, 0, 0]","[0, 0, 0, 0, 0, 0, 0, 0, 0, 0]"
treasury secretary's wife apologizes for instagram sniping,0,0,[],"[0, 0, 0, 0, 0, 0, 0, 0, 0, 0]"
senate rule deals setback to republican healthcare bill,0,0,[],"[0, 0, 0, 0, 0, 0, 0, 0, 0, 0]"
republican cruz speaks highly of rubio when asked about possible vp running mate,0,0,[],"[0, 0, 0, 0, 0, 0, 0, 0, 0, 0]"
seven arrested in egypt after raising rainbow flag at concert,0,0,[],"[0, 0, 0, 0, 0, 0, 0, 0, 0, 0]"
jailed british-iranian charity worker faces new charges: family,0,0,[],"[0, 0, 0, 0, 0, 0, 0, 0, 0, 0]"
trump jr. to testify privately to senate committee on thursday,0,0,[],"[0, 0, 0, 0, 0, 0, 0, 0, 0, 0]"
treasury's weiss to be witness at house puerto rico hearing: official,0,0,[],"[0, 0, 0, 0, 0, 0, 0, 0, 0, 0]"
house clears way for debate on trump-backed healthcare bill,0,0,[],"[0, 0, 0, 0, 0, 0, 0, 0, 0, 0]"
indian court's privacy ruling is blow to government,0,0,[],"[0, 0, 0, 0, 0, 0, 0, 0, 0, 0]"
what you don’t see about the push to try maduro at the hague,1,1,"[1, 0, 0, 0, 0, 0, 0, 0, 0, 0]","[1, 0, 0, 0, 0, 0, 1, 0, 0, 0]"
dna tests on dali's body refute woman's paternity claim,0,0,[],"[0, 0, 0, 0, 0, 0, 0, 0, 0, 0]"
what remains hidden about trump's controversial budget cuts,1,1,"[1, 0, 0, 0, 0, 0, 0, 1, 0, 1]","[1, 0, 0, 1, 0, 0, 0, 0, 0, 0]"
chinese academics prod beijing to consider north korea contingencies,0,0,[],"[0, 0, 0, 0, 0, 0, 0, 0, 0, 0]"
two men charged in connection with deaths of five people trying to cross channel,0,0,[],"[0, 0, 0, 0, 0, 0, 0, 0, 0, 0]"
"tough reality check for trump's pledge of better heartland jobs, wages",0,1,[],"[0, 1, 0, 1, 0, 0, 0, 0, 0, 0]"
trump advisers see arbitration as way to speed infrastructure plans,0,0,[],"[0, 0, 0, 0, 0, 0, 0, 0, 0, 0]"
what remains hidden about democracy that you need to know,1,1,"[1, 0, 0, 1, 0, 0, 0, 0, 0, 1]","[1, 0, 0, 0, 0, 0, 1, 0, 0, 0]"
you won't believe the shocking sanctions imposed for iran-linked counterfeiting,1,1,"[0, 0, 0, 1, 0, 0, 0, 0, 1, 0]","[0, 1, 0, 1, 0, 0, 1, 0, 0, 0]"
canada deported hundreds to war-torn countries: government data,0,0,[],"[0, 0, 0, 0, 0, 0, 0, 0, 0, 0]"
house democrats mull pelosi leadership future,0,0,[],"[0, 0, 0, 0, 0, 0, 0, 0, 0, 0]"
the shocking implications of manafort's subpoena you need to see,1,1,"[0, 0, 0, 0, 1, 0, 0, 1, 0, 0]","[1, 0, 0, 1, 0, 0, 1, 0, 0, 0]"
trump considering representative barletta for transportation secretary: politico,0,0,[],"[0, 0, 0, 0, 0, 0, 0, 0, 0, 0]"
"u.s. may soon expand u.n. talks on north korea sanctions, signaling china deal: diplomats",0,0,[],"[0, 0, 0, 0, 0, 0, 0, 0, 0, 0]"
what remains hidden about trump's meeting with the scandal-hit malaysian leader,1,1,"[1, 0, 1, 0, 0, 1, 0, 0, 0, 0]","[1, 0, 0, 1, 0, 0, 0, 0, 0, 0]"
u.s. to stage drill with three carriers as trump visits asia,0,0,[],"[0, 0, 0, 0, 0, 0, 0, 0, 0, 0]"
thailand seeks to prosecute ousted pm thaksin in absentia in two graft cases,0,0,[],"[0, 0, 0, 0, 0, 0, 0, 0, 0, 0]"
what happens next after trump's historic visit to the western wall,1,1,"[0, 0, 1, 0, 0, 0, 0, 1, 0, 0]","[0, 1, 0, 0, 0, 0, 0, 1, 0, 1]"
the shocking truth behind the pope's passport to paradise statement,1,1,"[0, 0, 0, 1, 0, 0, 0, 0, 1, 0]","[1, 0, 0, 1, 0, 0, 0, 0, 0, 0]"
trump tweets about russia probe spark warnings from lawmakers,0,0,[],"[0, 0, 0, 0, 0, 0, 0, 0, 0, 0]"
what you never expected about trump's villain: reince priebus,1,1,"[0, 0, 0, 1, 0, 0, 0, 1, 0, 0]","[1, 0, 0, 1, 0, 0, 1, 0, 0, 0]"
concern grows as u.s. house approves stricter sanctions on north korea,1,0,"[0, 0, 1, 0, 0, 0, 0, 0, 0, 1]","[0, 0, 0, 0, 0, 0, 0, 0, 0, 0]"
trump arrives in vietnam for summit of asia-pacific leaders,0,0,[],"[0, 0, 0, 0, 0, 0, 0, 0, 0, 0]"
trump's claim about russia's help in his election raises eyebrows,1,0,"[0, 0, 0, 0, 0, 0, 0, 1, 0, 0]","[0, 0, 0, 0, 0, 0, 0, 0, 0, 0]"
"mexico, u.s. agree not to talk publicly about wall payment",0,0,[],"[0, 0, 0, 0, 0, 0, 0, 0, 0, 0]"
new zealand's labour widens lead as governing party loses ground,0,0,[],"[0, 0, 0, 0, 0, 0, 0, 0, 0, 0]"
colorado voters reject measure to create universal healthcare,0,0,[],"[0, 0, 0, 0, 0, 0, 0, 0, 0, 0]"
investors beware: the koch brothers' unexpected move on trump,1,1,"[0, 0, 0, 0, 0, 0, 1, 0, 0, 0]","[0, 0, 1, 0, 0, 1, 1, 0, 0, 0]"
what happens next in the obamacare saga will surprise you,1,1,"[1, 0, 1, 0, 0, 0, 0, 0, 0, 1]","[1, 0, 0, 0, 0, 0, 1, 1, 0, 0]"
north korean threat highlights nato missile shield 'weak link',0,0,[],"[0, 0, 0, 0, 0, 0, 0, 0, 0, 0]"
tempers fray as search for survivors winds down after mexico quake,0,0,[],"[0, 0, 0, 0, 0, 0, 0, 0, 0, 0]"
u.s. seeks up to 27 months in prison for ex-congressman anthony weiner,0,0,[],"[0, 0, 0, 0, 0, 0, 0, 0, 0, 0]"
gerry adams: face of ira who helped cement northern ireland peace,0,0,[],"[0, 0, 0, 0, 0, 0, 0, 0, 0, 0]"
u.s. senate confirms haley as trump's u.n. ambassador,0,0,[],"[0, 0, 0, 0, 0, 0, 0, 0, 0, 0]"
sexual misconduct allegations may roil 2018 u.s. congressional elections,0,0,[],"[0, 0, 0, 0, 0, 0, 0, 0, 0, 0]"
islamic state claims attack on damascus police station,0,0,[],"[0, 0, 0, 0, 0, 0, 0, 0, 0, 0]"
the major concerns democrats have about trump's supreme court nominee revealed,1,1,"[0, 1, 0, 0, 0, 0, 0, 0, 0, 0]","[0, 1, 1, 1, 0, 0, 0, 0, 0, 0]"
what's next for the uae? a government reshuffle announcement is coming,1,1,"[0, 0, 0, 0, 0, 1, 0, 1, 0, 0]","[1, 0, 0, 0, 0, 0, 0, 1, 0, 1]"
the shocking aftermath of the food aid stampede in morocco,1,1,"[0, 0, 0, 1, 0, 0, 0, 0, 0, 1]","[0, 1, 1, 0, 0, 0, 0, 0, 0, 0]"
kenya's foreign debt investors take election turmoil calmly,0,0,[],"[0, 0, 0, 0, 0, 0, 0, 0, 0, 0]"
trump visit to britain still unfixed nine months after pm may's invitation: sources,0,0,[],"[0, 0, 0, 0, 0, 0, 0, 0, 0, 0]"
austria's kurz says will fight anti-semitism after israel voices concern,0,0,[],"[0, 0, 0, 0, 0, 0, 0, 0, 0, 0]"
what trump's defenders are saying about the latest white house chaos,1,1,"[1, 0, 0, 0, 0, 0, 0, 0, 0, 0]","[1, 0, 0, 1, 0, 0, 0, 0, 0, 0]"
the top reasons why mexico is calling for dialogue between the u.s. and cuba,1,1,"[0, 0, 0, 0, 1, 0, 0, 0, 0, 0]","[0, 0, 0, 0, 1, 0, 0, 0, 0, 0]"
the urgent call from trump on restoring democracy in venezuela sparks hope,1,1,"[0, 0, 1, 0, 0, 0, 0, 1, 0, 0]","[0, 1, 1, 0, 0, 0, 0, 0, 0, 0]"
danish high court finds 17-year old girl guilty of planning bomb attacks against schools -local media,0,0,[],"[0, 0, 0, 0, 0, 0, 0, 0, 0, 0]"
clashes kill four in yemen capital as anti-saudi alliance frays,0,0,[],"[0, 0, 0, 0, 0, 0, 0, 0, 0, 0]"
what you don’t see about russia's facebook ad targeting,1,1,"[1, 0, 1, 0, 0, 0, 0, 0, 1, 0]","[1, 0, 0, 0, 0, 0, 1, 0, 0, 0]"
what are the kurdish leaders planning that you need to know,1,1,"[0, 0, 1, 0, 0, 1, 0, 0, 0, 1]","[1, 0, 0, 0, 0, 0, 1, 0, 0, 1]"
trump's unexpected rebuttal to an army father at the convention,1,1,"[0, 0, 0, 0, 0, 0, 0, 1, 0, 0]","[0, 1, 0, 1, 0, 0, 0, 0, 0, 0]"
german coalition talks: 'road to jamaica is long',0,0,[],"[0, 0, 0, 0, 0, 0, 0, 0, 0, 0]"
vietnamese court's significant ruling raises concerns for activists,1,1,"[0, 1, 0, 0, 0, 0, 0, 0, 0, 0]","[0, 1, 1, 0, 0, 0, 0, 0, 0, 0]"
"turkey to close iraq border, air space, will open new gate with baghdad",0,0,[],"[0, 0, 0, 0, 0, 0, 0, 0, 0, 0]"
greece reveals a major twist in its bailout plans,1,1,"[0, 1, 0, 0, 0, 0, 0, 0, 1, 0]","[1, 1, 0, 1, 0, 0, 0, 0, 0, 0]"
what you don't see behind tillerson's push for montenegro's nato membership,1,1,"[1, 0, 0, 0, 0, 1, 0, 0, 0, 0]","[1, 0, 0, 0, 0, 0, 1, 0, 0, 0]"
what this move in detroit could mean for future investments,1,1,"[0, 0, 1, 0, 0, 1, 0, 0, 1, 0]","[1, 0, 0, 0, 0, 1, 0, 0, 0, 1]"
outrage grows as swedish bookseller's fate remains unclear,1,1,"[0, 0, 1, 0, 0, 0, 0, 0, 0, 1]","[1, 0, 1, 0, 0, 0, 0, 1, 0, 0]"
senate passes bill allowing 9/11 victims to sue saudi arabia,0,0,[],"[0, 0, 0, 0, 0, 0, 0, 0, 0, 0]"
what could happen now that nigeria plans to meet militants again,1,1,"[1, 1, 0, 0, 0, 0, 0, 0, 0, 0]","[1, 0, 0, 0, 0, 0, 0, 1, 0, 1]"
the major backlash against the german railway's controversial naming proposal,1,0,"[0, 0, 0, 0, 0, 1, 0, 0, 0, 0]","[0, 0, 0, 0, 0, 0, 0, 0, 0, 0]"
trump administration crafting big new arms sales to taiwan: sources,0,0,[],"[0, 0, 0, 0, 0, 0, 0, 0, 0, 0]"
russia's kislyak: talks with trump's ex-security aide 'absolutely transparent',0,0,[],"[0, 0, 0, 0, 0, 0, 0, 0, 0, 0]"
indonesia's shocking move to ban controversial lgbt content revealed,1,1,"[0, 1, 0, 0, 0, 0, 0, 0, 0, 0]","[0, 0, 0, 1, 0, 0, 0, 0, 0, 0]"
vaccination begins in bangladesh camps to head off cholera outbreak,0,0,[],"[0, 0, 0, 0, 0, 0, 0, 0, 0, 0]"
what happens next with thailand's long-awaited election date,1,1,"[0, 0, 0, 0, 0, 0, 0, 0, 1, 1]","[1, 0, 0, 0, 0, 0, 0, 1, 0, 1]"
you won't believe obama's bold move on north korea sanctions,1,1,"[0, 0, 0, 0, 0, 0, 1, 0, 0, 0]","[0, 1, 0, 1, 0, 0, 1, 0, 0, 0]"
sanders will vote for clinton to stop trump,0,0,[],"[0, 0, 0, 0, 0, 0, 0, 0, 0, 0]"
german spd leader says eu must stop accession talks with turkey,0,0,[],"[0, 0, 0, 0, 0, 0, 0, 0, 0, 0]"
what happens next with trump and putin's potential meeting in germany,1,1,"[0, 0, 0, 0, 1, 1, 0, 1, 0, 0]","[0, 0, 0, 0, 0, 0, 0, 1, 0, 1]"
the top candidates for the kingmaker role in thailand's elections,1,0,"[0, 0, 0, 0, 1, 0, 0, 0, 1, 0]","[0, 0, 0, 0, 0, 0, 0, 0, 0, 0]"
"after trump tweet, ethics office to u.s. employees: do not endorse products",0,0,[],"[0, 0, 0, 0, 0, 0, 0, 0, 0, 0]"
u.s. humanitarian aid to syria raises eyebrows with unexpected generosity,1,1,"[0, 0, 0, 0, 0, 0, 0, 0, 1, 0]","[0, 1, 0, 1, 0, 0, 0, 0, 0, 0]"
why rheinmetall's defense projects are facing major delays,1,1,"[0, 1, 0, 0, 1, 0, 0, 0, 0, 0]","[0, 1, 0, 0, 0, 0, 0, 0, 0, 1]"
chile's potential energy deal with argentina is a game changer,1,1,"[0, 0, 0, 0, 1, 0, 0, 0, 0, 1]","[0, 1, 0, 1, 0, 0, 0, 0, 0, 0]"
trump: market has not fully digested tax cut changes,0,0,[],"[0, 0, 0, 0, 0, 0, 0, 0, 0, 0]"
china's xi demands 'strong hands' to maintain stability ahead of congress,0,0,[],"[0, 0, 0, 0, 0, 0, 0, 0, 0, 0]"
trump advisers likely to meet again in may to discuss paris pact,0,0,[],"[0, 0, 0, 0, 0, 0, 0, 0, 0, 0]"
u.s. congress to act on puerto rico relief: house speaker,0,0,[],"[0, 0, 0, 0, 0, 0, 0, 0, 0, 0]"
cameroon anglophone regions to shut nigeria border over protests,0,0,[],"[0, 0, 0, 0, 0, 0, 0, 0, 0, 0]"
what this white house aims to reveal in congress probes on russia,1,1,"[0, 0, 0, 0, 0, 1, 0, 0, 0, 0]","[1, 0, 0, 0, 0, 1, 0, 0, 0, 0]"
could china's support for justice in yemen change the game for the u.s. and saudis,1,1,"[1, 0, 0, 1, 0, 0, 0, 0, 0, 1]","[1, 0, 0, 0, 0, 0, 0, 1, 0, 1]"
biden reveals the shocking truth behind trump's foreign policy,1,1,"[0, 0, 0, 1, 1, 0, 0, 1, 0, 0]","[1, 1, 0, 1, 0, 0, 0, 0, 0, 0]"
kremlin: renewed dialogue needed between washington and moscow,0,0,[],"[0, 0, 0, 0, 0, 0, 0, 0, 0, 0]"
obama's tpp deal won't get senate vote this year: mcconnell,0,0,[],"[0, 0, 0, 0, 0, 0, 0, 0, 0, 0]"
what happens next with the senate healthcare bill linking subsidies to income,1,1,"[0, 0, 1, 0, 0, 1, 0, 0, 0, 1]","[1, 0, 0, 0, 0, 0, 0, 1, 0, 1]"
"trump, at nato, vows unwavering fight against terrorism",0,0,[],"[0, 0, 0, 0, 0, 0, 0, 0, 0, 0]"
russia's shocking warning against militarizing asia amid tensions,1,1,"[0, 0, 1, 1, 0, 0, 1, 0, 0, 0]","[0, 1, 0, 1, 0, 0, 0, 0, 0, 0]"
could this be the moment that changes everything for the special counsel?,1,1,"[0, 0, 0, 0, 0, 0, 0, 1, 1, 1]","[0, 1, 0, 0, 0, 1, 0, 0, 0, 1]"
what remains hidden about pence’s support for cruz’s presidential bid,1,1,"[1, 0, 0, 0, 0, 1, 0, 1, 0, 0]","[1, 0, 0, 1, 0, 1, 0, 0, 0, 0]"
the dramatic costs of irma that remain unclear,1,1,"[0, 0, 0, 1, 0, 0, 0, 1, 0, 0]","[1, 1, 0, 0, 0, 0, 0, 1, 0, 0]"
openai's sam altman and other tech leaders to serve on ai safety board,0,0,[],"[0, 0, 0, 0, 0, 0, 0, 0, 0, 0]"
factbox: political risk outlook calendar for trump agenda,0,0,[],"[0, 0, 0, 0, 0, 0, 0, 0, 0, 0]"
is this conservative editor really planning a white house run,1,1,"[0, 0, 0, 0, 0, 0, 0, 0, 1, 1]","[0, 0, 0, 1, 0, 1, 0, 0, 0, 1]"
financial services roundup: market talk,0,0,[],"[0, 0, 0, 0, 0, 0, 0, 0, 0, 0]"
house of representatives to try again to seek iran deal clampdown,0,0,[],"[0, 0, 0, 0, 0, 0, 0, 0, 0, 0]"
more bali flights canceled on forecast of volcanic ash,0,0,[],"[0, 0, 0, 0, 0, 0, 0, 0, 0, 0]"
this unexpected plea from iraq to the u.n. could change everything,1,1,"[0, 0, 0, 1, 0, 0, 0, 1, 1, 0]","[0, 1, 0, 1, 0, 1, 0, 0, 0, 0]"
the fear among wall street elites as rubio takes the lead in fundraising,1,1,"[0, 0, 1, 0, 0, 0, 0, 0, 0, 0]","[0, 0, 1, 0, 1, 0, 0, 0, 0, 0]"
trump adds five conservatives to list of possible supreme court picks,0,0,[],"[0, 0, 0, 0, 0, 0, 0, 0, 0, 0]"
senator mccain says subpoena may be required to get answers on niger ambush,0,0,[],"[0, 0, 0, 0, 0, 0, 0, 0, 0, 0]"
what's the unexpected twist in liu's cancer treatment saga,1,1,"[0, 0, 0, 0, 1, 0, 0, 1, 1, 0]","[1, 0, 0, 0, 0, 0, 0, 0, 1, 1]"
what remains hidden about the detroit video feed controversy,1,1,"[1, 0, 0, 1, 0, 0, 0, 1, 0, 0]","[1, 0, 0, 0, 0, 0, 0, 0, 0, 0]"
german spd to start talks with merkel next week if members agree,0,0,[],"[0, 0, 0, 0, 0, 0, 0, 0, 0, 0]"
dramatic start to the catalan independence campaign as barcelona backs it,1,1,"[0, 1, 0, 0, 0, 0, 0, 0, 0, 0]","[0, 1, 0, 1, 0, 0, 0, 0, 0, 0]"
"obama says he would have outrun trump, but trump says, 'no way!'",0,1,[],"[0, 1, 0, 1, 0, 0, 0, 0, 1, 0]"
"china, russia must take direct action against north korea: tillerson",0,0,[],"[0, 0, 0, 0, 0, 0, 0, 0, 0, 0]"
white house: michelle obama to join husband on trip to britain,0,0,[],"[0, 0, 0, 0, 0, 0, 0, 0, 0, 0]"
kenya police disperse protesters as odinga tempers vote protest call,0,0,[],"[0, 0, 0, 0, 0, 0, 0, 0, 0, 0]"
the major uncertainty surrounding the house's backing of the $700 billion defense policy bill,1,0,"[1, 1, 1, 0, 0, 0, 0, 0, 0, 0]","[0, 0, 0, 0, 0, 0, 0, 0, 0, 0]"
no definite arrangements in place for putin-trump meeting: kremlin,0,0,[],"[0, 0, 0, 0, 0, 0, 0, 0, 0, 0]"
urgent warnings for floridians as hurricane irma approaches,1,0,"[0, 0, 0, 0, 0, 0, 1, 0, 0, 0]","[0, 0, 0, 0, 0, 0, 0, 0, 0, 0]"
"attorney general sessions visits white house, not trump",0,1,[],"[0, 0, 0, 1, 0, 0, 0, 0, 1, 0]"
malaysian pm says trump appealed to americans who want less foreign interference,0,0,[],"[0, 0, 0, 0, 0, 0, 0, 0, 0, 0]"
what happens next for bipartisan deals on business taxes,1,1,"[0, 0, 0, 0, 0, 0, 0, 1, 0, 0]","[0, 0, 0, 0, 0, 0, 0, 1, 0, 1]"
democrats seek trump's cooperation on drug price reform,0,0,[],"[0, 0, 0, 0, 0, 0, 0, 0, 0, 0]"
what remains hidden about britain's potential to reverse brexit,1,1,"[1, 0, 0, 0, 0, 0, 1, 0, 0, 0]","[1, 0, 0, 0, 0, 0, 0, 0, 0, 0]"
trump’s overseas trip reveals shocking connections to looming trouble,1,1,"[0, 0, 1, 0, 0, 0, 0, 0, 1, 0]","[0, 0, 1, 1, 0, 1, 0, 0, 0, 0]"
the latest updates on the sinking cargo ship in the black sea,1,0,"[0, 0, 1, 0, 0, 1, 0, 1, 0, 0]","[0, 0, 0, 0, 0, 0, 0, 0, 0, 0]"
the largest concerns from eu leaders about the iran nuclear deal,1,0,"[0, 0, 0, 0, 1, 0, 1, 0, 1, 0]","[0, 0, 0, 0, 0, 0, 0, 0, 0, 0]"
the hope for a new government in kosovo is finally here,1,1,"[0, 0, 1, 0, 0, 0, 0, 0, 0, 0]","[0, 0, 1, 0, 0, 0, 0, 0, 0, 0]"
what the delay in the irish pm's brexit talks means for you,1,1,"[0, 0, 0, 0, 0, 1, 1, 1, 0, 0]","[1, 0, 0, 0, 0, 0, 1, 0, 0, 0]"
"saudi arabia lifts cinema ban, directors and movie chains rejoice",0,0,[],"[0, 0, 0, 0, 0, 0, 0, 0, 0, 0]"
why putin's cyber campaign to help trump should concern you,1,1,"[0, 0, 0, 0, 0, 0, 1, 0, 0, 1]","[0, 0, 1, 0, 0, 0, 1, 0, 0, 1]"
what happens next after israel's latest strike on hamas,1,1,"[0, 0, 0, 1, 0, 0, 0, 1, 1, 0]","[0, 0, 0, 0, 0, 0, 0, 1, 0, 1]"
trump's expected vp pick: coal advocate who defied obama's climate agenda,0,0,[],"[0, 0, 0, 0, 0, 0, 0, 0, 0, 0]"
the ongoing struggle: how lawmakers are pushing for russia sanctions,1,0,"[1, 0, 0, 0, 1, 0, 0, 1, 0, 0]","[0, 0, 0, 0, 0, 0, 0, 0, 0, 0]"
"trump gets skewered, clinton finds support at tv's emmy awards",0,1,[],"[0, 1, 0, 1, 0, 0, 0, 0, 1, 0]"
four killed in togo as protesters clash with security forces,0,0,[],"[0, 0, 0, 0, 0, 0, 0, 0, 0, 0]"
exclusive: mideast nuclear plan backers bragged of support of top trump aide flynn,0,0,[],"[0, 0, 0, 0, 0, 0, 0, 0, 0, 0]"
white house: no sign of collusion in campaign aides' indictments,0,0,[],"[0, 0, 0, 0, 0, 0, 0, 0, 0, 0]"
what you don't see about calpers sharing profits with private equity firms,1,1,"[1, 0, 1, 0, 0, 0, 0, 1, 0, 0]","[1, 0, 0, 0, 0, 0, 1, 0, 0, 0]"
"trump says he is willing work with democrats on healthcare, taxes: lawmaker",0,0,[],"[0, 0, 0, 0, 0, 0, 0, 0, 0, 0]"
the shocking reality of clinton's narrowing lead over trump revealed,1,1,"[0, 0, 1, 1, 0, 0, 0, 0, 0, 0]","[0, 0, 1, 1, 0, 0, 0, 0, 0, 0]"
this major pentagon contract win by lockheed martin has everyone talking,1,1,"[0, 0, 1, 0, 1, 0, 0, 0, 0, 0]","[0, 1, 0, 1, 0, 1, 0, 0, 0, 0]"
india's significant concern over china's hidden move to block a blacklist,1,1,"[1, 1, 0, 0, 0, 0, 0, 1, 0, 0]","[1, 1, 1, 0, 0, 0, 0, 0, 0, 0]"
the hidden details behind islamic state's claim of aden car bomb,1,1,"[1, 0, 0, 1, 0, 0, 0, 0, 0, 0]","[1, 0, 0, 1, 0, 0, 0, 0, 0, 0]"
what duterte's son did next will surprise everyone,1,1,"[0, 0, 0, 0, 0, 0, 0, 0, 1, 1]","[1, 0, 0, 1, 0, 0, 0, 1, 0, 0]"
"guinea rioters burn down police buildings in mining town, 17 wounded",0,0,[],"[0, 0, 0, 0, 0, 0, 0, 0, 0, 0]"
germany's greens all but rule out three-way 'jamaica' coalition,0,0,[],"[0, 0, 0, 0, 0, 0, 0, 0, 0, 0]"
the most shocking political move as trump drops his pledge to back others,1,1,"[0, 1, 0, 0, 1, 0, 1, 0, 0, 0]","[0, 1, 0, 1, 1, 0, 0, 0, 0, 0]"
this unexpected disagreement could change everything,1,1,"[1, 0, 0, 0, 0, 0, 0, 0, 0, 0]","[0, 1, 0, 1, 0, 1, 0, 0, 0, 0]"
"swiss pledge more funds for eu budget, progress on treaty",0,0,[],"[0, 0, 0, 0, 0, 0, 0, 0, 0, 0]"
this lawmaker's take on obama's tax rules will shock you,1,1,"[0, 0, 0, 0, 0, 0, 1, 0, 1, 0]","[0, 0, 1, 0, 0, 1, 1, 0, 0, 0]"
barnier expresses major concerns about the uk's irish border plans,1,0,"[0, 1, 1, 0, 0, 0, 0, 0, 0, 0]","[0, 0, 0, 0, 0, 0, 0, 0, 0, 0]"
brazil detains italian fugitive battisti leaving country,0,0,[],"[0, 0, 0, 0, 0, 0, 0, 0, 0, 0]"
british lawmakers urge may to tackle trump on climate change,0,0,[],"[0, 0, 0, 0, 0, 0, 0, 0, 0, 0]"
france's macron condemns missile test conducted by north korea,0,0,[],"[0, 0, 0, 0, 0, 0, 0, 0, 0, 0]"
"the dramatic exodus of 270,000 rohingya from myanmar in just two weeks",1,0,"[0, 0, 0, 1, 0, 0, 0, 0, 0, 0]","[0, 0, 0, 0, 0, 0, 0, 0, 0, 0]"
turkey's erdogan says ready to support iraq reopening oil pipeline,0,0,[],"[0, 0, 0, 0, 0, 0, 0, 0, 0, 0]"
tensions rise in yemen as anti-saudi alliance faces turmoil,1,0,"[0, 0, 0, 0, 0, 1, 0, 0, 0, 0]","[0, 0, 0, 0, 0, 0, 0, 0, 0, 0]"
dramatic trade moves on the horizon from u.s. commerce secretary,1,1,"[0, 0, 0, 1, 0, 0, 0, 0, 0, 0]","[0, 1, 0, 1, 0, 0, 0, 0, 0, 0]"
what this move by iran to lift border curbs could mean for iraq's kurdish region,1,1,"[0, 0, 1, 0, 0, 0, 1, 1, 0, 0]","[1, 0, 0, 0, 0, 0, 0, 0, 0, 1]"
what happens next in brazil's historic corruption case,1,1,"[0, 0, 0, 0, 0, 0, 0, 1, 0, 0]","[0, 1, 0, 0, 0, 0, 0, 1, 0, 1]"
"puerto rico oversight board orders furloughs, governor defiant",0,0,[],"[0, 0, 0, 0, 0, 0, 0, 0, 0, 0]"
u.s. senate confirms acosta to head labor department,0,0,[],"[0, 0, 0, 0, 0, 0, 0, 0, 0, 0]"
the shocking rise in u.s. immigration arrests since trump took office,1,1,"[0, 0, 0, 1, 0, 0, 1, 0, 1, 0]","[0, 1, 1, 0, 0, 0, 0, 0, 0, 0]"
"the top reasons france, italy, and germany stand firm on the paris accord",1,1,"[0, 0, 0, 0, 1, 0, 0, 0, 0, 0]","[0, 0, 0, 0, 1, 0, 0, 0, 0, 0]"
what remains hidden in trump's order to upgrade cyber defenses,1,1,"[0, 0, 0, 0, 0, 1, 0, 1, 1, 0]","[1, 0, 0, 0, 0, 0, 0, 0, 0, 1]"
uk's fox says hopes to confirm eu trade deals with countries before brexit,0,0,[],"[0, 0, 0, 0, 0, 0, 0, 0, 0, 0]"
shocking details emerge about the bomb attack that killed a policeman and injured eight,1,1,"[0, 0, 0, 0, 1, 0, 1, 0, 1, 0]","[1, 1, 1, 0, 0, 0, 0, 0, 0, 0]"
pennsylvania governor to let state budget become law,0,0,[],"[0, 0, 0, 0, 0, 0, 0, 0, 0, 0]"
trump attacks fbi on leakers of russia reports: 'find now',0,0,[],"[0, 0, 0, 0, 0, 0, 0, 0, 0, 0]"
could this be the deadliest flood in eastern congo's history,1,1,"[0, 0, 0, 0, 0, 1, 0, 0, 0, 1]","[0, 0, 0, 0, 1, 1, 0, 0, 0, 1]"
"kremlin says ready to mediate north korea-u.s. talks, if both sides willing",0,0,[],"[0, 0, 0, 0, 0, 0, 0, 0, 0, 0]"
are the u.s. farmers about to shake up nafta talks with trump,1,1,"[0, 1, 0, 0, 0, 0, 0, 0, 0, 0]","[0, 0, 0, 1, 0, 0, 0, 1, 0, 1]"
kaine's crime-busting past may hurt clinton's outreach to blacks,0,0,[],"[0, 0, 0, 0, 0, 0, 0, 0, 0, 0]"
trump agrees 'in principle' to scrap south korean warhead weight limit: white house,0,0,[],"[0, 0, 0, 0, 0, 0, 0, 0, 0, 0]"
sounds detected not from missing argentine submarine: navy spokesman,0,0,[],"[0, 0, 0, 0, 0, 0, 0, 0, 0, 0]"
merkel's significant hope: top reasons the eu refugee issue may resolve,1,1,"[0, 0, 1, 0, 1, 0, 0, 0, 0, 0]","[0, 1, 1, 0, 1, 0, 0, 0, 0, 0]"
highlights from reuters' exclusive interview with donald trump,0,0,[],"[0, 0, 0, 0, 0, 0, 0, 0, 0, 0]"
the shocking truths behind trump's twitter activity on september 14 that reveal more,1,1,"[0, 0, 0, 1, 0, 0, 1, 0, 1, 0]","[1, 0, 1, 1, 0, 0, 0, 0, 0, 0]"
what remains hidden about the next president's nuclear plans,1,1,"[1, 0, 0, 1, 0, 0, 1, 0, 0, 0]","[1, 0, 0, 0, 0, 0, 0, 0, 0, 0]"
this detail about the flight will leave you questioning everything,1,1,"[0, 0, 0, 0, 0, 1, 0, 0, 0, 0]","[1, 1, 0, 0, 0, 0, 1, 0, 0, 0]"
"china, u.s. hold 'candid' talks on north korea, taiwan",0,0,[],"[0, 0, 0, 0, 0, 0, 0, 0, 0, 0]"
is this the end for gulf carriers under new tax exemption rules,1,1,"[0, 0, 0, 0, 0, 0, 1, 1, 0, 0]","[0, 0, 0, 1, 0, 0, 0, 1, 0, 1]"
top senate democrat says trump offered help for dream act,0,0,[],"[0, 0, 0, 0, 0, 0, 0, 0, 0, 0]"
what remains hidden about syria's military control,1,1,"[0, 0, 1, 0, 0, 0, 0, 0, 0, 0]","[1, 0, 0, 0, 0, 0, 0, 0, 0, 1]"
are we witnessing a major scandal in the kyrgyzstan vote process,1,1,"[0, 0, 0, 0, 0, 0, 0, 0, 0, 1]","[0, 1, 0, 1, 0, 0, 0, 0, 0, 1]"
"fbi head confirms russia election probe, says moscow backed trump",0,0,[],"[0, 0, 0, 0, 0, 0, 0, 0, 0, 0]"
trump's unexpected day trip to washington: what does it mean for his vacation?,1,1,"[0, 0, 0, 0, 1, 0, 0, 0, 0, 1]","[1, 0, 0, 0, 0, 0, 0, 0, 1, 1]"
this shocking crackdown on protesters in st petersburg,1,1,"[0, 0, 0, 0, 0, 1, 0, 0, 0, 0]","[0, 0, 1, 0, 0, 1, 0, 0, 0, 0]"
the ongoing saga of the men injured by saudi forces in qatif,1,1,"[0, 0, 0, 0, 0, 0, 0, 1, 1, 0]","[0, 1, 0, 1, 0, 0, 0, 1, 0, 0]"
the unsettling details about the russia hacking probe you need to hear,1,1,"[0, 0, 0, 0, 0, 1, 0, 0, 0, 0]","[1, 0, 1, 0, 0, 0, 1, 0, 0, 0]"
"after u.n. veto, russia moves against chemical weapons watchdog",0,0,[],"[0, 0, 0, 0, 0, 0, 0, 0, 0, 0]"
republican jeb bush offers u.s. education overhaul plan,0,0,[],"[0, 0, 0, 0, 0, 0, 0, 0, 0, 0]"
uk concerned by implications of u.s. decision on iran deal: minister,0,0,[],"[0, 0, 0, 0, 0, 0, 0, 0, 0, 0]"
trump says u.s.-china relationship must improve,0,0,[],"[0, 0, 0, 0, 0, 0, 0, 0, 0, 0]"
abbas's refusal to meet pence raises unexpected diplomatic tensions,1,0,"[0, 0, 0, 0, 0, 0, 0, 0, 1, 0]","[0, 0, 0, 0, 0, 0, 0, 0, 0, 0]"
the shocking reason why lebanon's president dismissed terrorism claims,1,1,"[0, 1, 0, 0, 0, 0, 0, 0, 1, 0]","[1, 1, 0, 1, 0, 0, 0, 0, 0, 0]"
eu leaders to call for end to north korea's weapons program: draft,0,0,[],"[0, 0, 0, 0, 0, 0, 0, 0, 0, 0]"
goldman's blankfein is only major financial firm ceo to join trump on china trip,0,0,[],"[0, 0, 0, 0, 0, 0, 0, 0, 0, 0]"
former thai pm thaksin to be charged with royal insult: attorney general,0,0,[],"[0, 0, 0, 0, 0, 0, 0, 0, 0, 0]"
this shocking detail about u.s. arms to ukraine could change everything,1,1,"[0, 0, 0, 1, 1, 0, 0, 0, 1, 0]","[1, 1, 1, 0, 0, 0, 0, 0, 0, 0]"
dramatic security measures in place for the republican convention,1,1,"[0, 0, 0, 1, 0, 0, 0, 0, 1, 0]","[0, 1, 0, 1, 0, 0, 0, 0, 0, 0]"
trump's meeting with latin american leaders could change everything,1,1,"[0, 0, 0, 1, 1, 0, 1, 0, 0, 0]","[0, 1, 0, 1, 0, 0, 0, 1, 0, 0]"
why these billion-dollar deals with vietnam could change everything,1,1,"[0, 0, 0, 0, 0, 0, 0, 0, 0, 1]","[0, 1, 0, 0, 0, 1, 0, 0, 0, 1]"
"hillary clinton, nyc mayor assailed for racially charged joke",0,0,[],"[0, 0, 0, 0, 0, 0, 0, 0, 0, 0]"
"mugabe granted immunity, assured of safety in zimbabwe: sources",0,0,[],"[0, 0, 0, 0, 0, 0, 0, 0, 0, 0]"
the significant implications of trump's latest tweet,1,1,"[0, 1, 0, 0, 0, 0, 0, 0, 0, 0]","[0, 1, 0, 1, 0, 0, 0, 0, 0, 0]"
what does germany's call for rule of law in spain mean?,1,1,"[0, 0, 0, 0, 0, 0, 0, 0, 1, 1]","[1, 0, 0, 0, 0, 0, 0, 0, 0, 1]"
the surprising number of viewers for the trump-less republican debate,1,1,"[0, 0, 0, 0, 1, 0, 0, 0, 1, 0]","[0, 0, 0, 1, 0, 0, 0, 0, 1, 0]"
what does this mean for medicaid funding in the future,1,1,"[0, 0, 0, 0, 0, 1, 0, 0, 0, 1]","[0, 0, 0, 0, 0, 1, 0, 1, 0, 1]"
the unexpected links in the custody of turkey's amnesty chairman,1,1,"[0, 0, 0, 0, 0, 0, 1, 0, 1, 1]","[0, 0, 0, 1, 0, 0, 0, 0, 1, 0]"
what you don’t know about australia's high court decision,1,1,"[0, 0, 1, 0, 0, 0, 0, 0, 0, 0]","[1, 0, 0, 0, 0, 0, 1, 0, 0, 1]"
senate confirms top epa enforcement official,0,0,[],"[0, 0, 0, 0, 0, 0, 0, 0, 0, 0]"
islamic state claims deadly attack on court in libya's misrata,0,0,[],"[0, 0, 0, 0, 0, 0, 0, 0, 0, 0]"
significant implications if u.s. embassy moves to jerusalem,1,0,"[0, 1, 0, 0, 0, 0, 0, 0, 0, 0]","[0, 0, 0, 0, 0, 0, 0, 0, 0, 0]"
too early to talk about lebanon's government resigning: parliament speaker,0,0,[],"[0, 0, 0, 0, 0, 0, 0, 0, 0, 0]"
iraq's grand ayatollah sistani condemns u.s. decision on jerusalem,0,0,[],"[0, 0, 0, 0, 0, 0, 0, 0, 0, 0]"
what's next for the sec after the senate's surprising nominee approval,1,1,"[1, 0, 0, 0, 0, 1, 0, 0, 0, 0]","[0, 1, 0, 0, 0, 0, 0, 1, 0, 1]"
here's what you need to know about arizona's fake electors scheme,1,1,"[0, 0, 0, 0, 1, 0, 0, 1, 1, 0]","[1, 0, 0, 1, 0, 0, 1, 0, 0, 0]"
nato's stoltenberg says eu and nato stronger together,0,0,[],"[0, 0, 0, 0, 0, 0, 0, 0, 0, 0]"
top reasons why papua new guinea police are clearing asylum seekers,1,1,"[1, 0, 0, 1, 1, 0, 0, 0, 0, 0]","[0, 0, 0, 1, 1, 0, 0, 0, 0, 0]"
google extends conservative outreach as trump calls tech meeting,0,0,[],"[0, 0, 0, 0, 0, 0, 0, 0, 0, 0]"
russia unveils monument to designer of iconic ak-47 rifle,0,0,[],"[0, 0, 0, 0, 0, 0, 0, 0, 0, 0]"
what remains hidden in sisi's surprising message to trump,1,1,"[1, 1, 0, 0, 0, 0, 0, 0, 0, 0]","[1, 0, 0, 0, 0, 0, 0, 0, 0, 1]"
u.n. security council urges myanmar to stop excessive military force,0,0,[],"[0, 0, 0, 0, 0, 0, 0, 0, 0, 0]"
unilever’s future hangs in the balance as revenue surprises,1,1,"[0, 0, 0, 1, 0, 0, 0, 1, 0, 0]","[0, 0, 0, 1, 0, 0, 0, 1, 0, 0]"
france cautious over u.s. 'evidence' on iran weaponry in yemen,0,0,[],"[0, 0, 0, 0, 0, 0, 0, 0, 0, 0]"
key house lawmaker: dodd-frank overhaul remains a 2017 priority,0,0,[],"[0, 0, 0, 0, 0, 0, 0, 0, 0, 0]"
the significant shift about abortion laws in south carolina,1,1,"[0, 1, 0, 0, 0, 0, 0, 0, 0, 0]","[0, 1, 0, 0, 0, 0, 0, 0, 0, 0]"
trump's dramatic shift on minimum wage could change everything,1,1,"[0, 1, 0, 0, 0, 0, 0, 0, 0, 1]","[0, 1, 0, 1, 0, 0, 0, 0, 0, 0]"
what the new czech government's confidence vote could change,1,1,"[0, 1, 0, 0, 0, 0, 1, 0, 0, 0]","[1, 0, 0, 0, 0, 0, 0, 1, 0, 1]"
two killed as kenyan police disperse opposition supporters,0,0,[],"[0, 0, 0, 0, 0, 0, 0, 0, 0, 0]"
what will the social democrats' next move be after their election loss,1,1,"[0, 1, 0, 0, 0, 1, 0, 0, 0, 1]","[0, 0, 0, 0, 0, 0, 0, 1, 0, 1]"
what china's nationwide corruption scheme expansion means for the future,1,1,"[1, 0, 1, 0, 0, 0, 0, 1, 0, 0]","[1, 0, 0, 0, 0, 0, 0, 1, 0, 1]"
10 unforgettable moments from cambodia's independence celebration,1,1,"[0, 0, 0, 0, 1, 0, 0, 0, 0, 0]","[0, 1, 0, 0, 1, 0, 0, 0, 0, 0]"
turkish army expands deployment in syria's northwest: rebels,0,0,[],"[0, 0, 0, 0, 0, 0, 0, 0, 0, 0]"
"east libyan commander haftar says u.n.-backed government obsolete, hints may run in elections",0,0,[],"[0, 0, 0, 0, 0, 0, 0, 0, 0, 0]"
clinton warns of possible trump supreme court nominations,0,0,[],"[0, 0, 0, 0, 0, 0, 0, 0, 0, 0]"
what they are hiding about the trump dossier files will shock you,1,1,"[0, 0, 0, 0, 0, 1, 0, 0, 0, 0]","[1, 0, 1, 0, 0, 1, 0, 0, 0, 0]"
u.s. senator asks fbi to probe icahn over biofuels push,0,0,[],"[0, 0, 0, 0, 0, 0, 0, 0, 0, 0]"
the most explosive claims about mugabe's impeachment by war vets,1,1,"[0, 0, 0, 0, 1, 0, 0, 0, 0, 0]","[0, 1, 0, 1, 1, 0, 0, 0, 0, 0]"
outrage builds as mccain pushes for aide's testimony,1,1,"[0, 0, 1, 0, 0, 0, 0, 1, 0, 0]","[0, 0, 1, 0, 0, 0, 0, 0, 0, 0]"
pennsylvania glitches did not cause ballots to be miscounted: officials,0,0,[],"[0, 0, 0, 0, 0, 0, 0, 0, 0, 0]"
the unexpected association between nafta and u.s. farmers' futures,1,1,"[0, 0, 1, 0, 1, 0, 0, 0, 1, 0]","[0, 1, 0, 1, 0, 0, 0, 0, 1, 0]"
death toll in egypt mosque attack climbs to 200: state television,0,0,[],"[0, 0, 0, 0, 0, 0, 0, 0, 0, 0]"
moscow cancels meeting with u.s. diplomat after sanctions,0,0,[],"[0, 0, 0, 0, 0, 0, 0, 0, 0, 0]"
erdogan and macron to urge u.s. to turn back on jerusalem decision: sources,0,0,[],"[0, 0, 0, 0, 0, 0, 0, 0, 0, 0]"
ex-congressman ford being considered for u.s. transportation secretary: politico,0,0,[],"[0, 0, 0, 0, 0, 0, 0, 0, 0, 0]"
what could russia's ongoing dialogue mean for north korea and iran,1,1,"[0, 0, 0, 0, 0, 0, 0, 0, 0, 1]","[0, 0, 0, 0, 0, 0, 0, 1, 0, 1]"
u.s. senate leader expects review of healthcare bill by monday,0,0,[],"[0, 0, 0, 0, 0, 0, 0, 0, 0, 0]"
why you need to pay attention to alaska's budget crisis,1,1,"[0, 0, 0, 0, 1, 0, 1, 0, 1, 0]","[0, 0, 0, 0, 0, 0, 1, 0, 0, 1]"
you won't believe what the senate wants from comey now,1,1,"[0, 0, 0, 0, 1, 0, 1, 0, 0, 0]","[1, 0, 0, 1, 0, 0, 1, 0, 0, 0]"
"iraq launches offensive on hawija, an islamic state-held region near oil city kirkuk",0,0,[],"[0, 0, 0, 0, 0, 0, 0, 0, 0, 0]"
hillary clinton: supreme court abortion ruling 'a victory for women',0,0,[],"[0, 0, 0, 0, 0, 0, 0, 0, 0, 0]"
the ongoing tension: kremlin's response to syria missile strike and putin's decision,1,1,"[0, 0, 0, 0, 0, 0, 0, 1, 0, 0]","[0, 0, 0, 1, 0, 0, 0, 1, 0, 0]"
you won't believe why turkey wants to arrest this ex-cia officer,1,1,"[0, 1, 1, 0, 0, 0, 1, 0, 0, 0]","[1, 1, 0, 0, 0, 0, 1, 0, 0, 0]"
could this investigation uncover a major scandal for the president,1,1,"[0, 1, 0, 0, 0, 1, 1, 0, 0, 0]","[0, 1, 0, 0, 0, 1, 0, 0, 0, 1]"
can the 5-star movement overcome fake news challenges,1,0,"[0, 0, 0, 0, 0, 0, 0, 0, 0, 1]","[0, 0, 0, 0, 0, 0, 0, 0, 0, 0]"
republican disarray deepens as trump attacks rebel conservatives,0,0,[],"[0, 0, 0, 0, 0, 0, 0, 0, 0, 0]"
why the white house is urging parents to oppose the zika bill funding,1,1,"[0, 0, 0, 0, 1, 0, 1, 0, 0, 0]","[1, 0, 0, 0, 0, 0, 1, 0, 0, 1]"
"no deal yet on healthcare bill, house freedom caucus chairman says",0,0,[],"[0, 0, 0, 0, 0, 0, 0, 0, 0, 0]"
"no visas, bad jobs: venezuelan emigrants reluctantly return home",0,0,[],"[0, 0, 0, 0, 0, 0, 0, 0, 0, 0]"
blackstone's schwarzman sees historic regulatory overhaul from trump,0,0,[],"[0, 0, 0, 0, 0, 0, 0, 0, 0, 0]"
senate tax chief questions border adjustment tax,0,0,[],"[0, 0, 0, 0, 0, 0, 0, 0, 0, 0]"
what happens next in zimbabwe's fight against mugabe,1,1,"[0, 0, 0, 1, 0, 0, 0, 0, 0, 1]","[0, 0, 0, 0, 0, 0, 0, 1, 0, 1]"
is the icc burundi investigation a surprising move by east africa's leaders,1,1,"[0, 0, 0, 0, 0, 0, 0, 0, 1, 1]","[0, 0, 0, 1, 0, 0, 0, 0, 1, 1]"
tillerson's use of email alias at exxon 'entirely proper': exxon attorneys,0,0,[],"[0, 0, 0, 0, 0, 0, 0, 0, 0, 0]"
‘distressing’: british newscast pulled mid-bulletin over presenter health fears,0,1,[],"[0, 0, 1, 1, 0, 0, 0, 0, 0, 0]"
what could happen if germany makes a certain move with turkey,1,1,"[0, 0, 0, 0, 0, 1, 0, 0, 0, 1]","[1, 0, 0, 0, 0, 1, 0, 1, 0, 0]"
could there be more to the trump and russia investigation than we know,1,1,"[0, 0, 0, 0, 0, 0, 0, 0, 0, 1]","[1, 0, 0, 0, 0, 0, 0, 0, 0, 1]"
u.s. senators seek ban on pesticide chlorpyrifos,0,0,[],"[0, 0, 0, 0, 0, 0, 0, 0, 0, 0]"
"in georgia, a democrat's 'make trump furious' campaign rattles republicans",0,1,[],"[0, 1, 1, 1, 0, 0, 0, 0, 0, 0]"
"u.s. tax bill to preserve key renewable energy credits, sources say",0,0,[],"[0, 0, 0, 0, 0, 0, 0, 0, 0, 0]"
white house calls for malaysian transparency in wake of fund scandal,0,0,[],"[0, 0, 0, 0, 0, 0, 0, 0, 0, 0]"
new sanctions aim to restrict venezuela access to u.s. debt market,0,0,[],"[0, 0, 0, 0, 0, 0, 0, 0, 0, 0]"
exclusive: european envoys take fight for iran nuclear deal to u.s. congress,0,0,[],"[0, 0, 0, 0, 0, 0, 0, 0, 0, 0]"
the uncertain future of climate negotiations under trump's leadership,1,0,"[0, 0, 1, 0, 1, 0, 0, 1, 0, 0]","[0, 0, 0, 0, 0, 0, 0, 0, 0, 0]"
"trump administration approves tougher visa vetting, including social media checks",0,0,[],"[0, 0, 0, 0, 0, 0, 0, 0, 0, 0]"
the detail that might change everything about the import tax in the u.s. border town,1,1,"[1, 0, 0, 0, 0, 1, 0, 0, 0, 0]","[1, 1, 0, 0, 0, 0, 0, 0, 0, 0]"
myanmar protesters try to block aid shipment to muslim rohingya,0,0,[],"[0, 0, 0, 0, 0, 0, 0, 0, 0, 0]"
"obama, sanders to meet at white house on wednesday: white house",0,0,[],"[0, 0, 0, 0, 0, 0, 0, 0, 0, 0]"
exclusive: trump epa transition chief laments slow progress in killing green rules,0,0,[],"[0, 0, 0, 0, 0, 0, 0, 0, 0, 0]"
what remains hidden in the u.n.'s urgent call for reforms,1,1,"[1, 0, 0, 0, 0, 0, 0, 0, 0, 0]","[1, 1, 0, 0, 0, 0, 0, 0, 0, 1]"
"u.s. supreme court revival on trump travel ban draws praise, criticism",0,0,[],"[0, 0, 0, 0, 0, 0, 0, 0, 0, 0]"
what could unfold from obama's meeting with the saudi prince,1,1,"[0, 0, 0, 0, 0, 0, 0, 1, 0, 1]","[1, 0, 0, 0, 0, 0, 0, 1, 0, 1]"
china to expand corruption supervision pilot scheme nationwide: xinhua,0,0,[],"[0, 0, 0, 0, 0, 0, 0, 0, 0, 0]"
you won't believe what comey revealed about the fbi's probe into russian interference,1,1,"[0, 0, 1, 0, 1, 0, 1, 0, 0, 0]","[1, 1, 0, 0, 0, 0, 1, 0, 0, 0]"
is trump's interest in tax reform a major shift in strategy,1,1,"[0, 1, 0, 0, 0, 0, 0, 0, 0, 0]","[0, 1, 0, 0, 0, 0, 0, 0, 0, 1]"
putin's surprising admission about military action against north korea,1,1,"[1, 0, 0, 0, 0, 0, 1, 0, 0, 0]","[0, 0, 0, 1, 0, 0, 0, 0, 0, 0]"
you need to know this surprising update on the healthcare vote,1,1,"[0, 0, 0, 0, 0, 0, 1, 0, 0, 0]","[1, 0, 0, 0, 0, 1, 1, 0, 0, 0]"
what remains hidden in the u.n.'s call for a pause in air strikes,1,1,"[0, 0, 0, 1, 0, 1, 0, 0, 0, 0]","[1, 0, 0, 0, 0, 0, 0, 0, 0, 1]"
myanmar's announcement about rohingya refugees is more dramatic than you think,1,1,"[0, 1, 0, 1, 0, 0, 0, 0, 0, 0]","[0, 1, 0, 1, 0, 0, 1, 0, 0, 0]"
"czechs vote for new parliament, wealthy businessman seen as likely next pm",0,0,[],"[0, 0, 0, 0, 0, 0, 0, 0, 0, 0]"
russian and french foreign ministers discussed situation in syria,0,0,[],"[0, 0, 0, 0, 0, 0, 0, 0, 0, 0]"
what drives young women to chase dreams abroad,1,1,"[0, 0, 0, 0, 0, 0, 0, 0, 0, 1]","[1, 0, 0, 0, 0, 0, 0, 0, 0, 1]"
what you don’t see about the deadly clashes in togo,1,1,"[1, 0, 0, 0, 0, 0, 0, 0, 0, 0]","[1, 0, 0, 1, 0, 0, 1, 0, 0, 0]"
what remains hidden in the fight against pesticide chlorpyrifos,1,1,"[1, 1, 0, 0, 0, 0, 0, 0, 0, 0]","[1, 0, 0, 0, 0, 0, 0, 0, 0, 0]"
merkel says to begin three-way german coalition talks next week,0,0,[],"[0, 0, 0, 0, 0, 0, 0, 0, 0, 0]"
the shocking tactics of hanson's battler bus are turning heads,1,1,"[0, 0, 0, 1, 0, 0, 0, 0, 0, 1]","[0, 1, 0, 1, 0, 0, 0, 0, 0, 0]"
mcmaster says 'of course' trump supports nato article 5,0,0,[],"[0, 0, 0, 0, 0, 0, 0, 0, 0, 0]"
students protest u.s. attorney general speech at georgetown,0,0,[],"[0, 0, 0, 0, 0, 0, 0, 0, 0, 0]"
you won't believe how trump's tax reforms tie to this unknown panel,1,1,"[0, 0, 1, 0, 0, 0, 0, 0, 1, 1]","[1, 0, 0, 0, 0, 0, 1, 0, 1, 0]"
what happens next after trump's surprising pledge to the nra,1,1,"[0, 0, 0, 0, 0, 0, 1, 1, 0, 1]","[0, 0, 0, 1, 0, 0, 0, 1, 0, 1]"
militants kill egyptian u.n. peacekeeper in central african republic,0,0,[],"[0, 0, 0, 0, 0, 0, 0, 0, 0, 0]"
this detail in the election official's request to trump is crucial,1,1,"[1, 0, 0, 0, 1, 0, 0, 0, 0, 0]","[1, 1, 0, 0, 0, 1, 0, 0, 0, 0]"
zimbabwe's ruling party must fix economy to win vote: president,0,0,[],"[0, 0, 0, 0, 0, 0, 0, 0, 0, 0]"
ex-russian minister says he thought bag with $2 million cash was gift of alcohol,0,0,[],"[0, 0, 0, 0, 0, 0, 0, 0, 0, 0]"
the unexpected court wins that could change the trump campaign,1,1,"[0, 0, 0, 0, 0, 1, 0, 1, 0, 0]","[0, 0, 0, 1, 0, 0, 0, 0, 1, 0]"
you won't believe how the u.s. aerospace industry is urging trump to act,1,1,"[0, 0, 0, 1, 0, 1, 0, 0, 0, 0]","[1, 0, 0, 1, 0, 0, 1, 0, 0, 0]"
cambodian opposition blocked from holding memorial service,0,0,[],"[0, 0, 0, 0, 0, 0, 0, 0, 0, 0]"
what's hidden behind trump's urgent immigration law push,1,1,"[1, 0, 0, 0, 0, 0, 0, 0, 0, 0]","[1, 1, 0, 0, 0, 0, 0, 0, 0, 1]"
the shocking details behind the stabbing in maastricht,1,1,"[0, 1, 0, 0, 0, 1, 0, 0, 0, 1]","[1, 0, 1, 0, 0, 0, 0, 0, 0, 0]"
trump aide greenblatt heading to jordan for talks after israel visit,0,0,[],"[0, 0, 0, 0, 0, 0, 0, 0, 0, 0]"
"u.s. troops to leave chad, as another african state reassesses ties",0,0,[],"[0, 0, 0, 0, 0, 0, 0, 0, 0, 0]"
obama announces lifting of u.s. sanctions on myanmar,0,0,[],"[0, 0, 0, 0, 0, 0, 0, 0, 0, 0]"
no hike in argentine defense spending despite sub tragedy: senator,0,0,[],"[0, 0, 0, 0, 0, 0, 0, 0, 0, 0]"
emma hayes sees champions league dreams washed away in the rain | sophie downey,0,1,[],"[0, 0, 1, 1, 0, 0, 0, 0, 0, 0]"
european businesses working in russia slam proposed u.s. sanctions,0,0,[],"[0, 0, 0, 0, 0, 0, 0, 0, 0, 0]"
"ryan disappointed on senate healthcare vote, but 'we should not give up'",0,0,[],"[0, 0, 0, 0, 0, 0, 0, 0, 0, 0]"
the shocking details of the militant attack that left two bystanders dead,1,1,"[1, 0, 0, 0, 0, 0, 1, 0, 0, 0]","[1, 0, 1, 0, 0, 0, 0, 0, 0, 0]"
the shocking lengths pro-trump groups are going to help their president,1,1,"[0, 0, 0, 1, 0, 0, 0, 0, 0, 0]","[0, 1, 0, 1, 0, 1, 0, 0, 0, 0]"
trump builds team of bosses to shake up washington,0,1,[],"[0, 1, 0, 1, 0, 0, 0, 0, 0, 0]"
uganda ruling party seeks to scrap age limit to extend president's rule,0,0,[],"[0, 0, 0, 0, 0, 0, 0, 0, 0, 0]"
top agricultural exports you didn't know were at risk from irma,1,1,"[0, 0, 0, 0, 1, 0, 0, 0, 0, 0]","[1, 0, 0, 0, 1, 0, 1, 0, 0, 0]"
russian bank veb says executives had talks with trump son-in-law,0,0,[],"[0, 0, 0, 0, 0, 0, 0, 0, 0, 0]"
at least 30 police die in clash in egypt's western desert: security sources,0,0,[],"[0, 0, 0, 0, 0, 0, 0, 0, 0, 0]"
vietnam storm's devastating death toll and hidden dangers of bursting dams,1,1,"[1, 0, 0, 0, 0, 0, 0, 0, 1, 0]","[1, 1, 0, 1, 0, 0, 0, 0, 0, 0]"
china's surprising stance on venezuela that you didn't expect,1,1,"[1, 0, 0, 0, 0, 1, 0, 0, 1, 0]","[1, 0, 0, 1, 0, 0, 1, 0, 0, 0]"
the outcome remains unclear as obama and hollande meet this thursday,1,0,"[0, 0, 0, 0, 1, 0, 0, 1, 0, 1]","[0, 0, 0, 0, 0, 0, 0, 0, 0, 0]"
what happens next for obama as the last democratic leader,1,1,"[0, 0, 0, 0, 0, 0, 0, 1, 0, 0]","[0, 0, 0, 0, 1, 0, 0, 1, 0, 1]"
the surprising truth behind the japan-u.s. economic talks,1,1,"[0, 0, 0, 0, 1, 0, 0, 0, 0, 1]","[1, 0, 0, 1, 0, 0, 0, 0, 0, 0]"
you won't believe what farage revealed at the election rally,1,1,"[0, 0, 0, 1, 0, 0, 0, 0, 0, 1]","[1, 1, 0, 0, 0, 0, 1, 0, 0, 0]"
macron's visit raises concerns about algeria's uncertain future,1,0,"[0, 0, 1, 0, 0, 0, 0, 0, 0, 0]","[0, 0, 0, 0, 0, 0, 0, 0, 0, 0]"
clinton's surprising choice for voter outreach could change the game for future elections,1,1,"[0, 0, 0, 0, 0, 0, 0, 1, 1, 0]","[0, 1, 0, 1, 0, 0, 0, 1, 0, 0]"
russian parliament speaker says hopes for better ties with u.s.,0,0,[],"[0, 0, 0, 0, 0, 0, 0, 0, 0, 0]"
germany's greens overtake liberals in poll as coalition talks continue,0,0,[],"[0, 0, 0, 0, 0, 0, 0, 0, 0, 0]"
the unexpected rivalry between a soccer star and a vp in liberia's election,1,1,"[0, 0, 0, 0, 0, 0, 0, 0, 1, 0]","[0, 0, 0, 1, 0, 0, 0, 0, 1, 0]"
hope grows as orban accepts party endorsement for the upcoming election,1,0,"[0, 0, 1, 0, 0, 0, 0, 0, 1, 0]","[0, 0, 0, 0, 0, 0, 0, 0, 0, 0]"
will trump block comey testimony? white house does not know yet,0,1,[],"[0, 0, 0, 0, 0, 0, 0, 1, 0, 1]"
the incredible recovery of raqqa: what remains to be done,1,1,"[0, 0, 0, 1, 1, 0, 0, 1, 0, 0]","[1, 1, 0, 0, 0, 0, 0, 1, 0, 0]"
the unexpected impact of irma on florida's insurers,1,1,"[0, 0, 0, 0, 0, 0, 0, 0, 1, 0]","[1, 0, 0, 1, 0, 0, 0, 0, 1, 0]"
what remains hidden about iran's treatment of jailed workers,1,1,"[0, 0, 0, 1, 0, 1, 0, 0, 1, 0]","[1, 0, 0, 0, 0, 0, 0, 0, 0, 1]"
the shocking end to florida's lieutenant governor's senate hopes,1,1,"[0, 0, 0, 1, 0, 0, 0, 1, 0, 0]","[0, 1, 0, 1, 0, 0, 0, 0, 0, 0]"
"u.n. seeks humanitarian pause in sanaa where streets ""battlegrounds""",0,0,[],"[0, 0, 0, 0, 0, 0, 0, 0, 0, 0]"
eu leaders talk up iran nuclear deal hoping to save it from trump,0,0,[],"[0, 0, 0, 0, 0, 0, 0, 0, 0, 0]"
obama says 9/11 legislation sets 'dangerous precedent': cnn,0,0,[],"[0, 0, 0, 0, 0, 0, 0, 0, 0, 0]"
what remains unclear as the fight in marawi continues,1,1,"[1, 1, 0, 0, 0, 1, 0, 0, 0, 0]","[1, 0, 0, 0, 0, 0, 0, 1, 0, 0]"
is myanmar hiding something about rights abuse allegations,1,1,"[1, 0, 1, 0, 1, 0, 0, 0, 0, 0]","[1, 0, 0, 0, 0, 1, 0, 0, 0, 1]"
u.s. senators hammer facebook for power over elections,0,0,[],"[0, 0, 0, 0, 0, 0, 0, 0, 0, 0]"
the top points of the brexit deal that you must know,1,1,"[0, 0, 0, 0, 1, 0, 0, 0, 0, 0]","[1, 0, 0, 0, 1, 0, 1, 0, 0, 0]"
trump's major blame game: how fellow republicans are tied to the debt ceiling chaos,1,1,"[0, 1, 0, 0, 0, 0, 1, 0, 0, 0]","[0, 1, 0, 1, 0, 0, 0, 0, 0, 1]"
syrian president says jerusalem to be palestinian capital,0,0,[],"[0, 0, 0, 0, 0, 0, 0, 0, 0, 0]"
fistfights in uganda's parliament reveal shocking truths about museveni's rule,1,1,"[0, 1, 0, 0, 0, 0, 0, 1, 0, 0]","[1, 0, 0, 1, 0, 0, 0, 0, 0, 0]"
trump to give state of the union address on jan. 30: white house,0,0,[],"[0, 0, 0, 0, 0, 0, 0, 0, 0, 0]"
the dramatic clash over syrian refugee repatriation in germany,1,0,"[0, 0, 0, 1, 0, 1, 0, 0, 0, 0]","[0, 0, 0, 0, 0, 0, 0, 0, 0, 0]"
will u.s. sanctions unravel european projects like nord stream 2,1,0,"[0, 0, 0, 0, 0, 0, 0, 1, 0, 1]","[0, 0, 0, 0, 0, 0, 0, 0, 0, 0]"
gorsuch's unexpected energy captivates in high court arguments,1,1,"[0, 0, 0, 0, 1, 1, 0, 0, 0, 1]","[0, 0, 0, 1, 0, 0, 0, 0, 1, 0]"
unexpected pressure leads to the removal of thailand's buddhism chief,1,0,"[0, 0, 0, 0, 0, 0, 0, 0, 1, 0]","[0, 0, 0, 0, 0, 0, 0, 0, 0, 0]"
the shocking lead of center-right in sicily's regional vote,1,1,"[1, 0, 0, 1, 0, 0, 0, 0, 0, 0]","[1, 1, 0, 0, 0, 0, 0, 0, 0, 0]"
china's president xi says will continue years-long war on smog,0,0,[],"[0, 0, 0, 0, 0, 0, 0, 0, 0, 0]"
what witnesses are saying about the west london train fire,1,1,"[0, 0, 0, 0, 0, 0, 0, 1, 0, 1]","[1, 0, 0, 1, 0, 0, 0, 0, 0, 0]"
overturning of weinstein conviction 'a hard day',0,0,[],"[0, 0, 0, 0, 0, 0, 0, 0, 0, 0]"
"one eve of gaza reconciliation, hamas frees fatah men",0,0,[],"[0, 0, 0, 0, 0, 0, 0, 0, 0, 0]"
what could lead to the downfall of kim's top aide,1,1,"[0, 1, 0, 0, 0, 0, 0, 0, 0, 1]","[1, 0, 0, 1, 0, 0, 0, 0, 0, 1]"
can you believe what trump plans for nafta with canada?,1,1,"[0, 0, 1, 0, 0, 0, 0, 0, 0, 1]","[1, 0, 0, 0, 0, 0, 1, 0, 0, 1]"
trump urged senate republicans to drop panel's russia probe: nyt,0,0,[],"[0, 0, 0, 0, 0, 0, 0, 0, 0, 0]"
the most shocking moments of the trump presidency revealed,1,1,"[0, 0, 0, 1, 0, 0, 1, 0, 0, 0]","[1, 0, 0, 1, 1, 0, 0, 0, 0, 0]"
dutch far-right politician wilders appeals discrimination verdict,0,0,[],"[0, 0, 0, 0, 0, 0, 0, 0, 0, 0]"
what you don’t know about trump's surprising pick for interior,1,1,"[1, 0, 0, 0, 1, 0, 1, 0, 0, 0]","[1, 0, 0, 1, 0, 0, 1, 0, 0, 0]"
self-designed homes could provide sustainable future for liberated mosul,0,0,[],"[0, 0, 0, 0, 0, 0, 0, 0, 0, 0]"
what remains hidden behind the eu's funding suspension for cambodia,1,1,"[1, 1, 0, 0, 0, 0, 0, 1, 0, 0]","[1, 0, 0, 0, 0, 0, 0, 0, 0, 1]"
obama's choices include something surprising for asian-american judges,1,1,"[0, 0, 1, 0, 0, 1, 1, 0, 0, 0]","[1, 0, 0, 0, 0, 1, 0, 0, 0, 0]"
what you don’t see in the treasury files on trump,1,1,"[1, 0, 0, 0, 0, 0, 0, 0, 0, 0]","[1, 0, 0, 0, 0, 0, 1, 0, 0, 0]"
the ongoing saga of turkey's s-400 deal with russia,1,1,"[0, 0, 0, 0, 0, 0, 0, 1, 0, 0]","[0, 1, 0, 1, 0, 0, 0, 1, 0, 0]"
german defense minister says troop withdrawal from afghanistan too rapid,0,0,[],"[0, 0, 0, 0, 0, 0, 0, 0, 0, 0]"
the attorney general's evasive answers on trump have democrats fuming,1,1,"[0, 0, 0, 0, 0, 0, 1, 0, 0, 0]","[0, 0, 1, 1, 0, 0, 0, 0, 0, 0]"
clinton leads trump by 11 points in white house race: reuters/ipsos poll,0,0,[],"[0, 0, 0, 0, 0, 0, 0, 0, 0, 0]"
the dramatic standoff at the border crossings that could change everything,1,1,"[0, 1, 0, 0, 1, 0, 1, 0, 0, 0]","[0, 1, 0, 1, 0, 0, 0, 1, 0, 0]"
trump’s new actions on coal mining could have major implications for you,1,1,"[0, 0, 0, 1, 1, 0, 1, 0, 0, 0]","[0, 1, 0, 0, 0, 0, 1, 0, 0, 0]"
french judiciary creaking under weight of terrorism cases,0,0,[],"[0, 0, 0, 0, 0, 0, 0, 0, 0, 0]"
u.s. takes north korea nuclear threats seriously: state department,0,0,[],"[0, 0, 0, 0, 0, 0, 0, 0, 0, 0]"
outrage as mother reveals shocking details of torture in court,1,1,"[0, 1, 0, 1, 0, 0, 1, 0, 0, 0]","[0, 1, 1, 1, 0, 0, 0, 0, 0, 0]"
the surprising ways states reacted to trump's voter request,1,1,"[0, 0, 0, 1, 0, 0, 0, 0, 0, 0]","[1, 1, 0, 1, 0, 0, 0, 0, 0, 0]"
tillerson's unexpected comment raises eyebrows about his future,1,1,"[0, 0, 0, 0, 0, 0, 0, 0, 1, 0]","[0, 0, 0, 1, 0, 0, 0, 0, 1, 0]"
surprising connections emerge in trump-russia meeting calls,1,1,"[0, 0, 0, 0, 0, 0, 0, 0, 1, 0]","[0, 0, 0, 1, 0, 0, 0, 0, 1, 0]"
putin's unexpected offer for u.s.-russia cooperation in the fight against terror,1,1,"[1, 0, 1, 1, 0, 0, 0, 0, 0, 0]","[0, 1, 0, 1, 0, 0, 0, 0, 1, 0]"
could this signal a major shift in us trade relations,1,1,"[0, 0, 0, 0, 0, 0, 0, 1, 0, 1]","[0, 1, 0, 0, 0, 1, 0, 0, 0, 1]"
what remains hidden after the kirkuk province takeover by iraq,1,1,"[1, 1, 0, 0, 0, 0, 0, 0, 0, 1]","[1, 0, 0, 0, 0, 0, 0, 0, 0, 1]"
the shocking details emerging from the deadly train and bus collision in france,1,1,"[0, 0, 0, 1, 0, 0, 0, 0, 0, 1]","[0, 1, 1, 0, 0, 0, 0, 0, 0, 0]"
could trump's potential tariffs on chinese steel change the industry,1,1,"[0, 0, 0, 1, 0, 0, 0, 1, 0, 1]","[0, 0, 0, 0, 0, 0, 0, 1, 0, 1]"
could harris corp's massive defense contract change the game for national security,1,1,"[0, 0, 0, 0, 0, 0, 0, 0, 0, 1]","[0, 1, 0, 0, 0, 0, 0, 1, 0, 1]"
the shocking truth behind republicans' obamacare disagreements,1,1,"[0, 0, 0, 1, 0, 1, 0, 0, 0, 0]","[1, 1, 0, 1, 0, 0, 0, 0, 0, 0]"
concern grows over hezbollah’s take on kurdish voting,1,0,"[0, 0, 1, 0, 0, 0, 0, 0, 0, 0]","[0, 0, 0, 0, 0, 0, 0, 0, 0, 0]"
could this be the biggest fallout from the manchester leaks,1,1,"[0, 1, 0, 1, 0, 0, 0, 0, 0, 1]","[0, 0, 1, 1, 0, 0, 0, 0, 0, 1]"
revamping dodd-frank a 'this-year priority': u.s. lawmaker,0,0,[],"[0, 0, 0, 0, 0, 0, 0, 0, 0, 0]"
trump asks supreme court to block travel ban ruling,0,0,[],"[0, 0, 0, 0, 0, 0, 0, 0, 0, 0]"
pressure on trump likely to be intense at second debate with clinton,0,0,[],"[0, 0, 0, 0, 0, 0, 0, 0, 0, 0]"
you won't believe what iraq's pm gained from his meeting with trump,1,1,"[0, 0, 0, 0, 0, 0, 1, 0, 0, 1]","[1, 0, 0, 1, 0, 0, 1, 0, 0, 0]"
tillerson to visit africa in first quarter of 2018: adviser,0,0,[],"[0, 0, 0, 0, 0, 0, 0, 0, 0, 0]"
lebanese woman shot dead by four-year-old son in gun accident,0,0,[],"[0, 0, 0, 0, 0, 0, 0, 0, 0, 0]"
u.s.-led coalition does not have 'releasable information' on is leader baghdadi whereabouts,0,0,[],"[0, 0, 0, 0, 0, 0, 0, 0, 0, 0]"
u.s. lawmaker says house intel panel near consensus on nsa spy program,0,0,[],"[0, 0, 0, 0, 0, 0, 0, 0, 0, 0]"
"trump vows another healthcare vote next year, eyes executive order",0,0,[],"[0, 0, 0, 0, 0, 0, 0, 0, 0, 0]"
coral bracelets and kitsch keyrings spell beginning of fashion backlash,0,1,[],"[0, 0, 0, 1, 0, 0, 0, 0, 1, 0]"
you need to know about the unfinished u.s. tax revamp,1,1,"[0, 0, 0, 1, 0, 0, 1, 0, 0, 0]","[0, 0, 0, 0, 0, 0, 1, 1, 0, 0]"
what you don’t see about michigan's budget surplus for flint,1,1,"[0, 0, 0, 1, 0, 0, 0, 1, 0, 1]","[1, 0, 0, 0, 0, 0, 1, 0, 0, 0]"
protesters injured in honduras clashes as electoral crisis rumbles on,0,0,[],"[0, 0, 0, 0, 0, 0, 0, 0, 0, 0]"
mexican human rights group mulls legal action against security law,0,0,[],"[0, 0, 0, 0, 0, 0, 0, 0, 0, 0]"
"zimbabwe's ruling party set to sack mugabe, sources say",0,0,[],"[0, 0, 0, 0, 0, 0, 0, 0, 0, 0]"
"polish parliament, defying eu, approves judiciary overhaul",0,0,[],"[0, 0, 0, 0, 0, 0, 0, 0, 0, 0]"
what the fbi isn’t telling us about the russia probes,1,1,"[1, 0, 0, 0, 0, 1, 0, 0, 1, 0]","[1, 0, 0, 0, 0, 0, 1, 0, 0, 1]"
could google's latest move change everything for conservatives,1,1,"[0, 0, 0, 1, 0, 1, 0, 0, 0, 1]","[0, 1, 0, 0, 0, 1, 0, 0, 0, 1]"
trump's 'america first' speech alarms u.s. allies,0,0,[],"[0, 0, 0, 0, 0, 0, 0, 0, 0, 0]"
what happened behind closed doors at the u.n. meeting on syria,1,1,"[1, 0, 0, 1, 0, 0, 1, 0, 0, 0]","[1, 0, 0, 0, 0, 0, 0, 0, 0, 1]"
trump says he'll submit healthcare reforms in early or mid-march,0,0,[],"[0, 0, 0, 0, 0, 0, 0, 0, 0, 0]"
iraq relocates hundreds of foreign wives and children of suspected islamic state militants to baghdad,0,0,[],"[0, 0, 0, 0, 0, 0, 0, 0, 0, 0]"
what remains hidden in the reports of torture in yemen,1,1,"[0, 0, 1, 0, 1, 1, 0, 0, 0, 0]","[1, 0, 0, 0, 0, 0, 0, 0, 0, 0]"
what remains hidden as illinois budget faces new challenges,1,1,"[1, 1, 0, 0, 0, 0, 0, 0, 0, 0]","[1, 0, 0, 0, 0, 1, 0, 0, 0, 1]"
democratic lawmakers question kushner on new york property: letter,0,0,[],"[0, 0, 0, 0, 0, 0, 0, 0, 0, 0]"
this decision by the supreme court could change everything,1,1,"[0, 0, 0, 0, 0, 1, 0, 0, 0, 0]","[0, 1, 0, 1, 0, 1, 0, 0, 0, 0]"
what remains hidden as obama faces a problem from hell in syria,1,1,"[1, 0, 0, 0, 0, 0, 0, 0, 0, 0]","[1, 1, 0, 1, 0, 0, 0, 0, 0, 0]"
could a foul smell really shut down a government office? here's what happened,1,1,"[0, 0, 0, 0, 0, 0, 0, 0, 0, 1]","[1, 0, 0, 0, 0, 0, 0, 0, 1, 1]"
china says will investigate if u.n. resolutions on north korea contravened,0,0,[],"[0, 0, 0, 0, 0, 0, 0, 0, 0, 0]"
what could these new sanctions mean for russia and the u.s.,1,1,"[1, 0, 0, 0, 0, 1, 0, 0, 0, 1]","[0, 0, 0, 0, 0, 1, 0, 1, 0, 1]"
the explosive resignation of price amidst trump's mounting pressure,1,1,"[0, 0, 1, 1, 0, 0, 0, 0, 0, 1]","[0, 1, 0, 1, 0, 0, 0, 0, 0, 0]"
district of columbia sets a significant $15/hour minimum wage milestone,1,0,"[0, 0, 0, 1, 1, 0, 0, 1, 0, 0]","[0, 0, 0, 0, 0, 0, 0, 0, 0, 0]"
what remains hidden about the new generation at uc berkeley,1,1,"[1, 0, 0, 0, 0, 0, 0, 0, 0, 0]","[1, 0, 0, 0, 0, 1, 0, 0, 0, 0]"
a young chinese rebel feels the pull of family ties,0,1,[],"[0, 0, 0, 1, 0, 0, 0, 0, 1, 0]"
house democrats are making a major move with the new russia bill,1,1,"[0, 0, 0, 1, 0, 1, 0, 0, 0, 0]","[0, 1, 0, 0, 0, 1, 0, 0, 0, 0]"
something big is coming with the fbi and apple testimony,1,1,"[0, 0, 0, 0, 0, 1, 0, 0, 0, 0]","[0, 1, 0, 0, 0, 1, 0, 1, 0, 0]"
the surprising partnership between u.s. and china on north korea: what you should know,1,1,"[1, 0, 0, 0, 0, 0, 1, 0, 0, 0]","[1, 0, 0, 0, 0, 0, 1, 0, 1, 0]"
"philippines duterte says only answers to his people on drugs war, human rights",0,0,[],"[0, 0, 0, 0, 0, 0, 0, 0, 0, 0]"
could blinken's bold statement change the game with china,1,1,"[0, 0, 0, 1, 0, 0, 0, 0, 0, 1]","[0, 0, 0, 1, 0, 0, 0, 1, 0, 1]"
what you don’t see about the attack on the u.n. peacekeeper,1,1,"[1, 0, 0, 0, 0, 0, 0, 0, 0, 0]","[1, 0, 0, 0, 0, 0, 1, 0, 0, 0]"
chinese general kills himself amid corruption probe,0,0,[],"[0, 0, 0, 0, 0, 0, 0, 0, 0, 0]"
bernie sanders shakes up massachusetts politics in a dramatic way,1,1,"[0, 0, 0, 1, 0, 0, 0, 0, 0, 0]","[0, 1, 0, 1, 0, 0, 0, 0, 0, 0]"
british pm may says lawmakers to vote on final brexit deal,0,0,[],"[0, 0, 0, 0, 0, 0, 0, 0, 0, 0]"
lawmakers should ok relief for harvey victims: nancy pelosi,0,0,[],"[0, 0, 0, 0, 0, 0, 0, 0, 0, 0]"
trump says actively considering breaking up big banks: bloomberg tv,0,0,[],"[0, 0, 0, 0, 0, 0, 0, 0, 0, 0]"
pentagon to send about a dozen guantanamo inmates to other countries soon,0,0,[],"[0, 0, 0, 0, 0, 0, 0, 0, 0, 0]"
outrage grows as russia detains islamic state members planning an attack,1,0,"[0, 0, 1, 0, 0, 0, 0, 0, 0, 0]","[0, 0, 0, 0, 0, 0, 0, 0, 0, 0]"
the key details of the eu withdrawal bill you need to know,1,1,"[0, 1, 0, 1, 0, 0, 0, 0, 0, 0]","[1, 0, 0, 0, 0, 0, 1, 0, 0, 0]"
what does the supreme court's rejection mean for voters,1,1,"[0, 0, 0, 0, 0, 0, 0, 1, 0, 1]","[0, 0, 0, 0, 0, 0, 1, 1, 0, 1]"
the unexpected link between jerusalem and the palestinian capital,1,1,"[1, 0, 0, 0, 0, 1, 0, 0, 1, 0]","[0, 0, 0, 1, 0, 0, 0, 0, 1, 0]"
outrage grows as indonesian envoy pushes myanmar to stop violence,1,0,"[0, 1, 1, 0, 0, 0, 0, 1, 0, 0]","[0, 0, 0, 0, 0, 0, 0, 0, 0, 0]"
you won't believe the outrage over cuba's hunger-striking dissidents,1,1,"[0, 0, 1, 0, 0, 0, 1, 0, 0, 0]","[0, 1, 1, 0, 0, 0, 1, 0, 0, 0]"
this bold move by trump could change global economics forever,1,1,"[0, 0, 0, 0, 1, 0, 0, 0, 1, 1]","[0, 1, 0, 1, 0, 1, 0, 0, 0, 0]"
the dramatic new weapon france is using against militants,1,1,"[0, 0, 1, 0, 1, 0, 0, 0, 0, 0]","[0, 1, 0, 1, 0, 0, 0, 0, 0, 0]"
what were ex-trump adviser bannon's policy wins and losses?,0,0,[],"[0, 0, 0, 0, 0, 0, 0, 0, 0, 0]"
trump's surprising plea to stop bank mergers revealed,1,1,"[0, 1, 1, 0, 0, 1, 0, 0, 0, 0]","[1, 0, 0, 1, 0, 0, 0, 0, 0, 0]"
are austria and rome hiding something about the passport offer to italians,1,1,"[0, 0, 0, 0, 1, 0, 0, 0, 0, 1]","[1, 0, 0, 0, 0, 1, 0, 0, 0, 1]"
u.s.-backed sdf to let syrian islamic state fighters leave raqqa,0,0,[],"[0, 0, 0, 0, 0, 0, 0, 0, 0, 0]"
romania's upper house approves judiciary bill critics say is too political,0,0,[],"[0, 0, 0, 0, 0, 0, 0, 0, 0, 0]"
trump favors ex-pharma executive azar for health secretary: politico,0,0,[],"[0, 0, 0, 0, 0, 0, 0, 0, 0, 0]"
german coalition talks flounder as disagreements persist,0,0,[],"[0, 0, 0, 0, 0, 0, 0, 0, 0, 0]"
schaeuble's rise in german parliament: this detail could change everything,1,1,"[1, 1, 0, 0, 0, 0, 0, 0, 0, 0]","[1, 1, 0, 0, 0, 1, 0, 0, 0, 0]"
why are we ignoring the hidden struggles of palestinians in israeli jails,1,1,"[0, 0, 0, 0, 0, 0, 0, 0, 0, 1]","[1, 0, 0, 0, 0, 0, 1, 0, 0, 1]"
activist mckesson releases platform in baltimore mayoral race,0,0,[],"[0, 0, 0, 0, 0, 0, 0, 0, 0, 0]"
house panel wants to know how climate change impacts the military,0,0,[],"[0, 0, 0, 0, 0, 0, 0, 0, 0, 0]"
syrian government envoy: u.s. and turkish troops should leave syria,0,0,[],"[0, 0, 0, 0, 0, 0, 0, 0, 0, 0]"
u.s. diplomats accuse tillerson of breaking child soldiers law,0,0,[],"[0, 0, 0, 0, 0, 0, 0, 0, 0, 0]"
british jihadi 'white widow' killed by u.s. drone: sun report,0,0,[],"[0, 0, 0, 0, 0, 0, 0, 0, 0, 0]"
u.n. says still determining if myanmar crisis is genocide,0,0,[],"[0, 0, 0, 0, 0, 0, 0, 0, 0, 0]"
weak inflation a worry but pressure likely building: fed's kaplan,0,0,[],"[0, 0, 0, 0, 0, 0, 0, 0, 0, 0]"
what trump isn't telling us about the daca deal and the border wall,1,1,"[1, 0, 0, 0, 0, 0, 0, 0, 0, 0]","[1, 0, 0, 0, 0, 0, 1, 0, 0, 0]"
outrage grows as judge orders review of clinton's emails,1,0,"[0, 0, 1, 0, 0, 1, 0, 0, 0, 0]","[0, 0, 0, 0, 0, 0, 0, 0, 0, 0]"
trump's nominee for transportation sparks major reactions in the senate,1,1,"[0, 0, 1, 0, 0, 0, 0, 0, 0, 0]","[0, 1, 0, 1, 0, 0, 0, 0, 0, 0]"
pyongyang shown no interest in talks: state department,0,0,[],"[0, 0, 0, 0, 0, 0, 0, 0, 0, 0]"
what remains hidden in the slow aid effort for iran quake survivors,1,1,"[0, 0, 0, 0, 0, 0, 0, 1, 0, 0]","[1, 0, 0, 0, 0, 1, 0, 0, 0, 0]"
ted cruz's tax returns reveal something surprising,1,1,"[0, 1, 0, 0, 0, 0, 0, 0, 1, 0]","[1, 0, 0, 0, 0, 1, 0, 0, 0, 0]"
what's next for republicans as they defend their grip on congress?,1,1,"[0, 0, 0, 1, 0, 1, 0, 0, 0, 0]","[1, 0, 0, 0, 0, 0, 0, 1, 0, 1]"
"manila to focus on terrorism at southeast asian summit, urge greater cooperation",0,0,[],"[0, 0, 0, 0, 0, 0, 0, 0, 0, 0]"
"u.n. envoy urges security council to visit myanmar, bangladesh",0,0,[],"[0, 0, 0, 0, 0, 0, 0, 0, 0, 0]"
"another debate brawl? fox news, kelly set for trump rematch",0,1,[],"[0, 0, 0, 1, 0, 0, 0, 0, 0, 1]"
top lawmakers gather to discuss the future of maine's governor,1,0,"[0, 0, 0, 0, 1, 0, 0, 0, 1, 0]","[0, 0, 0, 0, 0, 0, 0, 0, 0, 0]"
"bahrain's shi'ite spiritual leader undergoes surgery, activists say",0,0,[],"[0, 0, 0, 0, 0, 0, 0, 0, 0, 0]"
soccer star and vp maintain early leads in liberia election,0,0,[],"[0, 0, 0, 0, 0, 0, 0, 0, 0, 0]"
norway to appoint first woman foreign minister: reports,0,0,[],"[0, 0, 0, 0, 0, 0, 0, 0, 0, 0]"
exclusive: eu may shun myanmar generals in new sanctions - draft,0,0,[],"[0, 0, 0, 0, 0, 0, 0, 0, 0, 0]"
brazil president sees lower house pension reform vote december 18 week,0,0,[],"[0, 0, 0, 0, 0, 0, 0, 0, 0, 0]"
"u.n. extends syria round to dec. 15, presidency not yet on table",0,0,[],"[0, 0, 0, 0, 0, 0, 0, 0, 0, 0]"
russia is now the top backer of iraq kurds: what remains hidden,1,1,"[0, 0, 0, 0, 1, 0, 0, 1, 0, 0]","[1, 0, 0, 0, 1, 0, 0, 0, 0, 0]"
the top 5 reasons conservatives want tax reform now,1,1,"[0, 0, 0, 0, 1, 0, 0, 0, 0, 0]","[0, 0, 0, 0, 1, 0, 0, 0, 0, 0]"
u.s. to give philippines eye in sky to track south china sea activity,0,0,[],"[0, 0, 0, 0, 0, 0, 0, 0, 0, 0]"
cuba's outrage over trump's u.n. address revealed,1,1,"[0, 0, 1, 0, 0, 0, 0, 0, 0, 0]","[1, 0, 1, 1, 0, 0, 0, 0, 0, 0]"
what you don’t see in may's firm stance on the iran nuclear deal,1,1,"[1, 0, 1, 0, 0, 0, 0, 0, 0, 1]","[1, 0, 0, 0, 0, 0, 1, 0, 0, 0]"
tim cook's bold pledge to rights groups has everyone talking,1,1,"[0, 0, 1, 0, 0, 0, 1, 0, 0, 0]","[0, 1, 0, 1, 0, 0, 0, 0, 0, 0]"
obama did not indicate preference for democratic candidate: white house,0,0,[],"[0, 0, 0, 0, 0, 0, 0, 0, 0, 0]"
ecuador president replaces vice president jailed in odebrecht probe,0,0,[],"[0, 0, 0, 0, 0, 0, 0, 0, 0, 0]"
what happens next as kurds defy iraqi warnings near kirkuk,1,1,"[0, 0, 0, 0, 0, 0, 0, 1, 1, 0]","[0, 0, 0, 1, 0, 0, 0, 1, 0, 1]"
canada's bold move against u.s. tariffs could change everything,1,1,"[1, 0, 0, 1, 1, 0, 0, 0, 0, 0]","[0, 1, 0, 1, 0, 1, 0, 0, 0, 0]"
lack of clear uk stance making brexit talks tough: french pm,0,0,[],"[0, 0, 0, 0, 0, 0, 0, 0, 0, 0]"
tillerson’s nato meeting delays are stirring significant concerns,1,0,"[0, 0, 0, 1, 0, 0, 0, 0, 0, 0]","[0, 0, 0, 0, 0, 0, 0, 0, 0, 0]"
cuba wants to sign accords with u.s. before obama exit: officials,0,0,[],"[0, 0, 0, 0, 0, 0, 0, 0, 0, 0]"
u.s. house approves funding for children's healthcare program,0,0,[],"[0, 0, 0, 0, 0, 0, 0, 0, 0, 0]"
iceland's left-green opposition leader to become new prime minister,0,0,[],"[0, 0, 0, 0, 0, 0, 0, 0, 0, 0]"
what senator collins isn't saying about her position on the tax bill,1,1,"[0, 0, 0, 0, 1, 0, 0, 0, 1, 1]","[1, 0, 0, 0, 0, 0, 0, 0, 0, 1]"
top u.s. marine's wish-list for trump goes well beyond troop hikes,0,1,[],"[1, 1, 0, 0, 1, 0, 0, 0, 0, 0]"
iraq's kurdish parliament backs sept 25 independence referendum,0,0,[],"[0, 0, 0, 0, 0, 0, 0, 0, 0, 0]"
what's behind trump's distancing from putin amid election meddling,1,1,"[0, 0, 0, 0, 0, 0, 0, 1, 0, 0]","[1, 0, 0, 0, 0, 0, 0, 0, 0, 1]"
"north korea rejects u.s. accusation, says it is not linked to any cyber attacks",0,0,[],"[0, 0, 0, 0, 0, 0, 0, 0, 0, 0]"
the top reasons trump might not get invited to downing street,1,1,"[0, 0, 0, 0, 1, 0, 0, 0, 0, 0]","[0, 0, 0, 1, 1, 0, 0, 0, 0, 0]"
what remains hidden behind china's warning to australia,1,1,"[1, 0, 0, 0, 0, 0, 0, 0, 0, 0]","[1, 0, 0, 0, 0, 0, 0, 0, 0, 1]"
"cruz says would deport illegal immigrants, sharpens immigration stance",0,0,[],"[0, 0, 0, 0, 0, 0, 0, 0, 0, 0]"
how the russian olympic ban is dramatically changing the election landscape,1,1,"[0, 0, 0, 1, 0, 0, 0, 0, 1, 0]","[0, 1, 0, 0, 0, 0, 0, 0, 1, 1]"
immunity to state dept staffer who set up clinton email server: washpost,0,0,[],"[0, 0, 0, 0, 0, 0, 0, 0, 0, 0]"
south africa's zuma says influence-peddling in his government to be investigated,0,0,[],"[0, 0, 0, 0, 0, 0, 0, 0, 0, 0]"
this unexpected news about fundraising could change everything for sanders,1,1,"[0, 0, 0, 0, 0, 1, 0, 0, 0, 0]","[0, 1, 0, 1, 0, 1, 0, 0, 0, 0]"
mexican official widens tax-dodge complaint against trump,0,0,[],"[0, 0, 0, 0, 0, 0, 0, 0, 0, 0]"
what happens next after illinois lawmakers finally pass a budget,1,1,"[0, 0, 0, 0, 0, 1, 0, 1, 0, 1]","[1, 0, 0, 0, 0, 0, 0, 1, 0, 1]"
could this low turnout in chile change everything for pinera,1,1,"[0, 0, 0, 0, 0, 1, 0, 0, 0, 0]","[0, 1, 0, 0, 0, 0, 0, 1, 0, 1]"
could the border adjustment tax be a huge mistake,1,1,"[0, 0, 0, 0, 0, 0, 0, 0, 0, 1]","[0, 1, 0, 1, 0, 0, 0, 0, 0, 1]"
nobel peace prize winners critique trump's immigration policy,0,0,[],"[0, 0, 0, 0, 0, 0, 0, 0, 0, 0]"
what remains hidden in china's warning to north korea,1,1,"[1, 1, 0, 0, 0, 0, 0, 0, 0, 0]","[1, 0, 0, 0, 0, 1, 0, 0, 0, 1]"
what remains hidden about trump's defense chief's upcoming trip,1,1,"[1, 0, 1, 0, 0, 0, 0, 0, 0, 1]","[1, 0, 0, 0, 0, 1, 0, 0, 0, 0]"
online bettors see donald trump as odds-on republican nominee,0,0,[],"[0, 0, 0, 0, 0, 0, 0, 0, 0, 0]"
the significant meeting between trump and lockheed's ceo,1,1,"[0, 1, 0, 0, 1, 0, 0, 0, 0, 1]","[0, 1, 0, 0, 0, 0, 0, 0, 0, 0]"
what's next for nato as more troops head to afghanistan,1,1,"[1, 0, 0, 0, 0, 0, 0, 0, 0, 0]","[1, 0, 0, 0, 0, 0, 0, 1, 0, 1]"
trump says he would like to speed up nafta talks,0,0,[],"[0, 0, 0, 0, 0, 0, 0, 0, 0, 0]"
the unexpected twists in turkey's talks with the u.s. over the visa crisis,1,1,"[0, 0, 0, 0, 1, 0, 0, 0, 1, 0]","[0, 0, 0, 1, 0, 0, 0, 0, 0, 0]"
dramatic progress in bosnia's bid for nato membership revealed,1,1,"[0, 1, 0, 0, 0, 0, 0, 0, 0, 0]","[0, 1, 0, 1, 0, 0, 0, 0, 0, 0]"
xi and trump's surprising discussion on global issues revealed,1,1,"[0, 0, 0, 0, 0, 0, 0, 1, 1, 0]","[0, 0, 0, 1, 0, 0, 0, 0, 1, 0]"
what you don’t see about the plans for trump's border wall,1,1,"[1, 1, 0, 0, 0, 1, 0, 0, 0, 0]","[1, 0, 0, 0, 0, 0, 1, 0, 0, 0]"
north korea's ballistic missile launch leaves u.s. and south korea in shock,1,1,"[0, 1, 0, 1, 1, 0, 0, 0, 0, 0]","[0, 1, 1, 0, 0, 0, 0, 0, 0, 0]"
the list of lawmakers saying no to trump’s healthcare outreach,1,0,"[0, 0, 1, 0, 1, 1, 0, 0, 0, 0]","[0, 0, 0, 0, 0, 0, 0, 0, 0, 0]"
democrats working on independent russia probe,0,0,[],"[0, 0, 0, 0, 0, 0, 0, 0, 0, 0]"
what happens next as rebels prepare to surrender in marawi,1,1,"[0, 0, 0, 0, 0, 0, 0, 1, 0, 0]","[1, 0, 0, 0, 0, 0, 0, 1, 0, 1]"
two former presidents of mexico compare trump to hitler,0,0,[],"[0, 0, 0, 0, 0, 0, 0, 0, 0, 0]"
trump's meeting with a grieving family reveals what remains hidden,1,1,"[0, 0, 1, 1, 0, 0, 0, 1, 0, 0]","[1, 0, 0, 0, 0, 0, 0, 0, 0, 0]"
outrage as bangladesh destroys boats carrying rohingya,1,0,"[0, 0, 1, 0, 0, 1, 0, 0, 0, 0]","[0, 0, 0, 0, 0, 0, 0, 0, 0, 0]"
what remains hidden about uzbekistan's economic fiction,1,1,"[0, 0, 0, 0, 0, 0, 1, 1, 0, 0]","[1, 0, 0, 1, 0, 0, 0, 0, 0, 1]"
what you missed about the south's stunning super tuesday victory,1,1,"[1, 0, 0, 0, 1, 0, 0, 1, 0, 0]","[1, 1, 0, 0, 0, 0, 1, 0, 0, 0]"
this unexpected move in australia's defense strategy could shock the region,1,1,"[0, 1, 0, 0, 0, 0, 0, 0, 1, 0]","[0, 0, 0, 1, 0, 1, 0, 1, 0, 0]"
uk pm may says believes northern irish accord possible; wants more talks,0,0,[],"[0, 0, 0, 0, 0, 0, 0, 0, 0, 0]"
what you don't see in the gorsuch fight could change the senate forever,1,1,"[1, 0, 0, 1, 0, 0, 0, 0, 0, 1]","[1, 1, 0, 0, 0, 0, 1, 0, 0, 0]"
"paul manafort, trump's former campaign chief, drops legal team",0,0,[],"[0, 0, 0, 0, 0, 0, 0, 0, 0, 0]"
two republican senators join opposition to revised healthcare bill,0,0,[],"[0, 0, 0, 0, 0, 0, 0, 0, 0, 0]"
concern grows as a prominent peace activist goes missing,1,0,"[0, 0, 1, 0, 0, 1, 0, 0, 0, 0]","[0, 0, 0, 0, 0, 0, 0, 0, 0, 0]"
clinton's mountaintop failure unveils unexpected connections,1,1,"[0, 0, 0, 1, 0, 0, 0, 0, 1, 0]","[0, 0, 0, 1, 0, 0, 0, 0, 1, 0]"
this unexpected move by the british foreign secretary in libya,1,1,"[0, 0, 0, 1, 0, 1, 0, 0, 0, 0]","[1, 0, 0, 1, 0, 1, 0, 0, 0, 0]"
why supporters are making a dramatic push to influence trump,1,1,"[0, 0, 1, 0, 0, 0, 1, 0, 0, 0]","[0, 1, 0, 1, 0, 0, 0, 0, 0, 1]"
"rubio gets boost from republican endorsements, cruz missteps",0,0,[],"[0, 0, 0, 0, 0, 0, 0, 0, 0, 0]"
trump's new orders could change everything for trade abuses,1,1,"[0, 0, 0, 0, 1, 0, 1, 1, 0, 0]","[0, 1, 0, 1, 0, 1, 0, 0, 0, 0]"
former u.s. vp candidate palin endorses trump with a 'hallelujah',0,0,[],"[0, 0, 0, 0, 0, 0, 0, 0, 0, 0]"
u.s. democratic senator dick durbin undergoes heart procedure,0,0,[],"[0, 0, 0, 0, 0, 0, 0, 0, 0, 0]"
"trump or clinton? israelis fret, but either is a likely ally",0,0,[],"[0, 0, 0, 0, 0, 0, 0, 0, 0, 0]"
clinton's girl power push is winning over women in their 30s like never before,1,1,"[0, 0, 0, 1, 0, 0, 0, 0, 1, 0]","[0, 1, 0, 1, 1, 0, 0, 0, 0, 0]"
ukraine's anti-corruption bureau launches case against sister agency,0,0,[],"[0, 0, 0, 0, 0, 0, 0, 0, 0, 0]"
trump's surprising transformation amidst the eu's rough migration policy reveals more,1,1,"[0, 1, 0, 0, 0, 0, 1, 0, 1, 0]","[1, 0, 0, 1, 0, 0, 0, 0, 1, 0]"
merkel welcomes 'a lot of material' from macron for eu reform debate,0,0,[],"[0, 0, 0, 0, 0, 0, 0, 0, 0, 0]"
what should suu kyi do to end the violence in myanmar: a crucial moment,1,1,"[0, 0, 0, 0, 0, 0, 0, 0, 0, 1]","[0, 1, 0, 0, 0, 0, 0, 0, 0, 1]"
"trump says puerto ricans are 'wonderful,' have 'unmatched spirit'",0,0,[],"[0, 0, 0, 0, 0, 0, 0, 0, 0, 0]"
"emails show ties between new epa head, energy firms: watchdog",0,0,[],"[0, 0, 0, 0, 0, 0, 0, 0, 0, 0]"
epa abandons changes to u.s. biofuel program after lawmaker pressure,0,0,[],"[0, 0, 0, 0, 0, 0, 0, 0, 0, 0]"
u.s. and china align over north korea sanctions resolution: white house,0,0,[],"[0, 0, 0, 0, 0, 0, 0, 0, 0, 0]"
"hong kong leader demands end of independence talk, warns ties with beijing at risk",0,0,[],"[0, 0, 0, 0, 0, 0, 0, 0, 0, 0]"
u.s. and iran argue over inspections at nuclear watchdog meeting,0,0,[],"[0, 0, 0, 0, 0, 0, 0, 0, 0, 0]"
loss of 'march madness' games could hurt north carolina governor's re-election bid,0,0,[],"[0, 0, 0, 0, 0, 0, 0, 0, 0, 0]"
turkey's role in north syria: the most significant changes in schools and hospitals,1,0,"[0, 0, 0, 1, 1, 0, 0, 0, 0, 0]","[0, 0, 0, 0, 0, 0, 0, 0, 0, 0]"
canada's top fighter jets announcement is just around the corner,1,1,"[0, 0, 0, 0, 1, 0, 0, 0, 0, 1]","[0, 0, 0, 0, 1, 0, 0, 1, 0, 0]"
vietnam court sentences to death petrovietnam ex-chairman in mass trial,0,0,[],"[0, 0, 0, 0, 0, 0, 0, 0, 0, 0]"
franken's bold claim about sessions could change everything,1,1,"[0, 0, 0, 0, 0, 1, 1, 0, 0, 0]","[1, 1, 0, 0, 0, 0, 0, 1, 0, 0]"
turkey says iraqi kurdish offer to suspend independence drive insufficient,0,0,[],"[0, 0, 0, 0, 0, 0, 0, 0, 0, 0]"
mexican prosecutor says he was unjustly fired as graft dispute brews,0,0,[],"[0, 0, 0, 0, 0, 0, 0, 0, 0, 0]"
germany's significant expectations from the u.s. on european commitment,1,0,"[0, 1, 0, 0, 0, 0, 0, 0, 0, 0]","[0, 0, 0, 0, 0, 0, 0, 0, 0, 0]"
trump's sudden change sparks outrage over russia relations,1,1,"[0, 0, 1, 0, 0, 0, 0, 0, 0, 0]","[0, 0, 1, 1, 0, 0, 0, 0, 0, 0]"
xi urges france to take action on north korea now,1,0,"[0, 0, 0, 0, 0, 0, 1, 0, 0, 0]","[0, 0, 0, 0, 0, 0, 0, 0, 0, 0]"
malaysia arrests seven suspected of involvement with abu sayyaf militant group,0,0,[],"[0, 0, 0, 0, 0, 0, 0, 0, 0, 0]"
trump reveals how the british eu exit could be the top campaign strategy,1,1,"[0, 0, 0, 0, 1, 0, 0, 0, 0, 0]","[0, 0, 0, 1, 1, 0, 0, 0, 1, 0]"
european states push u.s. for detailed middle east peace proposals,0,0,[],"[0, 0, 0, 0, 0, 0, 0, 0, 0, 0]"
the shocking details behind the kabul blast claimed by isis,1,1,"[0, 0, 0, 1, 0, 0, 0, 0, 0, 0]","[1, 1, 1, 0, 0, 0, 0, 0, 0, 0]"
iran denies u.s. accusation of destabilizing the region,0,0,[],"[0, 0, 0, 0, 0, 0, 0, 0, 0, 0]"
u.s. tells schools to give transgender students bathroom rights,0,0,[],"[0, 0, 0, 0, 0, 0, 0, 0, 0, 0]"
what remains unclear about mattis's stance on u.s. military policy in syria,1,1,"[1, 0, 1, 0, 0, 0, 0, 1, 0, 0]","[1, 0, 0, 0, 0, 0, 0, 1, 0, 1]"
the shocking details about putin's dinner with michael flynn you didn't know,1,1,"[0, 0, 1, 0, 1, 0, 1, 0, 0, 0]","[1, 0, 0, 1, 0, 0, 1, 0, 0, 0]"
iraq says will stay clear of u.s.-iran tensions,0,0,[],"[0, 0, 0, 0, 0, 0, 0, 0, 0, 0]"
"u.s., israel quit u.n. heritage agency citing bias",0,0,[],"[0, 0, 0, 0, 0, 0, 0, 0, 0, 0]"
hungarians take walking tour to overcome fears of muslims,0,0,[],"[0, 0, 0, 0, 0, 0, 0, 0, 0, 0]"
congressional office to release house healthcare bill analysis may 24,0,0,[],"[0, 0, 0, 0, 0, 0, 0, 0, 0, 0]"
"indonesia considers ban on ""destructive"" lgbt-related tv content",0,0,[],"[0, 0, 0, 0, 0, 0, 0, 0, 0, 0]"
britain's queen elizabeth bows out of remembrance wreath-laying ceremony,0,0,[],"[0, 0, 0, 0, 0, 0, 0, 0, 0, 0]"
nigeria ngos slam civil society bill as grave threat to freedoms,0,0,[],"[0, 0, 0, 0, 0, 0, 0, 0, 0, 0]"
"white house downplays charlottesville comments from tillerson, cohn",0,0,[],"[0, 0, 0, 0, 0, 0, 0, 0, 0, 0]"
republican senate leader to hold healthcare vote within hours,0,0,[],"[0, 0, 0, 0, 0, 0, 0, 0, 0, 0]"
top facts about the fbi's support for the cia on russian hacking motives,1,0,"[0, 0, 0, 0, 1, 0, 0, 0, 0, 0]","[0, 0, 0, 0, 0, 0, 0, 0, 0, 0]"
kremlin says unaware of u.s. attorney general's meetings with russian envoy,0,0,[],"[0, 0, 0, 0, 0, 0, 0, 0, 0, 0]"
"syrian army, allies 3 km from deir al-zor enclave: state tv",0,0,[],"[0, 0, 0, 0, 0, 0, 0, 0, 0, 0]"
u.s. says air strikes in somalia kill six al shabaab fighters,0,0,[],"[0, 0, 0, 0, 0, 0, 0, 0, 0, 0]"
what happens next with the comey recordings,1,1,"[1, 0, 0, 0, 0, 0, 0, 0, 0, 0]","[0, 0, 0, 0, 0, 0, 0, 1, 0, 1]"
chinese report says south china sea islands expanded 'reasonably',0,0,[],"[0, 0, 0, 0, 0, 0, 0, 0, 0, 0]"
u.s. agency seeks ideas for trump's proposed border wall,0,0,[],"[0, 0, 0, 0, 0, 0, 0, 0, 0, 0]"
anti-trump protesters block arizona road; march in new york,0,0,[],"[0, 0, 0, 0, 0, 0, 0, 0, 0, 0]"
trump hints at a dramatic revelation regarding wiretap claims,1,1,"[0, 1, 0, 0, 0, 1, 0, 0, 0, 0]","[1, 1, 0, 1, 0, 0, 0, 0, 0, 0]"
the white house’s surprising defense of deportations amidst complaints,1,1,"[0, 0, 0, 0, 0, 1, 0, 1, 0, 0]","[0, 0, 0, 1, 0, 0, 0, 0, 1, 0]"
what happens next in the raqqa fight? a field commander reveals all,1,1,"[1, 0, 0, 0, 0, 0, 0, 1, 0, 1]","[1, 0, 0, 0, 0, 0, 0, 1, 0, 1]"
the unexpected twist as ukraine employs longer-range missiles for the first time,1,1,"[1, 0, 0, 0, 0, 0, 0, 0, 1, 1]","[0, 0, 0, 1, 1, 0, 0, 0, 0, 0]"
planned meeting of tpp leaders at apec summit did not happen: officials,0,0,[],"[0, 0, 0, 0, 0, 0, 0, 0, 0, 0]"
these men from boston are behind a shocking trump-related crime,1,1,"[0, 0, 0, 0, 0, 1, 0, 0, 0, 0]","[1, 0, 1, 0, 0, 1, 0, 0, 0, 0]"
the incredible rise of fleetwood in the uae is a story you can't miss,1,1,"[0, 1, 0, 0, 0, 0, 1, 0, 1, 0]","[0, 1, 0, 1, 0, 0, 1, 0, 0, 0]"
you won’t believe what the u.s. has planned for nafta,1,1,"[1, 0, 0, 0, 0, 0, 1, 0, 1, 0]","[1, 0, 0, 1, 0, 0, 1, 0, 0, 0]"
german spy agencies want right to destroy stolen data and 'hack back',0,0,[],"[0, 0, 0, 0, 0, 0, 0, 0, 0, 0]"
trump's attack on senator gillibrand 'nasty': senator schumer,0,0,[],"[0, 0, 0, 0, 0, 0, 0, 0, 0, 0]"
"republicans, obama immigration chief clash over criminal immigrants",0,0,[],"[0, 0, 0, 0, 0, 0, 0, 0, 0, 0]"
cuba holds municipal elections on road to castro era’s end,0,0,[],"[0, 0, 0, 0, 0, 0, 0, 0, 0, 0]"
puerto rico prepa's declines offer for fresh debt deal deadline,0,0,[],"[0, 0, 0, 0, 0, 0, 0, 0, 0, 0]"
"uzbekistan drops use of students, teachers, nurses as cotton-pickers: pm",0,0,[],"[0, 0, 0, 0, 0, 0, 0, 0, 0, 0]"
the shocking decision by the colorado judge on voting time,1,1,"[0, 0, 0, 0, 1, 1, 0, 0, 0, 0]","[0, 0, 1, 0, 0, 0, 0, 0, 0, 0]"
what you need to know about the upcoming supreme court hearing,1,1,"[0, 0, 0, 0, 0, 0, 1, 0, 0, 0]","[1, 0, 0, 0, 0, 0, 1, 0, 0, 0]"
"top reasons the eu must rediscover unity for its future, says pope",1,1,"[1, 0, 0, 0, 1, 0, 0, 0, 0, 0]","[1, 0, 0, 0, 1, 0, 0, 0, 0, 0]"
what remains hidden in china's strategic wins against trump,1,1,"[1, 0, 0, 1, 0, 0, 0, 0, 0, 0]","[1, 0, 0, 1, 0, 1, 0, 0, 0, 0]"
police use pepper spray to disperse protesters at trump's phoenix rally,0,0,[],"[0, 0, 0, 0, 0, 0, 0, 0, 0, 0]"
clinton reveals what remains hidden about trump's supreme court plans,1,1,"[1, 0, 0, 1, 0, 0, 0, 1, 0, 0]","[1, 0, 0, 0, 0, 0, 0, 0, 0, 0]"
japan's biggest warship to drill with u.s. carriers near korean peninsula,0,0,[],"[0, 0, 0, 0, 0, 0, 0, 0, 0, 0]"
something big is coming regarding u.s. trade agreements,1,1,"[0, 0, 0, 0, 0, 1, 0, 0, 0, 0]","[0, 1, 0, 0, 0, 1, 0, 1, 0, 0]"
russia's lavrov tells tillerson u.s. 'aggressive rhetoric' on korea unacceptable,0,0,[],"[0, 0, 0, 0, 0, 0, 0, 0, 0, 0]"
more germans detained in turkey: german foreign ministry,0,0,[],"[0, 0, 0, 0, 0, 0, 0, 0, 0, 0]"
why the u.n. is urging urgent action on myanmar and bangladesh,1,1,"[0, 0, 1, 0, 1, 0, 0, 0, 0, 1]","[1, 1, 0, 0, 0, 0, 0, 0, 0, 1]"
additional inspectors sent to florida's nuclear plants ahead of irma: nrc,0,0,[],"[0, 0, 0, 0, 0, 0, 0, 0, 0, 0]"
factbox: what to watch for at china's communist party congress,0,0,[],"[0, 0, 0, 0, 0, 0, 0, 0, 0, 0]"
outrage grows as joe praises trump's views on women,1,1,"[0, 0, 1, 0, 0, 0, 0, 0, 0, 0]","[0, 1, 1, 0, 0, 0, 0, 0, 1, 0]"
white house biofuels order would include incentives for ethanol: source,0,0,[],"[0, 0, 0, 0, 0, 0, 0, 0, 0, 0]"
what does mattis's commitment to fight the islamic state in syria reveal about future plans,1,1,"[0, 0, 1, 0, 0, 0, 0, 0, 0, 0]","[1, 0, 0, 0, 0, 0, 0, 1, 0, 1]"
rivals of incumbent seek to sway czech policy towards west in presidential election,0,0,[],"[0, 0, 0, 0, 0, 0, 0, 0, 0, 0]"
fbi director search: back to drawing board for trump team?,0,1,[],"[0, 0, 0, 0, 0, 0, 0, 1, 0, 1]"
ex-f.b.i. lawyer who criticized trump says bureau failed to warn her about stalker,0,0,[],"[0, 0, 0, 0, 0, 0, 0, 0, 0, 0]"
unprecedented rise in uk terrorism arrests after shocking attacks,1,0,"[1, 1, 0, 0, 1, 0, 0, 0, 0, 0]","[0, 0, 0, 0, 0, 0, 0, 0, 0, 0]"
why you should care about the deadly ambush on aid workers in nigeria,1,1,"[0, 0, 0, 0, 0, 0, 1, 0, 1, 0]","[0, 0, 0, 1, 0, 0, 1, 0, 0, 1]"
the concern over trump's policy shifts that the state department isn’t addressing,1,1,"[1, 0, 1, 0, 0, 0, 0, 0, 0, 1]","[1, 0, 1, 0, 0, 0, 0, 0, 0, 0]"
carson's surprising decision to lead housing under trump revealed,1,1,"[0, 0, 0, 1, 0, 0, 1, 0, 0, 0]","[1, 0, 0, 1, 0, 0, 0, 0, 1, 0]"
qatar's new law hides shocking truths about domestic workers,1,1,"[0, 0, 0, 0, 1, 1, 0, 0, 0, 0]","[1, 1, 1, 0, 0, 0, 0, 0, 0, 0]"
surprising twist as senator flake remains undecided on tax bill,1,1,"[0, 0, 0, 1, 0, 0, 0, 0, 0, 0]","[0, 0, 0, 1, 0, 0, 0, 1, 0, 0]"
this major corruption case could change everything,1,1,"[0, 1, 0, 0, 1, 0, 0, 0, 1, 0]","[0, 1, 0, 1, 0, 1, 0, 0, 0, 0]"
what happens next with greece's f-16 jet deal remains unclear,1,0,"[0, 0, 0, 0, 0, 0, 0, 1, 0, 0]","[0, 0, 0, 0, 0, 0, 0, 0, 0, 0]"
"greek guerrilla group assassin given jail leave, triggering row",0,0,[],"[0, 0, 0, 0, 0, 0, 0, 0, 0, 0]"
"two ex-trump aides charged in russia probe, third pleads guilty",0,0,[],"[0, 0, 0, 0, 0, 0, 0, 0, 0, 0]"
key house lawmaker sees progress allaying tax deduction concerns: fox,0,0,[],"[0, 0, 0, 0, 0, 0, 0, 0, 0, 0]"
irish foreign minister says brexit border breakthrough possible on monday,0,0,[],"[0, 0, 0, 0, 0, 0, 0, 0, 0, 0]"
egypt detains 29 people on suspicion of espionage for turkey,0,0,[],"[0, 0, 0, 0, 0, 0, 0, 0, 0, 0]"
outrage as liberian court pauses election amid shocking fraud allegations,1,1,"[0, 1, 1, 0, 0, 0, 0, 0, 0, 0]","[0, 0, 1, 1, 0, 0, 0, 0, 0, 0]"
india defends ties with north korea in talks with tillerson,0,0,[],"[0, 0, 0, 0, 0, 0, 0, 0, 0, 0]"
"after return home, former egypt premier says still mulling election bid",0,0,[],"[0, 0, 0, 0, 0, 0, 0, 0, 0, 0]"
"trump, anti-trump forces start florida ad battle",0,0,[],"[0, 0, 0, 0, 0, 0, 0, 0, 0, 0]"
senate quickens pace of approving trump judicial picks,0,0,[],"[0, 0, 0, 0, 0, 0, 0, 0, 0, 0]"
trump campaign adviser clovis withdraws from consideration for administration post,0,0,[],"[0, 0, 0, 0, 0, 0, 0, 0, 0, 0]"
china's future actions could warrant forex manipulator label: treasury nominee,0,0,[],"[0, 0, 0, 0, 0, 0, 0, 0, 0, 0]"
u.n. to vote monday on call for u.s. jerusalem decision to be withdrawn,0,0,[],"[0, 0, 0, 0, 0, 0, 0, 0, 0, 0]"
appeals court delays release of nj's 'bridgegate' co-conspirators list,0,0,[],"[0, 0, 0, 0, 0, 0, 0, 0, 0, 0]"
house of representatives reignites gun-control debate with planned vote,0,0,[],"[0, 0, 0, 0, 0, 0, 0, 0, 0, 0]"
you won't believe what happens during the u.s. drill with three carriers,1,1,"[0, 0, 0, 0, 0, 0, 1, 0, 1, 0]","[1, 0, 0, 1, 0, 0, 1, 0, 0, 0]"
what this proposal for euro zone integration could mean for the eu's future,1,1,"[0, 0, 0, 1, 0, 1, 0, 0, 0, 0]","[1, 0, 0, 0, 0, 0, 0, 1, 0, 1]"
thomas ends decade of self-imposed silence at supreme court,0,0,[],"[0, 0, 0, 0, 0, 0, 0, 0, 0, 0]"
trump taps fifth third lawyer mcwilliams to lead fdic,0,0,[],"[0, 0, 0, 0, 0, 0, 0, 0, 0, 0]"
clinton's top confrontations with fbi director revealed,1,1,"[0, 0, 0, 0, 1, 0, 0, 0, 0, 0]","[0, 0, 0, 1, 1, 0, 0, 0, 0, 0]"
why china is alarmed by north korea’s missile threats,1,0,"[0, 0, 1, 0, 0, 0, 0, 0, 1, 0]","[0, 0, 0, 0, 0, 0, 0, 0, 0, 0]"
what remains hidden about tillerson's upcoming nato meeting,1,1,"[1, 0, 0, 0, 0, 0, 0, 0, 1, 0]","[1, 0, 0, 0, 0, 0, 0, 0, 0, 0]"
"german coalition talks are at a standstill, leaving many in uncertainty",1,0,"[0, 0, 1, 0, 0, 0, 1, 0, 0, 0]","[0, 0, 0, 0, 0, 0, 0, 0, 0, 0]"
could this unexpected trend in u.s. visas signal deeper issues?,1,1,"[0, 1, 0, 0, 0, 0, 0, 0, 1, 1]","[0, 0, 0, 1, 0, 1, 0, 0, 0, 1]"
new york protesters camp out at goldman sachs to oppose trump,0,0,[],"[0, 0, 0, 0, 0, 0, 0, 0, 0, 0]"
the surprising lead of the national party in new zealand polls,1,0,"[0, 1, 0, 0, 0, 0, 0, 0, 0, 0]","[0, 0, 0, 0, 0, 0, 0, 0, 0, 0]"
russia sanctions should be phased out if ukraine ceasefire holds: germany's gabriel,0,0,[],"[0, 0, 0, 0, 0, 0, 0, 0, 0, 0]"
"french pm shrugs off labor protests, truckers call strike",0,0,[],"[0, 0, 0, 0, 0, 0, 0, 0, 0, 0]"
the top 5 moments from trump's first 100 days on twitter,1,0,"[0, 0, 0, 0, 1, 0, 0, 1, 1, 0]","[0, 0, 0, 0, 0, 0, 0, 0, 0, 0]"
iran promises 'crushing' response if u.s. designates guards a terrorist group,0,0,[],"[0, 0, 0, 0, 0, 0, 0, 0, 0, 0]"
trump's promise at nato: a crucial battle against terrorism,1,0,"[0, 0, 0, 0, 0, 0, 0, 1, 0, 0]","[0, 0, 0, 0, 0, 0, 0, 0, 0, 0]"
the shocking truth behind trump's legal bill funding sources,1,1,"[0, 0, 0, 1, 0, 0, 0, 0, 0, 0]","[1, 0, 0, 1, 0, 0, 0, 0, 0, 0]"
what this new hope for cuba means for its future,1,1,"[0, 0, 0, 0, 0, 1, 0, 0, 0, 0]","[1, 0, 1, 0, 0, 0, 0, 0, 0, 1]"
"saudi king, turkish president discuss regional developments after u.s. embassy move decision: agency",0,0,[],"[0, 0, 0, 0, 0, 0, 0, 0, 0, 0]"
major ethics reminder from state department following trump posts,1,0,"[0, 1, 0, 1, 0, 0, 0, 0, 0, 0]","[0, 0, 0, 0, 0, 0, 0, 0, 0, 0]"
the most crucial inspections at florida's nuclear plants before irma,1,0,"[0, 0, 0, 0, 1, 1, 0, 0, 0, 0]","[0, 0, 0, 0, 0, 0, 0, 0, 0, 0]"
two danish journalists wounded in islamist knife attack in gabon,0,0,[],"[0, 0, 0, 0, 0, 0, 0, 0, 0, 0]"
iraqi forces complete kirkuk province takeover after clashes with kurds,0,0,[],"[0, 0, 0, 0, 0, 0, 0, 0, 0, 0]"
outrage grows as trump and cruz’s feud reaches new heights,1,1,"[0, 0, 0, 1, 0, 0, 1, 0, 0, 0]","[0, 1, 1, 0, 0, 0, 0, 0, 0, 0]"
iraqi forces capture akkas gas field from islamic state: minister,0,0,[],"[0, 0, 0, 0, 0, 0, 0, 0, 0, 0]"
trump's top priorities for improving u.s.-china relations revealed,1,0,"[1, 0, 0, 0, 1, 0, 1, 0, 0, 0]","[0, 0, 0, 0, 0, 0, 0, 0, 0, 0]"
eu says irish to have final say as brexit border deadline looms,0,0,[],"[0, 0, 0, 0, 0, 0, 0, 0, 0, 0]"
melania trump hails 'empowerment of women' at saudi company visit,0,0,[],"[0, 0, 0, 0, 0, 0, 0, 0, 0, 0]"
trump tells middle east to 'drive out' islamist extremists,0,0,[],"[0, 0, 0, 0, 0, 0, 0, 0, 0, 0]"
what you don’t see in the world of undercover israeli agents,1,1,"[1, 0, 0, 1, 0, 0, 0, 0, 1, 0]","[1, 0, 0, 0, 0, 0, 1, 0, 0, 0]"
what happens next after 42 soldiers' guilty verdict in erdogan case,1,1,"[1, 0, 0, 0, 1, 0, 0, 0, 0, 1]","[0, 0, 0, 0, 0, 0, 0, 1, 0, 1]"
you won’t believe what germany says about migrant rulings,1,1,"[0, 0, 0, 1, 0, 0, 0, 0, 0, 1]","[1, 0, 0, 1, 0, 0, 1, 0, 0, 0]"
presidential debate could score super bowl-sized audience,0,0,[],"[0, 0, 0, 0, 0, 0, 0, 0, 0, 0]"
what remains hidden in malaysia's summons of myanmar ambassador,1,1,"[1, 1, 0, 0, 0, 0, 1, 0, 0, 0]","[1, 0, 0, 0, 0, 0, 0, 0, 0, 1]"
russia says critically injures ex-qaeda leader in syria; group denies,0,0,[],"[0, 0, 0, 0, 0, 0, 0, 0, 0, 0]"
will the dodd-frank overhaul be a top priority for lawmakers in 2017,1,0,"[0, 0, 0, 0, 1, 0, 1, 0, 0, 1]","[0, 0, 0, 0, 0, 0, 0, 0, 0, 0]"
trump's upcoming meeting with leaders could reshape global politics,1,1,"[0, 1, 0, 1, 0, 1, 0, 0, 0, 0]","[0, 1, 0, 1, 0, 0, 0, 1, 0, 0]"
what trump isn't telling you about bringing back u.s. jobs,1,1,"[0, 0, 1, 0, 0, 1, 0, 0, 1, 0]","[1, 0, 0, 0, 0, 1, 1, 0, 0, 0]"
exclusive: germany wants more eu sanctions on russia over siemens crimea turbines - sources,0,0,[],"[0, 0, 0, 0, 0, 0, 0, 0, 0, 0]"
"uk has reservations about diplomatic protection for jailed aid worker in iran, husband says",0,0,[],"[0, 0, 0, 0, 0, 0, 0, 0, 0, 0]"
russians steal research on trump in hack of u.s. democratic party,0,0,[],"[0, 0, 0, 0, 0, 0, 0, 0, 0, 0]"
what remains hidden in nigeria's request for gear to fight islamists,1,1,"[0, 0, 1, 0, 0, 0, 0, 1, 0, 0]","[1, 0, 0, 0, 0, 0, 0, 0, 0, 0]"
what remains hidden about u.s. commitment to nato and security,1,1,"[1, 0, 0, 0, 0, 0, 0, 0, 1, 0]","[1, 0, 0, 0, 0, 0, 0, 0, 0, 0]"
warren's relentless attack on trump is set to escalate dramatically,1,1,"[0, 1, 0, 1, 0, 0, 0, 0, 0, 0]","[0, 1, 0, 1, 0, 0, 0, 1, 0, 0]"
california bill to fight fashion models' eating disorders advances,0,0,[],"[0, 0, 0, 0, 0, 0, 0, 0, 0, 0]"
clinton: senate should consider obama's high court pick 'immediately',0,0,[],"[0, 0, 0, 0, 0, 0, 0, 0, 0, 0]"
supreme court standoff looms over republicans' senate defense,0,0,[],"[0, 0, 0, 0, 0, 0, 0, 0, 0, 0]"
"some officials worry about briefing trump, fearing spilled secrets",0,0,[],"[0, 0, 0, 0, 0, 0, 0, 0, 0, 0]"
factbox: some 1.5 million still without power in u.s. southeast after irma,0,0,[],"[0, 0, 0, 0, 0, 0, 0, 0, 0, 0]"
planned parenthood sues ohio over plan to restrict funds,0,0,[],"[0, 0, 0, 0, 0, 0, 0, 0, 0, 0]"
the major voting rule changes that could emerge from the trump probe,1,1,"[1, 1, 1, 0, 0, 0, 0, 0, 0, 0]","[0, 1, 0, 1, 0, 0, 0, 0, 0, 0]"
the shocking truth about the afghanistan troop surge you need to know,1,1,"[0, 0, 1, 0, 0, 0, 0, 0, 0, 0]","[1, 0, 0, 1, 0, 0, 1, 0, 0, 0]"
tens of thousands march for abortion rights in ireland,0,0,[],"[0, 0, 0, 0, 0, 0, 0, 0, 0, 0]"
top strategies macron and unions are using in their reform battle,1,0,"[0, 0, 0, 0, 1, 0, 0, 0, 1, 0]","[0, 0, 0, 0, 0, 0, 0, 0, 0, 0]"
"trump declares obamacare 'dead,' urges democratic help for short-term fix",0,0,[],"[0, 0, 0, 0, 0, 0, 0, 0, 0, 0]"
republican meadows: tax plan does not have to be revenue neutral,0,0,[],"[0, 0, 0, 0, 0, 0, 0, 0, 0, 0]"
germany issues arrest warrant against syrian bomb plot suspect,0,0,[],"[0, 0, 0, 0, 0, 0, 0, 0, 0, 0]"
this detail about van niekerk's journey to the final is surprising,1,1,"[1, 0, 0, 0, 0, 1, 0, 1, 0, 0]","[1, 0, 0, 0, 0, 1, 0, 0, 0, 0]"
"clinton condemns 'apparent terrorist attacks' in new jersey, new york, minnesota",0,0,[],"[0, 0, 0, 0, 0, 0, 0, 0, 0, 0]"
few expect trump's 15-percent corporate tax rate: deloitte survey,0,0,[],"[0, 0, 0, 0, 0, 0, 0, 0, 0, 0]"
trump's bold move: what you don't see in the u.s.-egypt talks,1,1,"[0, 0, 0, 0, 0, 0, 1, 0, 0, 0]","[1, 0, 0, 0, 0, 1, 1, 0, 0, 0]"
email leak may hurt democratic party chair's re-election bid,0,0,[],"[0, 0, 0, 0, 0, 0, 0, 0, 0, 0]"
pope urges skeptical colombians to accept peace with guerrillas,0,0,[],"[0, 0, 0, 0, 0, 0, 0, 0, 0, 0]"
the dramatic verdict in the priests' massacre case,1,1,"[0, 1, 0, 0, 0, 0, 0, 0, 0, 1]","[0, 1, 0, 1, 0, 0, 0, 0, 0, 0]"
"after threats, eu lawmakers seek 'protection' on malta visit",0,0,[],"[0, 0, 0, 0, 0, 0, 0, 0, 0, 0]"
this shocking move by vietnam during obama's visit will concern you,1,1,"[0, 1, 0, 0, 0, 1, 1, 0, 0, 0]","[0, 0, 1, 1, 0, 1, 0, 0, 0, 0]"
the unexpected strategy iraq is using for the final offensive on isis,1,1,"[0, 0, 0, 0, 0, 0, 0, 0, 1, 0]","[1, 1, 0, 1, 0, 0, 0, 0, 0, 0]"
czech election winner babis to seek minority government,0,0,[],"[0, 0, 0, 0, 0, 0, 0, 0, 0, 0]"
the surprising method turkey-backed rebels use to deal with jihadists,1,1,"[0, 1, 0, 0, 1, 0, 0, 0, 0, 0]","[1, 0, 0, 1, 0, 0, 0, 0, 1, 0]"
could putin's latest move on u.n. peacekeepers in ukraine lead to further tensions?,1,1,"[0, 0, 0, 0, 0, 0, 0, 0, 1, 1]","[0, 0, 0, 1, 0, 0, 0, 1, 0, 1]"
trump says to stop visa abuses that undermine u.s. workers,0,0,[],"[0, 0, 0, 0, 0, 0, 0, 0, 0, 0]"
trump to receive multiple options on iran nuclear deal: tillerson,0,0,[],"[0, 0, 0, 0, 0, 0, 0, 0, 0, 0]"
extremes of devotion mark last goodbye to thai king,0,0,[],"[0, 0, 0, 0, 0, 0, 0, 0, 0, 0]"
what remains hidden about the texas official's retirement over planned parenthood cuts,1,1,"[1, 1, 0, 0, 0, 0, 0, 0, 0, 0]","[1, 0, 0, 0, 0, 0, 0, 0, 0, 0]"
what you don’t see in trump and yellen’s surprising partnership,1,1,"[1, 0, 0, 0, 0, 0, 0, 0, 0, 0]","[1, 0, 0, 0, 0, 0, 1, 0, 1, 0]"
"czech vote winner babis wants active eu role, not favoring government with extremists",0,0,[],"[0, 0, 0, 0, 0, 0, 0, 0, 0, 0]"
mount fuji view to be blocked in bid to deter tourists,0,0,[],"[0, 0, 0, 0, 0, 0, 0, 0, 0, 0]"
the top reasons senator kirk wants a vote on the nominee,1,1,"[0, 0, 0, 0, 1, 1, 0, 0, 0, 0]","[0, 0, 0, 0, 1, 0, 0, 0, 0, 0]"
ex-california lawmaker to plead guilty in corruption case: prosecutors,0,0,[],"[0, 0, 0, 0, 0, 0, 0, 0, 0, 0]"
"trump epa pick expresses doubts on climate, defends oil industry funding",0,0,[],"[0, 0, 0, 0, 0, 0, 0, 0, 0, 0]"
the shocking details behind four breitbart journalists' resignations,1,1,"[0, 0, 1, 0, 1, 0, 0, 0, 1, 0]","[1, 0, 0, 1, 0, 0, 0, 0, 0, 0]"
macron says not in french interests for german coalition talks to stall,0,0,[],"[0, 0, 0, 0, 0, 0, 0, 0, 0, 0]"
tillerson calls mexico long-standing friend of united states,0,0,[],"[0, 0, 0, 0, 0, 0, 0, 0, 0, 0]"
"in trump/clinton face-off on monday, winning over women will be key",0,0,[],"[0, 0, 0, 0, 0, 0, 0, 0, 0, 0]"
you won't believe the major progress on tax deductions happening now,1,1,"[0, 1, 0, 0, 0, 0, 1, 0, 0, 0]","[1, 1, 0, 0, 0, 0, 1, 0, 0, 0]"
some middle-class americans worry trump health subsidies cut will hurt,0,0,[],"[0, 0, 0, 0, 0, 0, 0, 0, 0, 0]"
western push at u.n. to boost backing for syria gas attack inquiry,0,0,[],"[0, 0, 0, 0, 0, 0, 0, 0, 0, 0]"
juncker says catalan split would lead to splintering eu,0,0,[],"[0, 0, 0, 0, 0, 0, 0, 0, 0, 0]"
what remains hidden in putin's meeting with assad for syria peace,1,1,"[1, 0, 0, 0, 0, 1, 1, 0, 0, 0]","[1, 0, 0, 0, 0, 0, 0, 0, 0, 1]"
why are trump's critics actually uniting europeans,1,1,"[0, 0, 1, 0, 0, 1, 0, 0, 0, 0]","[0, 0, 0, 0, 0, 0, 0, 0, 1, 1]"
pope says humanity will 'go down' if it does not address climate change,0,0,[],"[0, 0, 0, 0, 0, 0, 0, 0, 0, 0]"
"france was informed of syria strikes, says russia should heed u.s. 'warning'",0,0,[],"[0, 0, 0, 0, 0, 0, 0, 0, 0, 0]"
six farmers killed in apparent land dispute in peru's amazon,0,0,[],"[0, 0, 0, 0, 0, 0, 0, 0, 0, 0]"
the shocking truth about the jailed gold trader's condition in turkey,1,1,"[0, 0, 1, 1, 0, 0, 0, 0, 1, 0]","[1, 0, 1, 0, 0, 0, 0, 0, 0, 0]"
this debate promises unprecedented audience engagement,1,1,"[0, 0, 0, 1, 0, 0, 0, 0, 0, 0]","[0, 1, 0, 0, 0, 1, 0, 0, 0, 0]"
house lawmaker seeks more documents in fda criminal office inquiry,0,0,[],"[0, 0, 0, 0, 0, 0, 0, 0, 0, 0]"
"house republicans launch probes of clinton emails decision, uranium deal",0,0,[],"[0, 0, 0, 0, 0, 0, 0, 0, 0, 0]"
the unexpected link between trump's appointment and national crisis,1,1,"[0, 0, 0, 0, 0, 0, 0, 0, 1, 0]","[0, 0, 0, 1, 0, 0, 0, 0, 1, 0]"
white house says congress has no reason to wait until after nov election to take up tpp,0,0,[],"[0, 0, 0, 0, 0, 0, 0, 0, 0, 0]"
rubio picks outgoing devon executive to oversee energy policy issues,0,0,[],"[0, 0, 0, 0, 0, 0, 0, 0, 0, 0]"
what is the hidden reason behind the u.s. military opting out of exercises,1,1,"[1, 0, 0, 0, 0, 0, 0, 0, 0, 0]","[1, 0, 0, 0, 0, 0, 0, 0, 0, 1]"
the surprising differences in ryan's security agenda compared to trump,1,1,"[0, 0, 0, 0, 1, 1, 0, 0, 0, 0]","[0, 0, 0, 1, 0, 0, 0, 0, 1, 0]"
could congress save the white house after a major healthcare flop,1,1,"[0, 1, 0, 0, 1, 0, 0, 0, 0, 1]","[0, 1, 0, 0, 0, 0, 0, 1, 0, 1]"
trump's decision on cohn could change the tax reform landscape,1,0,"[1, 0, 0, 0, 0, 0, 1, 0, 0, 0]","[0, 0, 0, 0, 0, 0, 0, 0, 0, 0]"
ireland might consider adding to brexit border text: irish times,0,0,[],"[0, 0, 0, 0, 0, 0, 0, 0, 0, 0]"
brazilians toil for gold in illegal amazon mines,0,0,[],"[0, 0, 0, 0, 0, 0, 0, 0, 0, 0]"
merkel says fight against terrorism no excuse for u.s. entry ban,0,0,[],"[0, 0, 0, 0, 0, 0, 0, 0, 0, 0]"
yes he can: 'clever boy' obama returns to indonesia for family vacation,0,1,[],"[0, 0, 0, 1, 0, 0, 0, 0, 1, 0]"
the unexpected details from biden's crucial meeting with pm abadi,1,1,"[0, 1, 0, 0, 0, 0, 0, 0, 1, 1]","[1, 1, 0, 0, 0, 0, 0, 0, 0, 0]"
house intelligence chief has seen no evidence to back trump wiretap charge,0,0,[],"[0, 0, 0, 0, 0, 0, 0, 0, 0, 0]"
trump's unexpected choice for army secretary raises many questions,1,1,"[1, 0, 0, 0, 0, 0, 1, 0, 0, 0]","[1, 0, 0, 1, 0, 0, 0, 1, 0, 0]"
the largest refugee crisis as thousands flee cameroon for nigeria,1,0,"[0, 0, 0, 1, 1, 0, 0, 0, 0, 0]","[0, 0, 0, 0, 0, 0, 0, 0, 0, 0]"
"amid south korea freeze, china says cultural exchanges take the temperature",0,0,[],"[0, 0, 0, 0, 0, 0, 0, 0, 0, 0]"
republican tax plan would let churches enter political fray,0,0,[],"[0, 0, 0, 0, 0, 0, 0, 0, 0, 0]"
what remains hidden about shafik's return to cairo,1,1,"[1, 0, 0, 0, 0, 0, 0, 0, 0, 0]","[1, 0, 0, 0, 0, 0, 0, 0, 0, 0]"
the devastating impact of hurricane irma that you need to see,1,1,"[0, 0, 0, 0, 1, 0, 0, 0, 0, 1]","[1, 1, 0, 0, 0, 0, 1, 0, 0, 0]"
the key details in trump's order halting the refugee program exposed,1,1,"[1, 1, 0, 0, 0, 0, 0, 0, 0, 0]","[1, 1, 0, 1, 0, 0, 0, 0, 0, 0]"
trump: special counsel appointment 'hurts our country terribly' - tv reports,0,0,[],"[0, 0, 0, 0, 0, 0, 0, 0, 0, 0]"
world bank sees no slowing in cambodia's strong growth,0,0,[],"[0, 0, 0, 0, 0, 0, 0, 0, 0, 0]"
u.s. democrats pressure republicans for bipartisan zika funding,0,0,[],"[0, 0, 0, 0, 0, 0, 0, 0, 0, 0]"
the surprising claims from biafra separatists that challenge the nigerian army,1,1,"[0, 1, 0, 0, 0, 1, 0, 0, 0, 1]","[1, 0, 0, 1, 0, 0, 0, 0, 0, 0]"
this new bill on iran sanctions could change everything,1,1,"[1, 1, 0, 0, 0, 1, 0, 0, 0, 0]","[0, 1, 0, 1, 0, 1, 0, 0, 0, 0]"
what this plan to privatize air traffic control means for you,1,1,"[0, 0, 0, 0, 0, 0, 1, 0, 0, 0]","[1, 0, 0, 0, 0, 1, 1, 0, 0, 0]"
putin: russia-u.s. ties may improve through joint fight against terror,0,0,[],"[0, 0, 0, 0, 0, 0, 0, 0, 0, 0]"
mexico's surprising move to recognize honduran president sparks outrage,1,1,"[0, 0, 1, 0, 0, 0, 0, 0, 1, 1]","[0, 0, 1, 1, 0, 0, 0, 0, 0, 0]"
putin says u.s. hacking scandal not in russia's interests,0,0,[],"[0, 0, 0, 0, 0, 0, 0, 0, 0, 0]"
trump's adviser issues a shocking warning about romney's potential role,1,1,"[0, 0, 1, 1, 0, 0, 0, 0, 0, 0]","[0, 1, 0, 1, 0, 0, 0, 0, 0, 0]"
u.s. plans to curb tax 'inversions' could hit foreign companies,0,0,[],"[0, 0, 0, 0, 0, 0, 0, 0, 0, 0]"
trudeau's bold stance on dairy: a significant move against trump,1,1,"[0, 1, 0, 0, 1, 0, 0, 0, 0, 0]","[0, 1, 0, 1, 0, 0, 0, 0, 1, 0]"
"u.n. rights boss sees possible ""crimes against humanity"" in venezuela",0,0,[],"[0, 0, 0, 0, 0, 0, 0, 0, 0, 0]"
this hidden concern of russia and china over u.s. missile defense,1,1,"[0, 0, 0, 0, 0, 1, 0, 0, 0, 0]","[1, 0, 1, 0, 0, 1, 0, 0, 0, 0]"
senate panel clears tillerson's path to be secretary of state,0,0,[],"[0, 0, 0, 0, 0, 0, 0, 0, 0, 0]"
what you don’t see in trump's memo on the transgender ban,1,1,"[1, 1, 0, 0, 0, 0, 0, 0, 0, 0]","[1, 0, 0, 0, 0, 0, 1, 0, 0, 0]"
merkel dismisses hecklers as polls point to fourth term,0,0,[],"[0, 0, 0, 0, 0, 0, 0, 0, 0, 0]"
who are the people behind the smear campaign? austria demands answers,1,1,"[0, 0, 0, 0, 0, 1, 0, 0, 0, 0]","[1, 0, 0, 0, 0, 1, 0, 0, 0, 1]"
you need to know why garland is obama's key supreme court choice,1,1,"[0, 0, 0, 1, 0, 0, 1, 0, 0, 0]","[1, 1, 0, 0, 0, 0, 1, 0, 0, 0]"
the unexpected consequences of iraqi forces taking control,1,1,"[0, 1, 1, 0, 0, 0, 0, 0, 1, 0]","[0, 0, 0, 1, 0, 0, 0, 0, 1, 0]"
the outcome remains unclear after u.n. chief's plea to iran president,1,0,"[0, 0, 0, 0, 0, 0, 0, 1, 0, 1]","[0, 0, 0, 0, 0, 0, 0, 0, 0, 0]"
rights groups ask china to stop detaining its critics,0,0,[],"[0, 0, 0, 0, 0, 0, 0, 0, 0, 0]"
who is the libyan fighter behind the deadly desert attack? details inside,1,1,"[0, 0, 0, 1, 0, 1, 0, 1, 0, 0]","[1, 0, 0, 1, 0, 0, 0, 0, 0, 1]"
presidential candidate clinton promises to prosecute police killers,0,0,[],"[0, 0, 0, 0, 0, 0, 0, 0, 0, 0]"
this detail about north korean missiles is causing great concern,1,1,"[1, 1, 1, 0, 0, 0, 0, 0, 0, 0]","[1, 1, 1, 0, 0, 0, 0, 0, 0, 0]"
you won't believe what the house tax chief says about obamacare,1,1,"[0, 0, 0, 1, 0, 0, 1, 1, 0, 0]","[1, 1, 0, 0, 0, 0, 1, 0, 0, 0]"
"tillerson to meet nato on march 31, ending no-show furor",0,0,[],"[0, 0, 0, 0, 0, 0, 0, 0, 0, 0]"
what remains hidden about trump's briefings that has officials worried,1,1,"[1, 0, 0, 0, 0, 0, 0, 0, 0, 1]","[1, 0, 1, 0, 0, 0, 0, 0, 0, 0]"
factbox: what's in trump's order halting refugee program,0,0,[],"[0, 0, 0, 0, 0, 0, 0, 0, 0, 0]"
what jpmorgan isn't telling you about sanders' claims,1,1,"[0, 0, 0, 0, 0, 0, 0, 0, 1, 0]","[1, 0, 0, 0, 0, 0, 1, 0, 0, 0]"
could political exclusion tear kenya apart? surprising insights revealed,1,1,"[0, 0, 0, 0, 0, 0, 0, 0, 1, 0]","[1, 0, 0, 0, 0, 0, 0, 1, 0, 1]"
outrage grows as hong kong leader says she won't blindly obey beijing's orders,1,0,"[0, 0, 1, 0, 0, 0, 0, 0, 1, 0]","[0, 0, 0, 0, 0, 0, 0, 0, 0, 0]"
you won’t believe the details of the uk's eu talks,1,1,"[0, 0, 0, 0, 0, 1, 1, 0, 0, 0]","[1, 0, 0, 1, 0, 0, 1, 0, 0, 0]"
sessions looking into special counsel for clinton issues: media reports,0,0,[],"[0, 0, 0, 0, 0, 0, 0, 0, 0, 0]"
republican senator wants democrats to testify on trump dossier,0,0,[],"[0, 0, 0, 0, 0, 0, 0, 0, 0, 0]"
the heartbreaking conclusion of the search for bodies in mexico city post-earthquake,1,1,"[0, 0, 0, 0, 1, 0, 0, 0, 0, 1]","[0, 0, 1, 1, 0, 0, 0, 0, 0, 0]"
trump's surprising return to the campaign trail is raising eyebrows,1,1,"[0, 0, 0, 0, 0, 0, 1, 0, 0, 0]","[1, 0, 0, 1, 0, 0, 0, 0, 0, 0]"
democrats ask judge to sanction republicans over trump,0,0,[],"[0, 0, 0, 0, 0, 0, 0, 0, 0, 0]"
shocking attack in puntland leaves seven dead and many questions,1,1,"[0, 1, 0, 0, 1, 1, 0, 0, 0, 0]","[1, 0, 1, 0, 0, 0, 0, 1, 0, 0]"
britain wants zimbabwe to rejoin international community: pm may,0,0,[],"[0, 0, 0, 0, 0, 0, 0, 0, 0, 0]"
the top challenges ireland faces in brexit talks,1,0,"[0, 0, 0, 0, 1, 0, 0, 0, 1, 1]","[0, 0, 0, 0, 0, 0, 0, 0, 0, 0]"
this unexpected coalition plan could reshape new zealand's political landscape,1,1,"[1, 0, 0, 0, 1, 0, 0, 0, 0, 0]","[0, 0, 0, 1, 0, 1, 0, 0, 0, 0]"
lebanon's parliament approves country's first budget since 2005,0,0,[],"[0, 0, 0, 0, 0, 0, 0, 0, 0, 0]"
syrian army encircles is in al-mayadin: syrian military source,0,0,[],"[0, 0, 0, 0, 0, 0, 0, 0, 0, 0]"
pope francis consulted psychoanalyst in 1970s: book,0,0,[],"[0, 0, 0, 0, 0, 0, 0, 0, 0, 0]"
british lawmakers debate banning trump after muslim comments,0,0,[],"[0, 0, 0, 0, 0, 0, 0, 0, 0, 0]"
rainbow raids: egypt launches its widest anti-gay crackdown yet,0,0,[],"[0, 0, 0, 0, 0, 0, 0, 0, 0, 0]"
baby saved from dead mother's womb in gaza dies,0,0,[],"[0, 0, 0, 0, 0, 0, 0, 0, 0, 0]"
what you don't know about medicare spending could surprise you,1,1,"[1, 0, 0, 0, 0, 0, 1, 0, 0, 0]","[1, 0, 1, 0, 0, 0, 1, 0, 0, 0]"
message from north korean missile over japan 'loud and clear': trump,0,0,[],"[0, 0, 0, 0, 0, 0, 0, 0, 0, 0]"
bulgaria's surprising move to transform russian mig fighter jets,1,1,"[0, 0, 0, 0, 0, 0, 0, 0, 1, 0]","[0, 0, 0, 1, 0, 0, 0, 0, 1, 0]"
this detail explains why german spd is losing support fast,1,1,"[1, 0, 0, 0, 0, 1, 0, 0, 0, 0]","[1, 0, 0, 0, 0, 1, 0, 0, 0, 0]"
obama tax inversion rules may overstep authority: u.s. lawmaker,0,0,[],"[0, 0, 0, 0, 0, 0, 0, 0, 0, 0]"
the shocking truth behind madagascar's plague outbreak,1,1,"[0, 0, 0, 1, 1, 1, 0, 0, 0, 0]","[1, 0, 1, 1, 0, 0, 0, 0, 0, 0]"
"global battery rollout doubled last year – but needs to be six times faster, says iea",0,0,[],"[0, 0, 0, 0, 0, 0, 0, 0, 0, 0]"
kurdistan supervisors begin counting votes in independence referendum,0,0,[],"[0, 0, 0, 0, 0, 0, 0, 0, 0, 0]"
pakistani government calls in army to help disperse islamist protesters,0,0,[],"[0, 0, 0, 0, 0, 0, 0, 0, 0, 0]"
labor dept proposes delaying new rule for financial advisers,0,0,[],"[0, 0, 0, 0, 0, 0, 0, 0, 0, 0]"
white house budget chief says any tax package would be retroactive,0,0,[],"[0, 0, 0, 0, 0, 0, 0, 0, 0, 0]"
connecticut governor malloy says he will not seek re-election in 2018,0,0,[],"[0, 0, 0, 0, 0, 0, 0, 0, 0, 0]"
putin links japan peace treaty to tokyo's alliances,0,0,[],"[0, 0, 0, 0, 0, 0, 0, 0, 0, 0]"
the unprecedented link between trump and kenya's election campaign,1,1,"[1, 1, 0, 0, 0, 0, 0, 0, 0, 0]","[0, 1, 0, 1, 0, 0, 0, 0, 1, 0]"
this surprising alliance in gun control may change everything,1,1,"[1, 0, 0, 0, 0, 0, 0, 0, 1, 0]","[1, 1, 0, 0, 0, 1, 0, 0, 0, 0]"
australia's shocking move to transfer asylum seekers revealed,1,1,"[0, 0, 0, 1, 0, 0, 0, 0, 1, 0]","[1, 1, 0, 1, 0, 0, 0, 0, 0, 0]"
what the white house revealed about the hostage situation,1,1,"[1, 0, 1, 0, 0, 0, 0, 1, 0, 0]","[1, 0, 0, 1, 0, 0, 0, 0, 0, 0]"
"in blustery call, trump pressured mexico on border wall payment",0,0,[],"[0, 0, 0, 0, 0, 0, 0, 0, 0, 0]"
seattle mayor drops re-election bid amid sex abuse accusations,0,0,[],"[0, 0, 0, 0, 0, 0, 0, 0, 0, 0]"
the alarming truth behind the deadly rains affecting east africa,1,1,"[0, 1, 1, 0, 0, 0, 0, 0, 1, 0]","[1, 1, 1, 0, 0, 0, 0, 0, 0, 0]"
"after yemeni air strike, little girl is family's only survivor",0,0,[],"[0, 0, 0, 0, 0, 0, 0, 0, 0, 0]"
save the children suspends migrant rescues in mediterranean,0,0,[],"[0, 0, 0, 0, 0, 0, 0, 0, 0, 0]"
republican trump releases healthcare proposals,0,0,[],"[0, 0, 0, 0, 0, 0, 0, 0, 0, 0]"
you won't believe the unexpected twist in trump's thanksgiving turkey pardon,1,1,"[1, 0, 1, 0, 0, 0, 0, 0, 1, 0]","[1, 0, 0, 1, 0, 0, 1, 0, 0, 0]"
michigan eyes state budget surplus for flint water costs,0,0,[],"[0, 0, 0, 0, 0, 0, 0, 0, 0, 0]"
hezbollah says kurdish vote a step toward wider mideast partition,0,0,[],"[0, 0, 0, 0, 0, 0, 0, 0, 0, 0]"
"singapore minister says he, and his colleagues, all prepared to become next pm if called upon",0,0,[],"[0, 0, 0, 0, 0, 0, 0, 0, 0, 0]"
"after healthcare flop, white house seeks help from congress on tax",0,0,[],"[0, 0, 0, 0, 0, 0, 0, 0, 0, 0]"
brazil's temer makes concessions to survive in office,0,0,[],"[0, 0, 0, 0, 0, 0, 0, 0, 0, 0]"
"'you were my guy,' trump told macron, french official says",0,0,[],"[0, 0, 0, 0, 0, 0, 0, 0, 0, 0]"
the shocking truth behind the doping allegations against russia,1,1,"[0, 1, 0, 0, 1, 0, 0, 0, 0, 0]","[1, 1, 0, 1, 0, 0, 0, 0, 0, 0]"
four republicans stand against the new healthcare draft,1,0,"[0, 0, 0, 0, 1, 0, 0, 1, 0, 0]","[0, 0, 0, 0, 0, 0, 0, 0, 0, 0]"
nato sounds alarm on banned russian missile system,0,0,[],"[0, 0, 0, 0, 0, 0, 0, 0, 0, 0]"
"detained ugandan journalists charged with libel, other offences",0,0,[],"[0, 0, 0, 0, 0, 0, 0, 0, 0, 0]"
trump reveals unprecedented options for handling north korea,1,1,"[0, 1, 0, 0, 0, 0, 0, 0, 0, 0]","[0, 1, 0, 1, 0, 0, 0, 0, 0, 0]"
danish police identify torso as missing submarine journalist,0,0,[],"[0, 0, 0, 0, 0, 0, 0, 0, 0, 0]"
u.s. senator raises questions about hospital operator uhs,0,0,[],"[0, 0, 0, 0, 0, 0, 0, 0, 0, 0]"
obama's dramatic push for a public health insurance option returns,1,0,"[0, 1, 0, 0, 0, 0, 0, 0, 0, 0]","[0, 0, 0, 0, 0, 0, 0, 0, 0, 0]"
catalan secessionists mull snap election as madrid hangs tough,0,0,[],"[0, 0, 0, 0, 0, 0, 0, 0, 0, 0]"
fear escalates as russia and north korea meet over nuclear crisis,1,0,"[0, 0, 1, 0, 0, 0, 0, 0, 0, 0]","[0, 0, 0, 0, 0, 0, 0, 0, 0, 0]"
nato to send more troops to afghanistan after u.s. shift,0,0,[],"[0, 0, 0, 0, 0, 0, 0, 0, 0, 0]"
china tells u.s. not to be a 'human rights judge' after sanctions on chinese official,0,0,[],"[0, 0, 0, 0, 0, 0, 0, 0, 0, 0]"
this report on south china sea islands raises serious concerns,1,1,"[0, 0, 1, 0, 0, 1, 0, 1, 0, 0]","[0, 0, 1, 0, 0, 1, 0, 0, 0, 0]"
you need to know what happened after the devastating car bomb in afghanistan,1,1,"[0, 0, 1, 0, 0, 0, 1, 1, 0, 0]","[1, 0, 0, 0, 0, 0, 1, 1, 0, 0]"
pakistan army pushed political role for militant-linked groups,0,0,[],"[0, 0, 0, 0, 0, 0, 0, 0, 0, 0]"
u.s. says identified target for sanctions over myanmar crackdown,0,0,[],"[0, 0, 0, 0, 0, 0, 0, 0, 0, 0]"
the dramatic move at the u.n. regarding syria's gas attack,1,1,"[0, 1, 0, 0, 0, 0, 1, 0, 0, 0]","[0, 1, 0, 1, 0, 0, 0, 0, 0, 0]"
"egypt's sisi says spoke to donald trump by telephone, congratulated him on win",0,0,[],"[0, 0, 0, 0, 0, 0, 0, 0, 0, 0]"
could this legal action against the security law change everything?,1,1,"[0, 0, 0, 0, 0, 0, 0, 0, 1, 1]","[0, 1, 0, 0, 0, 1, 0, 0, 0, 1]"
eu should take advantage of drop in migrant influx: oecd's gurria,0,0,[],"[0, 0, 0, 0, 0, 0, 0, 0, 0, 0]"
trump thanks putin for slashing u.s. diplomatic staff,0,0,[],"[0, 0, 0, 0, 0, 0, 0, 0, 0, 0]"
upgrade with a dab of tpp may be u.s. recipe for nafta revamp,0,0,[],"[0, 0, 0, 0, 0, 0, 0, 0, 0, 0]"
republican mcconnell holds out hope for obamacare repeal,0,0,[],"[0, 0, 0, 0, 0, 0, 0, 0, 0, 0]"
eu says understands aim of u.s. strikes in syria,0,0,[],"[0, 0, 0, 0, 0, 0, 0, 0, 0, 0]"
top reasons somalis are coming together to mourn,1,1,"[0, 0, 0, 0, 1, 0, 0, 0, 0, 0]","[0, 0, 1, 0, 1, 0, 0, 0, 0, 0]"
n.j. senator menendez seeks dismissal of corruption case,0,0,[],"[0, 0, 0, 0, 0, 0, 0, 0, 0, 0]"
top reasons why austria's far right is celebrating today,1,1,"[0, 0, 0, 0, 1, 0, 0, 0, 0, 0]","[1, 0, 1, 0, 1, 0, 0, 0, 0, 0]"
trump applauds senators for new healthcare reform bill,0,0,[],"[0, 0, 0, 0, 0, 0, 0, 0, 0, 0]"
australia's famed uluru outback monolith to be closed to climbers,0,0,[],"[0, 0, 0, 0, 0, 0, 0, 0, 0, 0]"
the outrage over trump's taco tweet that you need to know about,1,1,"[0, 0, 1, 0, 0, 0, 0, 0, 0, 0]","[1, 0, 1, 0, 0, 0, 1, 0, 0, 0]"
trump and netanyahu's meeting: the unexpected moments revealed,1,1,"[0, 0, 0, 0, 1, 0, 0, 0, 0, 1]","[1, 0, 0, 1, 0, 0, 0, 0, 0, 0]"
kremlin: u.s. embassy move to jerusalem may further worsen israel-palestinian relations,0,0,[],"[0, 0, 0, 0, 0, 0, 0, 0, 0, 0]"
zimbabwe war vets leader says mugabe will be impeached,0,0,[],"[0, 0, 0, 0, 0, 0, 0, 0, 0, 0]"
the unexpected twist in trump's visit to the philippines,1,1,"[0, 0, 0, 0, 0, 0, 0, 1, 0, 0]","[1, 0, 0, 1, 0, 0, 0, 0, 0, 0]"
the shocking threat by cambodia's pm against the opposition party,1,1,"[0, 0, 0, 0, 1, 1, 0, 1, 0, 0]","[0, 0, 1, 1, 0, 0, 0, 0, 0, 0]"
here's why syrian christian refugees are now a top priority,1,1,"[0, 0, 0, 0, 1, 0, 0, 0, 1, 0]","[1, 0, 0, 0, 1, 0, 0, 0, 0, 0]"
supreme court lets trump's latest travel ban go into full effect,0,0,[],"[0, 0, 0, 0, 0, 0, 0, 0, 0, 0]"
you need to know these risks of the kurdish referendum,1,1,"[0, 0, 0, 0, 1, 1, 1, 0, 0, 0]","[0, 0, 0, 0, 0, 1, 1, 0, 0, 0]"
trump pardons turkey in annual thanksgiving tradition,0,0,[],"[0, 0, 0, 0, 0, 0, 0, 0, 0, 0]"
could cruz and kasich's deal truly stop trump's momentum,1,1,"[0, 1, 0, 0, 0, 0, 0, 1, 0, 1]","[0, 0, 0, 0, 0, 0, 0, 1, 0, 1]"
iran's fierce response could spark outrage against the u.s.,1,1,"[0, 1, 1, 0, 0, 0, 1, 0, 0, 0]","[0, 0, 1, 1, 0, 0, 0, 0, 0, 0]"
u.s. senate's sensational vote on energy deal creates buzz,1,1,"[0, 0, 0, 1, 0, 0, 0, 0, 0, 0]","[0, 1, 0, 1, 0, 0, 0, 0, 0, 0]"
the final call from the device on the missing argentine submarine remains unclear,1,0,"[0, 0, 0, 0, 0, 0, 0, 1, 0, 0]","[0, 0, 0, 0, 0, 0, 0, 0, 0, 0]"
new jakarta governor faces backlash for racially tinged speech,0,0,[],"[0, 0, 0, 0, 0, 0, 0, 0, 0, 0]"
what you don't see behind u.s. companies' climate promises,1,1,"[1, 0, 0, 1, 0, 0, 0, 0, 1, 0]","[1, 0, 0, 0, 0, 0, 1, 0, 0, 0]"
east timor president says to swear in mari alkatiri as pm,0,0,[],"[0, 0, 0, 0, 0, 0, 0, 0, 0, 0]"
outrage as conservative groups push to dismantle climate programs in military,1,0,"[0, 0, 1, 1, 1, 0, 0, 0, 0, 0]","[0, 0, 0, 0, 0, 0, 0, 0, 0, 0]"
white house declines to say if trump has made decision on climate accord,0,0,[],"[0, 0, 0, 0, 0, 0, 0, 0, 0, 0]"
trump visits wounded u.s. service members at military hospital,0,0,[],"[0, 0, 0, 0, 0, 0, 0, 0, 0, 0]"
majority of u.s. senate backs disaster aid bill,0,0,[],"[0, 0, 0, 0, 0, 0, 0, 0, 0, 0]"
"tillerson to meet myanmar general, stress need to stop violence: state dept official",0,0,[],"[0, 0, 0, 0, 0, 0, 0, 0, 0, 0]"
lebanese army gets two a-29 light-attack aircraft from u.s.,0,0,[],"[0, 0, 0, 0, 0, 0, 0, 0, 0, 0]"
"trump health pick defends stocks, says americans won't lose insurance",0,0,[],"[0, 0, 0, 0, 0, 0, 0, 0, 0, 0]"
what this change means for the white house's image under trump,1,1,"[0, 0, 0, 0, 0, 1, 0, 0, 0, 0]","[1, 0, 0, 0, 0, 1, 0, 0, 0, 0]"
what you don’t see in trump’s obamacare timeline,1,1,"[1, 0, 0, 0, 0, 0, 0, 0, 0, 0]","[1, 0, 0, 0, 0, 0, 1, 0, 0, 0]"
russia's putin says obama administration does not stick to any deals,0,0,[],"[0, 0, 0, 0, 0, 0, 0, 0, 0, 0]"
"china takes action on thousands of websites for 'harmful', obscene content",0,0,[],"[0, 0, 0, 0, 0, 0, 0, 0, 0, 0]"
what you don’t know about americans' news preferences,1,1,"[0, 0, 0, 0, 1, 0, 0, 0, 1, 0]","[1, 0, 0, 0, 0, 0, 1, 0, 0, 0]"
the detail behind the epa nominee withdrawal that you missed,1,1,"[1, 0, 0, 0, 0, 0, 0, 0, 0, 0]","[1, 0, 0, 0, 0, 0, 1, 0, 0, 0]"
the suspense grows over the unresolved russia sanctions bill,1,1,"[0, 0, 0, 0, 0, 0, 0, 1, 0, 0]","[0, 0, 0, 1, 0, 0, 0, 1, 0, 0]"
could this rejection spark a bidding war in the mining industry,1,1,"[0, 0, 0, 0, 0, 0, 1, 0, 0, 0]","[0, 0, 0, 0, 0, 1, 0, 1, 0, 1]"
"in re-election bid, ohio senator keeps safe distance from trump",0,0,[],"[0, 0, 0, 0, 0, 0, 0, 0, 0, 0]"
dramatic new oversight for voice of america raises serious concerns,1,1,"[0, 1, 0, 0, 0, 0, 0, 0, 0, 0]","[0, 1, 1, 0, 0, 0, 0, 0, 0, 0]"
what's next for austria's far-right in coalition talks that you need to know,1,1,"[1, 0, 0, 0, 0, 0, 1, 1, 0, 0]","[1, 0, 0, 0, 0, 0, 0, 1, 0, 1]"
the shocking details behind battisti's arrest in brazil,1,1,"[0, 0, 0, 1, 0, 0, 0, 0, 1, 1]","[1, 1, 1, 0, 0, 0, 0, 0, 0, 0]"
australia to spend up to $195 million housing refugees after png detention center closes,0,0,[],"[0, 0, 0, 0, 0, 0, 0, 0, 0, 0]"
trump's refugee ban raises serious concerns for syrian lives,1,0,"[0, 0, 0, 0, 0, 0, 1, 0, 0, 0]","[0, 0, 0, 0, 0, 0, 0, 0, 0, 0]"
top questions lawmakers have for kushner in the russia investigation,1,0,"[0, 0, 0, 0, 1, 0, 0, 0, 0, 0]","[0, 0, 0, 0, 0, 0, 0, 0, 0, 0]"
the shocking military deals between philippines and russia,1,1,"[0, 0, 0, 1, 0, 1, 0, 0, 0, 0]","[0, 0, 1, 0, 0, 0, 0, 0, 1, 0]"
no evidence of russian interference in british votes: uk foreign minister,0,0,[],"[0, 0, 0, 0, 0, 0, 0, 0, 0, 0]"
exclusive: a new york hotel deal shows how some public pension funds help to enrich trump,0,1,[],"[1, 0, 0, 1, 0, 1, 0, 0, 0, 0]"
peru's prime minister skeptical about bill to expand anti-graft rules,0,0,[],"[0, 0, 0, 0, 0, 0, 0, 0, 0, 0]"
what does this failed challenge mean for the future of the alliance,1,1,"[0, 0, 1, 0, 0, 1, 0, 0, 0, 1]","[0, 0, 0, 0, 0, 1, 0, 1, 0, 1]"
what's next for ireland as brexit talks hit a critical point,1,1,"[0, 0, 0, 0, 0, 0, 0, 1, 0, 0]","[0, 1, 0, 0, 0, 0, 0, 1, 0, 1]"
top ways venezuela is helping cuba after the hurricane,1,1,"[1, 0, 0, 0, 1, 0, 0, 1, 0, 0]","[0, 0, 0, 0, 1, 0, 0, 0, 0, 0]"
what this push for stronger ties with india means for china,1,1,"[0, 1, 0, 0, 0, 1, 0, 1, 0, 0]","[1, 0, 0, 0, 0, 1, 0, 0, 0, 1]"
what congress did to avoid a shutdown this time,1,1,"[0, 0, 0, 0, 0, 0, 1, 0, 0, 1]","[1, 0, 0, 0, 0, 0, 0, 0, 0, 1]"
what's next for the ex-head of colorado republicans after voter fraud charges,1,1,"[0, 0, 0, 0, 0, 0, 1, 1, 0, 0]","[0, 0, 0, 0, 0, 0, 0, 1, 0, 1]"
n.y. times endorses clinton in white house race,0,0,[],"[0, 0, 0, 0, 0, 0, 0, 0, 0, 0]"
what chad's unexpected troop withdrawal from niger means for the fight against boko haram,1,0,"[1, 0, 0, 0, 0, 0, 0, 0, 0, 0]","[0, 0, 0, 0, 0, 0, 0, 0, 0, 0]"
hungary's fidesz prepares campaign against 'soros plan' for migrants,0,0,[],"[0, 0, 0, 0, 0, 0, 0, 0, 0, 0]"
what you didn’t know about trump's surprising navy secretary nominee,1,1,"[0, 0, 0, 0, 0, 0, 0, 0, 1, 1]","[1, 0, 0, 0, 0, 0, 1, 0, 0, 0]"
trump makes early move on restricting abortions around the world,0,0,[],"[0, 0, 0, 0, 0, 0, 0, 0, 0, 0]"
new czech government to seek confidence vote on january 10: pm,0,0,[],"[0, 0, 0, 0, 0, 0, 0, 0, 0, 0]"
why are u.s. lawmakers stuck in a deadlock over zika virus funds,1,0,"[0, 0, 0, 0, 0, 0, 0, 0, 0, 1]","[0, 0, 0, 0, 0, 0, 0, 0, 0, 0]"
the largest names in finance are being considered for the fed vice chair role,1,0,"[0, 1, 0, 0, 1, 0, 0, 0, 0, 0]","[0, 0, 0, 0, 0, 0, 0, 0, 0, 0]"
"north korean women suffer discrimination, rape, malnutrition: u.n.",0,0,[],"[0, 0, 0, 0, 0, 0, 0, 0, 0, 0]"
you won't believe what trump just said about the election,1,1,"[1, 0, 1, 0, 0, 0, 1, 0, 0, 0]","[1, 1, 0, 0, 0, 0, 1, 0, 0, 0]"
what happens now with the smart bomb deal for saudi arabia,1,1,"[0, 0, 0, 0, 0, 0, 0, 1, 0, 0]","[0, 0, 0, 0, 0, 0, 0, 1, 0, 1]"
wisconsin judge rejects bid to stop election recount,0,0,[],"[0, 0, 0, 0, 0, 0, 0, 0, 0, 0]"
"britain accelerates brexit plans, divorce talks also to speed up",0,0,[],"[0, 0, 0, 0, 0, 0, 0, 0, 0, 0]"
top reasons why chinese fans are excited for trump's visit,1,1,"[1, 0, 0, 0, 1, 0, 0, 0, 0, 0]","[0, 0, 1, 0, 1, 0, 0, 0, 0, 0]"
the astonishing truth behind north korea's multi-million dollar cyber heist,1,1,"[0, 0, 0, 1, 0, 0, 1, 1, 0, 0]","[1, 1, 0, 1, 0, 0, 0, 0, 0, 0]"
uk pm may appoints new brexit representative in upper house,0,0,[],"[0, 0, 0, 0, 0, 0, 0, 0, 0, 0]"
outrage grows as hariri decides to postpone resignation,1,0,"[0, 0, 1, 0, 0, 0, 0, 0, 0, 0]","[0, 0, 0, 0, 0, 0, 0, 0, 0, 0]"
americans are desperate for a third choice amid trump and clinton chaos,1,1,"[1, 1, 0, 1, 0, 0, 0, 0, 0, 0]","[0, 1, 1, 1, 0, 0, 0, 0, 0, 0]"
"trump to sign orders to renegotiate nafta, pull out of tpp: nbc",0,0,[],"[0, 0, 0, 0, 0, 0, 0, 0, 0, 0]"
"raqqa campaign in final stages, sdf says",0,0,[],"[0, 0, 0, 0, 0, 0, 0, 0, 0, 0]"
democratic vp nominee kaine expected to release medical records later on wednesday: abc,0,0,[],"[0, 0, 0, 0, 0, 0, 0, 0, 0, 0]"
how this wage hike plan could change everything for you,1,1,"[0, 0, 0, 0, 0, 0, 1, 0, 1, 0]","[0, 1, 0, 0, 0, 1, 1, 0, 0, 0]"
iraqi forces capture north oil co. from kurdish forces; no disruption to oil production,0,0,[],"[0, 0, 0, 0, 0, 0, 0, 0, 0, 0]"
"trump's new security advisor differs from him on russia, other key issues",0,0,[],"[0, 0, 0, 0, 0, 0, 0, 0, 0, 0]"
what this bold governor is planning for mexico,1,1,"[0, 0, 0, 0, 0, 0, 1, 0, 0, 0]","[1, 0, 0, 0, 0, 1, 0, 0, 0, 0]"
saudi authorities pursue twitter user over women's driving threat,0,0,[],"[0, 0, 0, 0, 0, 0, 0, 0, 0, 0]"
why are senators targeting fraud in the low-income phone program?,1,1,"[0, 0, 0, 0, 0, 0, 0, 0, 1, 0]","[0, 0, 0, 0, 0, 0, 0, 0, 0, 1]"
israeli missiles hit military position near damascus: syrian state tv,0,0,[],"[0, 0, 0, 0, 0, 0, 0, 0, 0, 0]"
what's behind virginia republicans' push to block voting rights,1,1,"[0, 0, 1, 1, 0, 0, 0, 1, 0, 0]","[1, 0, 0, 0, 0, 0, 0, 0, 0, 1]"
you won’t believe what the sdf militia is saying about the u.s.-backed campaign in syria,1,1,"[1, 0, 0, 0, 0, 1, 0, 0, 0, 1]","[1, 1, 0, 0, 0, 0, 1, 0, 0, 0]"
what you don’t see in trump's trade vision for canada,1,1,"[0, 1, 1, 0, 0, 1, 0, 0, 0, 0]","[1, 0, 0, 0, 0, 0, 1, 0, 0, 0]"
the shocking truth behind putin's dismissal of u.s. hacking allegations,1,1,"[0, 0, 0, 0, 1, 0, 0, 1, 0, 0]","[1, 0, 1, 1, 0, 0, 0, 0, 0, 0]"
congo naval boats battle rebels on lake tanganyika,0,0,[],"[0, 0, 0, 0, 0, 0, 0, 0, 0, 0]"
the shocking number of afghan civilians caught in air strikes,1,1,"[0, 0, 0, 0, 1, 0, 0, 1, 0, 1]","[0, 1, 0, 1, 0, 0, 0, 0, 0, 0]"
korean seismic activity is back: this unprecedented development has experts worried,1,1,"[0, 1, 0, 0, 0, 0, 0, 0, 0, 0]","[1, 1, 1, 0, 0, 0, 0, 0, 0, 0]"
"as new fiscal year dawns, hope for illinois budget dims",0,0,[],"[0, 0, 0, 0, 0, 0, 0, 0, 0, 0]"
the major concern for germany's fdp as they fill schaeuble's shoes,1,1,"[0, 0, 1, 0, 0, 1, 0, 0, 0, 0]","[0, 1, 1, 0, 0, 0, 0, 0, 0, 0]"
sicilian election holds mirror up to national trends,0,0,[],"[0, 0, 0, 0, 0, 0, 0, 0, 0, 0]"
clinton leads trump by 12 points in reuters/ipsos poll,0,0,[],"[0, 0, 0, 0, 0, 0, 0, 0, 0, 0]"
trump's bold plan to tackle china trade: what comes next remains unclear,1,1,"[0, 0, 0, 0, 0, 0, 1, 1, 0, 0]","[1, 1, 0, 0, 0, 0, 0, 1, 0, 0]"
parents in cuba urged to unite in the face of hurricane irma's destruction,1,0,"[0, 0, 0, 0, 0, 0, 1, 0, 0, 0]","[0, 0, 0, 0, 0, 0, 0, 0, 0, 0]"
mattis reveals his surprising confidence in diplomacy with north korea,1,1,"[0, 0, 0, 1, 0, 0, 0, 0, 0, 0]","[0, 0, 0, 1, 0, 0, 0, 0, 1, 0]"
singapore sees running autonomous buses on public roads from 2022,0,0,[],"[0, 0, 0, 0, 0, 0, 0, 0, 0, 0]"
you won't believe why the dreamer bill is missing from the agenda,1,1,"[1, 0, 0, 0, 0, 0, 1, 0, 0, 0]","[1, 0, 0, 1, 0, 0, 1, 0, 0, 0]"
the unexpected challenges macron faces without a strong germany,1,1,"[0, 0, 0, 0, 0, 0, 0, 0, 1, 0]","[0, 1, 0, 1, 0, 0, 0, 0, 0, 0]"
fistfights erupt in uganda's parliament amid move to extend museveni rule,0,0,[],"[0, 0, 0, 0, 0, 0, 0, 0, 0, 0]"
"saudi airplane arrives in baghdad, first time in 27 years",0,0,[],"[0, 0, 0, 0, 0, 0, 0, 0, 0, 0]"
the shocking rise of iceland's left-green prime minister,1,1,"[0, 0, 0, 1, 1, 0, 1, 0, 0, 0]","[0, 1, 0, 1, 0, 0, 0, 0, 0, 0]"
trump's immigration reform talks are raising serious concerns among voters,1,0,"[0, 0, 1, 0, 0, 0, 0, 0, 0, 0]","[0, 0, 0, 0, 0, 0, 0, 0, 0, 0]"
comey confirms fbi probing alleged russian interference in u.s. vote,0,0,[],"[0, 0, 0, 0, 0, 0, 0, 0, 0, 0]"
the unexpected agreement on protest limits at the convention,1,1,"[0, 0, 0, 0, 0, 0, 0, 1, 0, 0]","[0, 0, 0, 1, 0, 0, 0, 0, 1, 0]"
"catalan uncertainty paralyzing regional investment, spain's economy minister says",0,0,[],"[0, 0, 0, 0, 0, 0, 0, 0, 0, 0]"
asylum-seekers get 24-hour reprieve from papua new guinea camp eviction,0,0,[],"[0, 0, 0, 0, 0, 0, 0, 0, 0, 0]"
what you don't see about the florida nursing home's priority list,1,1,"[0, 0, 0, 0, 0, 0, 0, 1, 0, 0]","[1, 0, 0, 0, 1, 0, 1, 0, 0, 0]"
nepal scraps $2.5 billion hydropower plant deal with chinese company,0,0,[],"[0, 0, 0, 0, 0, 0, 0, 0, 0, 0]"
nobel peace laureates make a dramatic appeal for nuclear powers to ban the bomb,1,0,"[0, 0, 0, 1, 0, 0, 0, 0, 0, 0]","[0, 0, 0, 0, 0, 0, 0, 0, 0, 0]"
you won't believe how bernie sanders plans to fix new york's subway,1,1,"[0, 0, 1, 0, 0, 0, 1, 0, 1, 0]","[1, 1, 0, 0, 0, 0, 1, 0, 0, 0]"
the unexpected outcome of the latest china-u.s. talks you won't believe,1,1,"[0, 1, 0, 1, 0, 0, 0, 0, 0, 0]","[0, 0, 0, 1, 0, 0, 1, 0, 0, 0]"
israel's netanyahu expresses hope for u.s. peace push in middle east,0,0,[],"[0, 0, 0, 0, 0, 0, 0, 0, 0, 0]"
senate's mcconnell says tax bill should be revenue neutral,0,0,[],"[0, 0, 0, 0, 0, 0, 0, 0, 0, 0]"
what happens next as sanders meets obama in washington,1,1,"[0, 0, 0, 0, 0, 0, 0, 1, 0, 0]","[1, 0, 0, 0, 0, 0, 0, 1, 0, 1]"
western sahara independence emissary refuses to leave lima airport,0,0,[],"[0, 0, 0, 0, 0, 0, 0, 0, 0, 0]"
clinton: 'i will be there' for presidential debates,0,0,[],"[0, 0, 0, 0, 0, 0, 0, 0, 0, 0]"
the outrage behind the suspect's social media rants against trump revealed,1,1,"[0, 0, 1, 0, 0, 0, 0, 0, 1, 0]","[1, 0, 1, 0, 0, 0, 0, 0, 0, 0]"
what you need to know about the latest attack in thailand,1,1,"[0, 0, 0, 0, 0, 0, 1, 0, 0, 0]","[1, 0, 0, 0, 0, 0, 1, 0, 0, 0]"
the surprising targets at texas golf range,1,1,"[0, 1, 0, 0, 0, 0, 0, 1, 0, 0]","[0, 0, 0, 1, 0, 0, 0, 0, 1, 0]"
the surprising truth about clinton that some democrats are hiding,1,1,"[0, 1, 0, 0, 1, 0, 0, 0, 0, 0]","[1, 0, 0, 1, 0, 1, 0, 0, 0, 0]"
trump to name goldman executive cohn to key economic post,0,0,[],"[0, 0, 0, 0, 0, 0, 0, 0, 0, 0]"
shots fired at dmz as north korean soldier defects to south,0,0,[],"[0, 0, 0, 0, 0, 0, 0, 0, 0, 0]"
trump condemns alt-right gathering in washington: new york times,0,0,[],"[0, 0, 0, 0, 0, 0, 0, 0, 0, 0]"
putin says russia will respond in kind if u.s. quits missile treaty,0,0,[],"[0, 0, 0, 0, 0, 0, 0, 0, 0, 0]"
france's macron plans end to retire-young rail pensions,0,0,[],"[0, 0, 0, 0, 0, 0, 0, 0, 0, 0]"
are investors ready for the unexpected changes after obamacare?,1,1,"[0, 0, 0, 0, 1, 0, 0, 0, 1, 1]","[0, 0, 1, 0, 0, 0, 1, 0, 0, 1]"
uk's may to defend free trade and iran deal in talks with trump,0,0,[],"[0, 0, 0, 0, 0, 0, 0, 0, 0, 0]"
the top concerns raised by un experts over gaza's shocking reports,1,1,"[0, 1, 0, 0, 1, 0, 1, 0, 0, 0]","[0, 0, 1, 1, 1, 0, 0, 0, 0, 0]"
ex-congressman indicted on 24 counts in spending scandal,0,0,[],"[0, 0, 0, 0, 0, 0, 0, 0, 0, 0]"
"anglo american rejected a $39 billion takeover proposal from rival bhp, setting the stage for a potential bidding war.",0,0,[],"[0, 0, 0, 0, 0, 0, 0, 0, 0, 0]"
you won’t believe how trump’s nsc differs from others,1,1,"[0, 0, 0, 0, 1, 0, 1, 0, 0, 1]","[1, 0, 0, 1, 0, 0, 1, 0, 0, 0]"
indonesia's bold stance against the u.s. decision reveals a surprising list of global reactions,1,1,"[0, 0, 0, 1, 1, 0, 0, 0, 0, 0]","[1, 1, 0, 0, 1, 0, 0, 0, 0, 0]"
the trump tightrope: republicans weigh response with eye toward future,0,1,[],"[0, 0, 0, 1, 0, 0, 0, 1, 0, 0]"
the surprising endorsement from n.y. times that could change everything,1,1,"[0, 0, 0, 1, 0, 1, 0, 0, 1, 0]","[0, 1, 0, 1, 0, 0, 0, 0, 0, 0]"
surprising collaboration: swiss and french police unite for counter-terrorism,1,0,"[0, 0, 0, 0, 0, 0, 0, 0, 1, 0]","[0, 0, 0, 0, 0, 0, 0, 0, 0, 0]"
white house seen easing limits on drone strikes: ny times,0,0,[],"[0, 0, 0, 0, 0, 0, 0, 0, 0, 0]"
"feeling left out, under threat, east germans rebel with far-right vote",0,1,[],"[0, 0, 1, 1, 0, 0, 0, 0, 0, 0]"
proposed new u.s. sanctions ruse to force russia from eu energy market: tass cites putin ally,0,0,[],"[0, 0, 0, 0, 0, 0, 0, 0, 0, 0]"
what happens next as the us senate considers new penalties,1,1,"[1, 0, 0, 0, 0, 0, 0, 1, 0, 1]","[0, 0, 0, 0, 0, 0, 0, 1, 0, 1]"
illinois lawmakers approve $700 million to pay social services in part,0,0,[],"[0, 0, 0, 0, 0, 0, 0, 0, 0, 0]"
the top reasons marco rubio is now the unlikely champion of the gop,1,1,"[0, 0, 1, 0, 1, 1, 0, 0, 0, 0]","[0, 0, 0, 0, 1, 0, 0, 0, 1, 0]"
u.s. state department releases final batch of clinton emails,0,0,[],"[0, 0, 0, 0, 0, 0, 0, 0, 0, 0]"
eu executive warms to franco-german call on emergency border checks,0,0,[],"[0, 0, 0, 0, 0, 0, 0, 0, 0, 0]"
ukraine expels another russian journalist over coverage,0,0,[],"[0, 0, 0, 0, 0, 0, 0, 0, 0, 0]"
the unexpected twist in trump's upcoming vp announcement,1,1,"[0, 0, 0, 0, 0, 0, 0, 0, 1, 0]","[1, 0, 0, 1, 0, 0, 0, 0, 0, 0]"
qatar suggests gulf crisis hurts fight against islamic state: cnbc,0,0,[],"[0, 0, 0, 0, 0, 0, 0, 0, 0, 0]"
no joke: china government warns northern cities to get serious in war on smog,0,0,[],"[0, 0, 0, 0, 0, 0, 0, 0, 0, 0]"
what remains hidden about schulz's tough stance on trump,1,1,"[1, 0, 0, 0, 0, 0, 0, 0, 0, 0]","[1, 0, 0, 0, 0, 0, 0, 0, 0, 1]"
qatar flexes financial muscle with 12 billion euros of french deals,0,0,[],"[0, 0, 0, 0, 0, 0, 0, 0, 0, 0]"
u.s. offers new dates when tillerson could attend nato meeting,0,0,[],"[0, 0, 0, 0, 0, 0, 0, 0, 0, 0]"
comey to be pressed on whether trump interfered with russia probe,0,0,[],"[0, 0, 0, 0, 0, 0, 0, 0, 0, 0]"
moscow's cancellation of the meeting sends a dramatic message to the u.s. that can't be ignored,1,1,"[0, 0, 0, 1, 0, 0, 0, 0, 0, 0]","[0, 1, 0, 1, 0, 0, 0, 0, 0, 0]"
two rich italian regions vote for more autonomy - prelim results,0,0,[],"[0, 0, 0, 0, 0, 0, 0, 0, 0, 0]"
what happens next after germany's warning to the u.s. on sanctions,1,1,"[0, 0, 0, 0, 0, 0, 0, 1, 0, 0]","[0, 0, 0, 0, 0, 0, 0, 1, 0, 1]"
could germany's spd be hiding their true intentions,1,1,"[0, 0, 0, 0, 0, 0, 0, 0, 0, 1]","[1, 0, 0, 0, 0, 0, 0, 0, 0, 1]"
spain high court jails two catalan separatist leaders pending investigation,0,0,[],"[0, 0, 0, 0, 0, 0, 0, 0, 0, 0]"
why this senator's stance on the russia probes is significant,1,1,"[0, 0, 0, 1, 1, 0, 0, 0, 0, 0]","[0, 1, 0, 0, 0, 1, 0, 0, 0, 1]"
french minister believes banks had 'good reasons' to close national front accounts,0,0,[],"[0, 0, 0, 0, 0, 0, 0, 0, 0, 0]"
"merkel welcomes ""a lot of material"" from macron on eu reform",0,0,[],"[0, 0, 0, 0, 0, 0, 0, 0, 0, 0]"
"ahead of trump's visit to philippines, a big thumbs up from u.s. veterans",0,1,[],"[0, 1, 0, 1, 0, 0, 0, 0, 0, 0]"
"u.s. sanctions seven iranian individuals, two entities",0,0,[],"[0, 0, 0, 0, 0, 0, 0, 0, 0, 0]"
what the cbo isn't telling us about the healthcare bill,1,1,"[0, 0, 1, 1, 1, 0, 0, 0, 0, 0]","[1, 0, 0, 0, 0, 0, 1, 0, 0, 1]"
carter reveals the top secrets behind his final trip to asia,1,1,"[0, 0, 0, 0, 1, 0, 0, 0, 0, 0]","[1, 0, 0, 1, 1, 0, 0, 0, 0, 0]"
"parents, here's why obama's clemency plan is struggling",1,1,"[0, 0, 0, 0, 0, 0, 1, 0, 0, 0]","[0, 0, 0, 0, 0, 0, 1, 0, 0, 0]"
is it true that there was no russian influence in british votes,1,1,"[0, 0, 0, 0, 0, 0, 0, 0, 0, 1]","[0, 0, 0, 1, 0, 0, 0, 0, 0, 1]"
you won't believe what's happening with trump and the climate accord,1,1,"[0, 1, 0, 0, 0, 0, 1, 0, 0, 1]","[1, 1, 0, 0, 0, 0, 1, 0, 0, 0]"
unexpected talks among republicans about the potential impeachment of irs chief,1,0,"[0, 0, 0, 0, 0, 0, 0, 0, 1, 0]","[0, 0, 0, 0, 0, 0, 0, 0, 0, 0]"
the unexpected decision on guantanamo inmates by the pentagon,1,1,"[0, 0, 0, 1, 0, 0, 0, 0, 0, 0]","[0, 1, 0, 1, 0, 0, 0, 0, 0, 0]"
what remains hidden in the russian and japanese leaders' condemnation of north korea,1,1,"[1, 0, 0, 0, 1, 0, 0, 0, 1, 0]","[1, 0, 0, 0, 0, 0, 0, 0, 0, 1]"
is kaine's past a major concern for clinton's campaign strategies,1,1,"[0, 0, 1, 1, 0, 0, 0, 0, 0, 1]","[0, 1, 1, 0, 0, 0, 0, 0, 0, 1]"
what you don’t know about slovakia's defense deal with finland,1,1,"[1, 0, 0, 0, 0, 0, 0, 0, 0, 1]","[1, 0, 0, 0, 0, 0, 1, 0, 0, 0]"
hillary clinton to receive intelligence briefing saturday: sources,0,0,[],"[0, 0, 0, 0, 0, 0, 0, 0, 0, 0]"
philippines' duterte hopes drugs war shift will satisfy 'bleeding hearts',0,0,[],"[0, 0, 0, 0, 0, 0, 0, 0, 0, 0]"
will trump truly face a wake-up call when he takes office,1,1,"[0, 0, 0, 0, 0, 0, 0, 1, 0, 1]","[0, 0, 0, 1, 0, 0, 0, 1, 0, 1]"
you won't believe the charges against this rwandan critic,1,1,"[0, 0, 1, 0, 0, 0, 1, 0, 0, 0]","[1, 1, 0, 0, 0, 0, 1, 0, 0, 0]"
the unexpected choice of coats for national intelligence director,1,1,"[0, 0, 0, 0, 0, 0, 0, 0, 1, 0]","[0, 0, 0, 1, 0, 0, 0, 0, 1, 0]"
why china's warning to the u.s. is more significant than you think,1,1,"[0, 1, 0, 0, 0, 0, 1, 0, 1, 0]","[0, 1, 0, 0, 0, 0, 1, 0, 0, 1]"
white house says has shared lists of political prisoners with cuba,0,0,[],"[0, 0, 0, 0, 0, 0, 0, 0, 0, 0]"
fourth ex-governor from mexico's pri arrested on corruption charges,0,0,[],"[0, 0, 0, 0, 0, 0, 0, 0, 0, 0]"
the alarming situation unfolding in yemen right now,1,1,"[0, 0, 0, 1, 0, 0, 0, 0, 0, 0]","[0, 1, 1, 0, 0, 0, 0, 1, 0, 0]"
what remains hidden about china's denuclearization efforts,1,1,"[0, 0, 1, 0, 0, 0, 0, 1, 0, 0]","[1, 0, 0, 0, 0, 0, 0, 0, 0, 1]"
five migrants wounded as shots fired in calais brawl,0,0,[],"[0, 0, 0, 0, 0, 0, 0, 0, 0, 0]"
shocking developments as catalan speaker is gagged for elections,1,1,"[0, 0, 0, 1, 1, 1, 0, 0, 0, 0]","[0, 1, 0, 1, 0, 0, 0, 0, 0, 0]"
could kerry be hiding something about the clinton emails,1,1,"[0, 0, 0, 0, 0, 0, 0, 0, 0, 1]","[1, 0, 0, 0, 0, 1, 0, 0, 0, 1]"
the outcome remains unclear as senate prepares for crucial gun control vote,1,0,"[0, 0, 0, 0, 0, 1, 0, 0, 0, 1]","[0, 0, 0, 0, 0, 0, 0, 0, 0, 0]"
kremlin says reports trump disclosed intelligence are 'nonsense',0,0,[],"[0, 0, 0, 0, 0, 0, 0, 0, 0, 0]"
palestinian killed in gaza clashes over trump's jerusalem move,0,0,[],"[0, 0, 0, 0, 0, 0, 0, 0, 0, 0]"
xi has a message for you about china's future,1,1,"[0, 0, 0, 0, 0, 0, 1, 0, 0, 0]","[0, 0, 0, 1, 0, 1, 1, 0, 0, 0]"
what remains hidden about the gun used in past guerrilla attacks,1,1,"[0, 0, 0, 0, 0, 0, 0, 0, 0, 1]","[1, 0, 0, 0, 0, 0, 0, 0, 0, 0]"
the shocking emails that could change everything about trump jr.,1,1,"[0, 0, 0, 1, 1, 0, 0, 1, 0, 0]","[0, 1, 1, 0, 0, 0, 0, 0, 0, 0]"
outrage brews as huelskamp loses re-election bid for u.s. house,1,0,"[0, 0, 1, 0, 0, 1, 0, 0, 0, 1]","[0, 0, 0, 0, 0, 0, 0, 0, 0, 0]"
finnish police release one knife attack suspect,0,0,[],"[0, 0, 0, 0, 0, 0, 0, 0, 0, 0]"
ex-u.s. attorney bharara signs book deal after firing by trump,0,0,[],"[0, 0, 0, 0, 0, 0, 0, 0, 0, 0]"
top reasons why the epa's biofuel changes were abandoned,1,1,"[0, 0, 0, 0, 1, 0, 0, 0, 0, 0]","[1, 0, 0, 1, 1, 0, 0, 0, 0, 0]"
this detail about thaad deployment could surprise you,1,1,"[1, 0, 0, 0, 0, 0, 0, 0, 0, 0]","[1, 0, 0, 0, 0, 1, 1, 0, 0, 0]"
"brexit talks progressing, but issues remain - may",0,0,[],"[0, 0, 0, 0, 0, 0, 0, 0, 0, 0]"
"in pakistan's coal rush, some women drivers break cultural barriers",0,0,[],"[0, 0, 0, 0, 0, 0, 0, 0, 0, 0]"
"italy lower house passes new electoral law, moves on to senate",0,0,[],"[0, 0, 0, 0, 0, 0, 0, 0, 0, 0]"
top reasons why wto chief is rallying support for trade,1,1,"[0, 0, 0, 0, 1, 0, 0, 0, 0, 0]","[0, 0, 0, 0, 1, 0, 0, 0, 0, 0]"
ethnically divided iraqi town fears fresh conflict after kurds' independence vote,0,0,[],"[0, 0, 0, 0, 0, 0, 0, 0, 0, 0]"
what you need to know about the new wave of german detentions,1,1,"[0, 0, 0, 0, 0, 0, 0, 0, 0, 1]","[1, 0, 0, 0, 0, 0, 1, 0, 0, 0]"
the unexpected factors influencing the mayor's re-election campaign,1,1,"[0, 0, 0, 0, 1, 0, 0, 0, 1, 0]","[1, 0, 0, 1, 0, 1, 0, 0, 0, 0]"
"u.s., china to step up cooperation on north korea",0,0,[],"[0, 0, 0, 0, 0, 0, 0, 0, 0, 0]"
what trump really thinks about 'the poorly educated',1,1,"[0, 1, 1, 0, 0, 0, 0, 0, 1, 0]","[1, 0, 0, 0, 0, 0, 0, 0, 0, 1]"
the top diplomatic challenges facing the u.s. in north korea revealed,1,1,"[0, 1, 0, 1, 1, 0, 0, 0, 0, 0]","[0, 0, 0, 1, 1, 0, 0, 0, 0, 0]"
mexico says president pena nieto to meet trump on wednesday,0,0,[],"[0, 0, 0, 0, 0, 0, 0, 0, 0, 0]"
white house 'deeply' concerned about china law on foreign ngos,0,0,[],"[0, 0, 0, 0, 0, 0, 0, 0, 0, 0]"
what you don’t see about maine’s medicaid expansion approval,1,1,"[1, 0, 0, 0, 0, 0, 0, 0, 0, 0]","[1, 0, 0, 0, 0, 1, 0, 0, 0, 0]"
outrage grows as red cross cuts afghan operations,1,0,"[0, 0, 1, 0, 0, 0, 0, 0, 0, 0]","[0, 0, 0, 0, 0, 0, 0, 0, 0, 0]"
turkey's dramatic push for eu membership could impact you,1,1,"[0, 1, 1, 0, 0, 0, 1, 0, 0, 0]","[0, 1, 0, 0, 0, 0, 1, 0, 0, 0]"
kansas governor signs school funding bill aimed at adequacy,0,0,[],"[0, 0, 0, 0, 0, 0, 0, 0, 0, 0]"
what happens next in nepal’s landmark poll amidst chaos,1,1,"[0, 0, 0, 0, 0, 0, 0, 0, 0, 1]","[1, 0, 0, 0, 0, 0, 0, 1, 0, 1]"
neapolitan pizza making wins world heritage status,0,0,[],"[0, 0, 0, 0, 0, 0, 0, 0, 0, 0]"
what you don’t see in the tech companies' fight against trump,1,1,"[1, 0, 0, 1, 0, 0, 1, 0, 0, 0]","[1, 0, 0, 0, 0, 0, 1, 0, 0, 0]"
the surprising alliance obama forms with kasich for the tpp trade deal,1,1,"[0, 0, 1, 0, 0, 0, 0, 0, 0, 0]","[0, 0, 0, 1, 0, 0, 0, 0, 1, 0]"
hezbollah media unit: islamic state leader reported in syrian town,0,0,[],"[0, 0, 0, 0, 0, 0, 0, 0, 0, 0]"
the dramatic steps behind a european arrest warrant execution,1,1,"[0, 1, 0, 1, 0, 0, 0, 0, 0, 0]","[1, 1, 0, 1, 0, 0, 0, 0, 0, 0]"
the top questions surrounding comey's potential funding request,1,1,"[0, 0, 0, 0, 1, 0, 0, 0, 0, 0]","[0, 0, 0, 0, 1, 0, 0, 0, 0, 0]"
exclusive: cambodian opposition leader calls for sanctions on leadership,0,0,[],"[0, 0, 0, 0, 0, 0, 0, 0, 0, 0]"
biden meets pm abadi in baghdad to discuss security: state tv,0,0,[],"[0, 0, 0, 0, 0, 0, 0, 0, 0, 0]"
is there a major shock coming that will affect abe's tax hike plans,1,1,"[0, 1, 0, 0, 0, 0, 0, 0, 0, 1]","[0, 1, 0, 1, 0, 0, 0, 0, 0, 1]"
britain's foreign minister to meet iran's president on sunday: uk foreign office,0,0,[],"[0, 0, 0, 0, 0, 0, 0, 0, 0, 0]"
why mr brexit's latest statement is causing a stir among voters,1,1,"[0, 0, 0, 1, 0, 0, 1, 0, 0, 0]","[0, 0, 0, 0, 0, 0, 1, 0, 0, 1]"
the shocking verdict in the mass trial of petrovietnam's ex-chairman,1,1,"[0, 0, 0, 0, 1, 0, 0, 1, 0, 0]","[0, 0, 1, 1, 0, 0, 0, 0, 0, 0]"
eurosceptics baulk as may pitches status quo brexit transition,0,0,[],"[0, 0, 0, 0, 0, 0, 0, 0, 0, 0]"
this detail about merkel's talks on russia with obama might shock you,1,1,"[1, 0, 0, 0, 1, 0, 1, 0, 0, 0]","[1, 0, 1, 0, 0, 0, 1, 0, 0, 0]"
what remains hidden in china's fight against corruption,1,1,"[1, 0, 0, 0, 0, 0, 0, 1, 0, 0]","[1, 0, 0, 0, 0, 0, 0, 0, 0, 1]"
the shocking expansion of turkey's military presence in syria revealed,1,1,"[0, 1, 0, 0, 0, 1, 0, 0, 0, 0]","[0, 0, 1, 0, 0, 0, 0, 0, 0, 0]"
what's behind the u.s. pressure on saudis regarding the yemen blockade,1,1,"[0, 0, 0, 0, 0, 0, 0, 0, 1, 1]","[1, 0, 0, 0, 0, 0, 0, 0, 0, 1]"
the shocking detail behind germany's decision to summon north korea,1,1,"[1, 0, 0, 1, 0, 0, 0, 0, 0, 0]","[1, 1, 0, 1, 0, 0, 0, 0, 0, 0]"
the shocking claim by republicans that the exxon probe is unconstitutional,1,1,"[0, 0, 0, 1, 0, 0, 0, 0, 0, 1]","[0, 1, 0, 0, 0, 0, 0, 0, 0, 0]"
trump's harsh response to iranian vessels raises questions about future actions,1,1,"[0, 0, 0, 0, 1, 0, 0, 1, 0, 0]","[0, 1, 0, 0, 0, 0, 0, 1, 0, 0]"
u.s. judge orders illinois to boost disabled care,0,0,[],"[0, 0, 0, 0, 0, 0, 0, 0, 0, 0]"
the end of an era: 5 reasons this election matters,1,1,"[0, 0, 1, 0, 1, 0, 0, 1, 0, 0]","[0, 1, 0, 1, 1, 0, 0, 0, 0, 0]"
the dramatic endgame of the raqqa campaign that everyone is talking about,1,1,"[0, 0, 1, 1, 0, 0, 0, 0, 0, 0]","[0, 1, 0, 1, 0, 0, 0, 0, 0, 0]"
state department misses deadline to manage email records electronically,0,0,[],"[0, 0, 0, 0, 0, 0, 0, 0, 0, 0]"
"spanish court suspends catalan parliament session, throwing independence call in doubt",0,0,[],"[0, 0, 0, 0, 0, 0, 0, 0, 0, 0]"
trump news conference sets worldwide social media afire,0,1,[],"[0, 1, 0, 1, 0, 0, 0, 0, 0, 0]"
fear rises as german police reveal stolen john lennon diaries,1,1,"[0, 0, 1, 0, 0, 0, 0, 0, 0, 0]","[0, 0, 1, 1, 0, 0, 0, 0, 0, 0]"
senate committee subpoenas former trump adviser flynn over russia,0,0,[],"[0, 0, 0, 0, 0, 0, 0, 0, 0, 0]"
🔴 live: hamas studying new israeli proposal on potential ceasefire,0,0,[],"[0, 0, 0, 0, 0, 0, 0, 0, 0, 0]"
"egypt's sisi congratulates trump, looks forward to new era of closer ties",0,0,[],"[0, 0, 0, 0, 0, 0, 0, 0, 0, 0]"
"smaller eu states need stronger voice, not brussels, says czech election favorite",0,0,[],"[0, 0, 0, 0, 0, 0, 0, 0, 0, 0]"
trump lawyers aim to delay fraud trial at hearing,0,0,[],"[0, 0, 0, 0, 0, 0, 0, 0, 0, 0]"
trump campaign chairman helped pro-russians in ukraine move money to u.s. firms: ap,0,0,[],"[0, 0, 0, 0, 0, 0, 0, 0, 0, 0]"
lavrov's statement creates a list of shocking accusations against the u.s.,1,1,"[0, 0, 0, 0, 1, 1, 0, 1, 0, 0]","[0, 0, 1, 0, 1, 0, 0, 0, 0, 0]"
what happens when buffett and fink challenge trump's tax plan,1,1,"[0, 0, 0, 0, 0, 0, 0, 0, 1, 1]","[0, 0, 0, 0, 0, 0, 0, 1, 0, 1]"
dramatic reactions in shanghai as china unveils new leadership,1,1,"[0, 0, 0, 1, 0, 0, 0, 0, 0, 0]","[0, 1, 0, 1, 0, 0, 0, 0, 0, 0]"
could china's next move against the u.s. automaker be this dramatic?,1,1,"[0, 1, 0, 0, 0, 0, 0, 0, 0, 1]","[0, 1, 0, 0, 0, 1, 0, 0, 0, 1]"
what does kushner's cancellation of the canada visit mean,1,1,"[0, 0, 0, 0, 0, 0, 0, 0, 0, 1]","[1, 0, 0, 0, 0, 0, 0, 1, 0, 1]"
tragic news: death toll from south sudan conflict reaches a shocking level,1,1,"[0, 0, 0, 1, 0, 0, 0, 1, 0, 0]","[0, 1, 1, 0, 0, 0, 0, 0, 0, 0]"
what's really happening with bahrain and qatar's boats,1,1,"[1, 0, 0, 0, 0, 1, 0, 0, 1, 0]","[1, 0, 0, 0, 0, 0, 0, 0, 0, 1]"
why is moore's wife so adamant he won’t step down,1,1,"[0, 0, 0, 0, 0, 0, 0, 0, 0, 1]","[1, 0, 0, 1, 0, 0, 0, 0, 0, 1]"
fear grows as corbyn demands details on the eu divorce deal,1,1,"[1, 0, 1, 0, 0, 0, 0, 0, 0, 0]","[0, 0, 1, 1, 0, 0, 0, 0, 0, 0]"
what the supreme court's decision on trump's travel ban means now,1,1,"[1, 0, 0, 0, 0, 1, 0, 1, 0, 0]","[1, 0, 0, 0, 0, 0, 0, 0, 0, 1]"
trump budget would sell entire u.s. northeast gasoline reserve,0,0,[],"[0, 0, 0, 0, 0, 0, 0, 0, 0, 0]"
tokyo governor koike to challenge japanese pm abe with new party,0,0,[],"[0, 0, 0, 0, 0, 0, 0, 0, 0, 0]"
philadelphia congressman orchestrated series of frauds: prosecutor,0,0,[],"[0, 0, 0, 0, 0, 0, 0, 0, 0, 0]"
will u.s. lawmakers finally agree on iran sanctions after all this time,1,1,"[1, 0, 0, 1, 0, 0, 1, 0, 0, 0]","[0, 0, 0, 0, 0, 0, 0, 1, 0, 1]"
could this be the most significant attack on americans yet,1,1,"[0, 1, 0, 0, 0, 0, 0, 0, 0, 1]","[0, 0, 0, 0, 1, 1, 0, 0, 0, 1]"
you need to know the potential fallout if eu exit talks stall,1,1,"[1, 0, 1, 0, 0, 0, 1, 0, 0, 0]","[0, 0, 0, 1, 0, 0, 1, 0, 0, 0]"
former soccer star kaladze runs for mayor in georgia's capital,0,0,[],"[0, 0, 0, 0, 0, 0, 0, 0, 0, 0]"
"special counsel asks white house to save trump jr., russian meeting documents",0,0,[],"[0, 0, 0, 0, 0, 0, 0, 0, 0, 0]"
the surprising commitment of the u.s. to libya's political agreement,1,0,"[0, 0, 1, 0, 0, 0, 0, 0, 1, 1]","[0, 0, 0, 0, 0, 0, 0, 0, 0, 0]"
obama would veto house bill to block funding of guantanamo transfers: white house,0,0,[],"[0, 0, 0, 0, 0, 0, 0, 0, 0, 0]"
the unexpected decision of trump's kids that has everyone talking,1,1,"[1, 0, 0, 1, 0, 0, 0, 0, 0, 0]","[0, 1, 0, 1, 0, 1, 0, 0, 0, 0]"
could coca be the greatest threat to colombia's peace?,1,1,"[0, 0, 0, 0, 0, 0, 0, 0, 0, 1]","[0, 1, 0, 0, 1, 0, 0, 0, 0, 1]"
this controversial bill proposed by egyptian lawmaker raises eyebrows,1,1,"[0, 0, 0, 0, 0, 0, 0, 1, 0, 1]","[0, 0, 0, 1, 0, 1, 0, 0, 0, 0]"
this shocking comparison could change everything in u.s.-mexico relations,1,1,"[0, 0, 0, 1, 0, 0, 0, 0, 1, 0]","[1, 1, 1, 0, 0, 0, 0, 0, 0, 0]"
"russian-american lobbyist met with trump jr., russian lawyer: nbc news",0,0,[],"[0, 0, 0, 0, 0, 0, 0, 0, 0, 0]"
you won't believe how few refugees japan accepted this year,1,1,"[0, 1, 1, 0, 0, 0, 1, 0, 0, 0]","[1, 0, 0, 1, 0, 0, 1, 0, 0, 0]"
israel's netanyahu to speak with trump on sunday,0,0,[],"[0, 0, 0, 0, 0, 0, 0, 0, 0, 0]"
china tells australia off over south china sea stance,0,0,[],"[0, 0, 0, 0, 0, 0, 0, 0, 0, 0]"
saudi-led coalition allows first aid ship into yemen's hodeidah port: local officials,0,0,[],"[0, 0, 0, 0, 0, 0, 0, 0, 0, 0]"
sanders releases universal healthcare plan before democratic debate,0,0,[],"[0, 0, 0, 0, 0, 0, 0, 0, 0, 0]"
official in charge of state department reorganization steps down,0,0,[],"[0, 0, 0, 0, 0, 0, 0, 0, 0, 0]"
priebus says 'salacious garbage' in the report on russia 'didn't happen': nbc,0,0,[],"[0, 0, 0, 0, 0, 0, 0, 0, 0, 0]"
uk's mr brexit says no vacancy for ambassador to united states,0,0,[],"[0, 0, 0, 0, 0, 0, 0, 0, 0, 0]"
what remains hidden about north korea's nuclear test,1,1,"[0, 0, 0, 1, 0, 0, 0, 0, 0, 0]","[1, 0, 0, 0, 0, 0, 0, 0, 0, 0]"
guatemala prosecutors raid millicom offices in graft probe,0,0,[],"[0, 0, 0, 0, 0, 0, 0, 0, 0, 0]"
exclusive: cambodia says opposition party could be barred from election,0,0,[],"[0, 0, 0, 0, 0, 0, 0, 0, 0, 0]"
irish pm prefers may abortion referendum to maximize student vote,0,0,[],"[0, 0, 0, 0, 0, 0, 0, 0, 0, 0]"
sexual abuse accuser sues ex-house speaker hastert for $1.8 million,0,0,[],"[0, 0, 0, 0, 0, 0, 0, 0, 0, 0]"
canada's indigenous population undergoes dramatic growth: census,0,0,[],"[0, 0, 0, 0, 0, 0, 0, 0, 0, 0]"
"factbox: trump on twitter (dec 28) - vanity fair, hillary clinton",0,0,[],"[0, 0, 0, 0, 0, 0, 0, 0, 0, 0]"
the outrage behind the confusion in the kenyan election revealed,1,1,"[0, 0, 1, 0, 0, 0, 0, 0, 0, 0]","[1, 0, 1, 1, 0, 0, 0, 0, 0, 0]"
bosnia making military progress in nato bid - alliance general,0,0,[],"[0, 0, 0, 0, 0, 0, 0, 0, 0, 0]"
the alarming truth about food security in the middle east and north africa,1,1,"[0, 0, 1, 0, 1, 0, 0, 0, 0, 0]","[0, 1, 1, 0, 0, 0, 0, 0, 0, 0]"
nato chief stresses solidarity among nato allies,0,0,[],"[0, 0, 0, 0, 0, 0, 0, 0, 0, 0]"
the unexpected twist in china-us ties during blinken's visit,1,1,"[1, 0, 0, 0, 0, 0, 0, 0, 1, 0]","[0, 0, 0, 1, 0, 1, 0, 0, 0, 0]"
outrage as klm's decision affects passengers from these countries,1,1,"[0, 0, 1, 0, 0, 0, 0, 0, 0, 1]","[0, 0, 1, 0, 0, 1, 0, 0, 0, 0]"
judges uphold bosnian croat convictions in last verdict of yugoslav war tribunal,0,0,[],"[0, 0, 0, 0, 0, 0, 0, 0, 0, 0]"
the surprising twist in u.s.-iran nuclear talks you must hear about,1,1,"[0, 0, 1, 1, 1, 0, 0, 0, 0, 0]","[1, 0, 0, 1, 0, 0, 1, 0, 0, 0]"
what's driving clinton's fundraising surge this month?,1,1,"[0, 0, 0, 0, 0, 1, 1, 1, 0, 0]","[1, 0, 0, 0, 0, 0, 0, 0, 0, 1]"
eu leaders proclaim european social standards to woo voters,0,0,[],"[0, 0, 0, 0, 0, 0, 0, 0, 0, 0]"
spain to present measures to impose direct rule on october 21: pm rajoy,0,0,[],"[0, 0, 0, 0, 0, 0, 0, 0, 0, 0]"
clinton server technicians decline questions from u.s. congress,0,0,[],"[0, 0, 0, 0, 0, 0, 0, 0, 0, 0]"
what the u.s. is hinting at regarding the san bernardino iphone case,1,1,"[1, 1, 0, 1, 0, 0, 0, 0, 0, 0]","[1, 0, 0, 0, 0, 1, 0, 0, 0, 1]"
"'joe the plumber' praises trump, cites his 'beautiful women'",0,0,[],"[0, 0, 0, 0, 0, 0, 0, 0, 0, 0]"
the shocking truth behind the senate's family-planning decision,1,1,"[0, 0, 1, 1, 0, 0, 0, 0, 0, 0]","[1, 1, 0, 1, 0, 0, 0, 0, 0, 0]"
assault rifle used in florida shooting drives gun control debate,0,0,[],"[0, 0, 0, 0, 0, 0, 0, 0, 0, 0]"
gorbachev sees russian democracy far off: biographer taubman,0,0,[],"[0, 0, 0, 0, 0, 0, 0, 0, 0, 0]"
what remains hidden in hamas’s decision on gaza crossings,1,1,"[0, 1, 0, 0, 0, 0, 0, 0, 0, 1]","[1, 0, 0, 0, 0, 0, 0, 0, 0, 0]"
this key lawmaker's bill could reshape your tax deductions,1,1,"[0, 0, 0, 0, 0, 1, 0, 0, 0, 0]","[0, 0, 0, 0, 0, 1, 1, 0, 0, 0]"
democrats want congress' authorization for anti-militant campaigns,0,0,[],"[0, 0, 0, 0, 0, 0, 0, 0, 0, 0]"
democrats question independence of trump supreme court nominee,0,0,[],"[0, 0, 0, 0, 0, 0, 0, 0, 0, 0]"
france overseas minister says two killed in french caribbean islands after irma,0,0,[],"[0, 0, 0, 0, 0, 0, 0, 0, 0, 0]"
trump intensifies attacks on ryan with four weeks left until election day,0,0,[],"[0, 0, 0, 0, 0, 0, 0, 0, 0, 0]"
top concerns about rising anti-semitism from netanyahu's perspective,1,0,"[0, 0, 0, 0, 1, 0, 0, 1, 0, 0]","[0, 0, 0, 0, 0, 0, 0, 0, 0, 0]"
you need to know about the new air ban in iraqi kurdistan,1,1,"[0, 0, 0, 0, 0, 0, 1, 0, 0, 0]","[0, 0, 0, 0, 0, 0, 1, 0, 0, 0]"
two gay men challenge tennessee denial of service law,0,0,[],"[0, 0, 0, 0, 0, 0, 0, 0, 0, 0]"
what this amendment could mean for the future of china's party constitution,1,1,"[0, 0, 0, 0, 0, 1, 0, 0, 0, 0]","[1, 0, 0, 0, 0, 1, 0, 1, 0, 0]"
outrage grows as mueller takes action in russia probe,1,1,"[0, 0, 1, 0, 0, 0, 0, 0, 0, 0]","[0, 0, 1, 0, 0, 1, 0, 0, 0, 0]"
erdogan urges u.s. to review 'political' charges against turkish ex-minister,0,0,[],"[0, 0, 0, 0, 0, 0, 0, 0, 0, 0]"
top measures from u.s. and qatar to combat terrorist financing,1,0,"[0, 1, 0, 0, 1, 0, 0, 0, 0, 1]","[0, 0, 0, 0, 0, 0, 0, 0, 0, 0]"
trump's major speech on immigration promises to shake things up,1,1,"[0, 1, 0, 0, 1, 0, 0, 0, 0, 0]","[0, 1, 0, 1, 0, 0, 0, 0, 0, 0]"
the inspiring journey of a young woman navigating change in china,1,1,"[0, 0, 1, 1, 0, 0, 0, 0, 0, 0]","[0, 1, 1, 0, 0, 1, 0, 0, 0, 0]"
this senator's call for a probe could change everything about the russia investigation,1,1,"[0, 0, 0, 0, 0, 0, 0, 1, 1, 0]","[0, 1, 0, 1, 0, 1, 0, 0, 0, 0]"
"trump vows to reopen, or toss, nafta pact with canada and mexico",0,0,[],"[0, 0, 0, 0, 0, 0, 0, 0, 0, 0]"
paul ryan's surprising agreement with trump's budget plan raises eyebrows,1,1,"[0, 0, 0, 1, 1, 0, 0, 0, 0, 0]","[0, 0, 0, 1, 0, 0, 0, 0, 1, 0]"
leftist leader backs guillier in chile's run-off presidential election,0,0,[],"[0, 0, 0, 0, 0, 0, 0, 0, 0, 0]"
senior democratic national committee officials resign: dnc,0,0,[],"[0, 0, 0, 0, 0, 0, 0, 0, 0, 0]"
microsoft earnings jump on ai demand,0,0,[],"[0, 0, 0, 0, 0, 0, 0, 0, 0, 0]"
two u.s. b-1b bombers join u.s.-south korean military drills,0,0,[],"[0, 0, 0, 0, 0, 0, 0, 0, 0, 0]"
will senators finally confirm obama's pick after the election?,1,1,"[0, 0, 0, 0, 0, 0, 0, 1, 0, 1]","[0, 0, 0, 0, 0, 1, 0, 1, 0, 1]"
"texas governor signs dallas, houston pension bills",0,0,[],"[0, 0, 0, 0, 0, 0, 0, 0, 0, 0]"
possible trump trip to saudi arabia being discussed: u.s. official,0,0,[],"[0, 0, 0, 0, 0, 0, 0, 0, 0, 0]"
u.s. appeals court sides against pence in syrian refugee case,0,0,[],"[0, 0, 0, 0, 0, 0, 0, 0, 0, 0]"
outrage as christians in china's jerusalem defy sunday school ban,1,1,"[0, 1, 0, 1, 0, 0, 0, 0, 0, 1]","[0, 0, 1, 0, 0, 0, 0, 0, 1, 0]"
kenya opposition leader calls for calm in slum hit by deadly violence,0,0,[],"[0, 0, 0, 0, 0, 0, 0, 0, 0, 0]"
will the anti-brexit party succeed in stopping the eu exit,1,0,"[0, 0, 0, 1, 0, 0, 0, 1, 0, 0]","[0, 0, 0, 0, 0, 0, 0, 0, 0, 0]"
what remains hidden in the upcoming brexit summit preparations,1,1,"[1, 0, 0, 0, 0, 0, 0, 0, 0, 0]","[1, 0, 0, 0, 0, 0, 0, 0, 0, 1]"
wedge issue: texas golf range offers clinton and trump targets,0,0,[],"[0, 0, 0, 0, 0, 0, 0, 0, 0, 0]"
"u.s. consumers will want trump, congress to take on drug prices",0,0,[],"[0, 0, 0, 0, 0, 0, 0, 0, 0, 0]"
u.n. vote saturday on u.s. bid to slash north korea exports over missile tests,0,0,[],"[0, 0, 0, 0, 0, 0, 0, 0, 0, 0]"
senators advised house vote on healthcare unlikely before monday: aide,0,0,[],"[0, 0, 0, 0, 0, 0, 0, 0, 0, 0]"
the most heartwarming welcome for erdogan in serbia,1,1,"[0, 0, 1, 0, 1, 0, 0, 0, 0, 0]","[0, 0, 1, 0, 1, 0, 0, 0, 0, 0]"
pope's unexpected meeting with rohingya: what it means for the future,1,1,"[0, 0, 0, 0, 1, 0, 0, 0, 1, 0]","[1, 1, 0, 0, 0, 0, 0, 1, 0, 0]"
what you don't know about german women's plea to merkel,1,1,"[0, 0, 1, 0, 0, 1, 0, 0, 0, 0]","[1, 0, 0, 0, 0, 0, 1, 0, 0, 0]"
trump's reaction to playboy model's interview was more dramatic than you think,1,1,"[0, 1, 0, 0, 0, 0, 0, 0, 0, 0]","[1, 1, 0, 0, 0, 0, 1, 0, 0, 0]"
why you should care about these bond issues and taxes,1,1,"[0, 0, 1, 0, 0, 0, 1, 0, 0, 0]","[0, 0, 0, 0, 0, 1, 1, 0, 0, 1]"
"asked about two states, netanyahu says he wants to focus on 'substance' not 'labels'",0,0,[],"[0, 0, 0, 0, 0, 0, 0, 0, 0, 0]"
the trump presidency on march 3 at 2:50 p.m. et,0,1,[],"[0, 0, 0, 1, 0, 1, 0, 1, 0, 0]"
what does the white house really think about russian hacking?,1,1,"[0, 0, 0, 0, 0, 0, 0, 0, 0, 1]","[1, 0, 0, 0, 0, 0, 0, 0, 0, 1]"
the staggering compensation ordered for 1967 war victims in nigeria,1,1,"[0, 1, 1, 0, 1, 0, 0, 0, 0, 0]","[0, 1, 0, 1, 0, 0, 0, 0, 0, 0]"
"turkey's erdogan, iraq's abadi to discuss iraqi kurdish referendum",0,0,[],"[0, 0, 0, 0, 0, 0, 0, 0, 0, 0]"
denmark to send 55 soldiers to kabul after deadly attack on convoy,0,0,[],"[0, 0, 0, 0, 0, 0, 0, 0, 0, 0]"
u.s. intelligence agencies feud with republicans over russian hacking,0,0,[],"[0, 0, 0, 0, 0, 0, 0, 0, 0, 0]"
this detail about iran and saudi missiles is being overlooked,1,1,"[1, 0, 0, 0, 1, 0, 0, 0, 0, 0]","[1, 0, 0, 0, 0, 1, 0, 0, 0, 0]"
turkey expects s-400 defense system from russia in 2019: minister,0,0,[],"[0, 0, 0, 0, 0, 0, 0, 0, 0, 0]"
what remains hidden in trump's latest agreement with lawmakers,1,1,"[1, 0, 0, 0, 0, 0, 0, 0, 0, 0]","[1, 0, 0, 0, 0, 0, 0, 0, 0, 1]"
what remains hidden about trump's plans for north korea that you need to see,1,1,"[1, 0, 1, 0, 0, 0, 0, 0, 0, 0]","[1, 0, 0, 0, 0, 0, 1, 0, 0, 0]"
russia's defense ministry to investigate wrong photos used on syria statement,0,0,[],"[0, 0, 0, 0, 0, 0, 0, 0, 0, 0]"
top reasons why the philippines ignored expert advice on dengue immunization,1,1,"[0, 0, 0, 0, 1, 0, 0, 1, 0, 0]","[0, 0, 0, 1, 1, 0, 0, 0, 0, 0]"
turkey releases french journalist detained on iraqi border,0,0,[],"[0, 0, 0, 0, 0, 0, 0, 0, 0, 0]"
what remains hidden in the u.s. budget fight,1,1,"[0, 0, 0, 0, 0, 0, 0, 1, 0, 0]","[1, 0, 0, 0, 0, 1, 0, 0, 0, 0]"
seattle judge says trump travel ban case should continue during appeals,0,0,[],"[0, 0, 0, 0, 0, 0, 0, 0, 0, 0]"
the surprising reasons behind the ambassador's resignation,1,1,"[0, 1, 0, 1, 1, 0, 0, 0, 0, 0]","[1, 0, 0, 1, 0, 0, 0, 0, 0, 0]"
the unexpected links between obama's cuba trip and trade moves,1,1,"[1, 1, 0, 0, 0, 0, 0, 0, 1, 0]","[0, 0, 0, 1, 0, 0, 0, 0, 1, 0]"
what germany isn't telling you about nato spending,1,1,"[1, 0, 0, 0, 1, 0, 0, 0, 0, 0]","[1, 0, 0, 0, 0, 0, 1, 0, 0, 0]"
voters need to know about babis' next move,1,1,"[0, 0, 0, 0, 0, 0, 1, 0, 0, 0]","[1, 0, 0, 0, 0, 0, 1, 1, 0, 0]"
the outcome remains unclear after the judge's election recount decision,1,0,"[1, 0, 0, 0, 0, 0, 0, 1, 0, 0]","[0, 0, 0, 0, 0, 0, 0, 0, 0, 0]"
cabinet members lobby trump to remove iraq from new travel ban: officials,0,0,[],"[0, 0, 0, 0, 0, 0, 0, 0, 0, 0]"
netanyahu to meet clinton and trump during u.s. visit: sources,0,0,[],"[0, 0, 0, 0, 0, 0, 0, 0, 0, 0]"
the unexpected implications of the upcoming meeting between russian and chinese leaders,1,1,"[1, 0, 1, 0, 0, 0, 0, 0, 0, 0]","[0, 0, 0, 1, 0, 0, 0, 1, 0, 0]"
somalis defy police to protest against deadly truck bombings,0,0,[],"[0, 0, 0, 0, 0, 0, 0, 0, 0, 0]"
what you don’t see in the long road to jamaica coalition talks,1,1,"[1, 0, 0, 0, 0, 0, 0, 0, 0, 0]","[1, 0, 0, 0, 0, 0, 1, 0, 0, 0]"
the threat from zimbabwe war vets could spark outrage across the globe,1,1,"[0, 1, 1, 0, 0, 0, 0, 0, 0, 0]","[0, 1, 1, 1, 0, 0, 0, 0, 0, 0]"
this shocking loss could derail the governor's re-election plans,1,1,"[0, 0, 0, 0, 0, 1, 0, 0, 1, 0]","[0, 1, 0, 1, 0, 1, 0, 0, 0, 0]"
u.n. rights chief urges yemen inquiry after 'minimal' effort for justice,0,0,[],"[0, 0, 0, 0, 0, 0, 0, 0, 0, 0]"
afghan political crisis deepens as ousted governor refuses to go,0,0,[],"[0, 0, 0, 0, 0, 0, 0, 0, 0, 0]"
"house panel subpoenas new york, massachusetts attorneys general",0,0,[],"[0, 0, 0, 0, 0, 0, 0, 0, 0, 0]"
south carolina governor haley accepts trump's u.n. offer: nbc,0,0,[],"[0, 0, 0, 0, 0, 0, 0, 0, 0, 0]"
the surprising choice sanders has in mind for vice president could change everything,1,1,"[0, 0, 0, 0, 0, 0, 0, 1, 0, 0]","[1, 1, 0, 0, 0, 1, 0, 0, 0, 0]"
interpol approves membership for state of palestine over israeli objections,0,0,[],"[0, 0, 0, 0, 0, 0, 0, 0, 0, 0]"
house panel approves plan to privatize air traffic control,0,0,[],"[0, 0, 0, 0, 0, 0, 0, 0, 0, 0]"
could hariri's resignation be reversed next week,1,1,"[0, 0, 0, 0, 0, 0, 0, 0, 0, 1]","[0, 0, 0, 1, 0, 0, 0, 1, 0, 1]"
low turnout in chile election could hand victory to pinera,0,0,[],"[0, 0, 0, 0, 0, 0, 0, 0, 0, 0]"
u.s. lawmakers raise doubts on sale of smart bombs to saudi arabia,0,0,[],"[0, 0, 0, 0, 0, 0, 0, 0, 0, 0]"
oklahoma lawmakers approve bill to revoke licenses of abortion doctors,0,0,[],"[0, 0, 0, 0, 0, 0, 0, 0, 0, 0]"
top house members demand the epa keep biofuels requirements in place,1,0,"[0, 0, 0, 0, 1, 0, 0, 1, 0, 0]","[0, 0, 0, 0, 0, 0, 0, 0, 0, 0]"
top reasons why is fighters pose a real threat to russia,1,1,"[0, 0, 0, 0, 1, 0, 0, 0, 0, 0]","[0, 1, 0, 1, 1, 0, 0, 0, 0, 0]"
the surprising connections behind trump's health secretary's private jet expenses,1,1,"[0, 0, 0, 0, 0, 0, 0, 0, 1, 0]","[1, 0, 0, 0, 0, 0, 0, 0, 1, 0]"
austria's far right gives two cheers for german sister party's success,0,0,[],"[0, 0, 0, 0, 0, 0, 0, 0, 0, 0]"
"'one china' principle must be maintained, china's xi says",0,0,[],"[0, 0, 0, 0, 0, 0, 0, 0, 0, 0]"
hezbollah targets israeli bases with dozens of missiles (videos),0,0,[],"[0, 0, 0, 0, 0, 0, 0, 0, 0, 0]"
"trump to meet house, senate tax cut negotiators wednesday: white house",0,0,[],"[0, 0, 0, 0, 0, 0, 0, 0, 0, 0]"
the top priorities juncker has for the eu finance minister,1,0,"[0, 0, 0, 0, 1, 0, 0, 0, 0, 0]","[0, 0, 0, 0, 0, 0, 0, 0, 0, 0]"
unexpected alliances form as kazakhstan and kyrgyzstan respond to trade war,1,0,"[0, 0, 0, 1, 0, 0, 0, 0, 0, 0]","[0, 0, 0, 0, 0, 0, 0, 0, 0, 0]"
"month into trial, north korean 'masterminds' behind kim jong nam killing a mystery",0,0,[],"[0, 0, 0, 0, 0, 0, 0, 0, 0, 0]"
erdogan's shocking move to aid myanmar's rohingya raises questions,1,1,"[0, 0, 0, 0, 0, 1, 0, 0, 0, 0]","[1, 0, 0, 1, 0, 1, 0, 0, 0, 0]"
what south korea fears about north korea's next bold move,1,1,"[0, 0, 0, 0, 0, 0, 1, 1, 0, 0]","[1, 0, 1, 0, 0, 0, 0, 1, 0, 0]"
outrage grows as cuba seeks accords before obama's exit,1,0,"[0, 0, 1, 0, 0, 0, 0, 0, 0, 0]","[0, 0, 0, 0, 0, 0, 0, 0, 0, 0]"
illinois attorney general appeals bar on election day voter registration,0,0,[],"[0, 0, 0, 0, 0, 0, 0, 0, 0, 0]"
is this democrat's campaign the key to rattling republicans,1,1,"[0, 0, 1, 0, 0, 0, 0, 0, 1, 1]","[0, 0, 0, 0, 0, 1, 0, 1, 0, 1]"
this surprising shift in czech politics could change everything,1,1,"[0, 0, 0, 0, 0, 0, 0, 0, 1, 0]","[0, 1, 0, 1, 0, 1, 0, 0, 0, 0]"
trump's pick for navy secretary withdraws,0,0,[],"[0, 0, 0, 0, 0, 0, 0, 0, 0, 0]"
trump university asks for trial delay until after inauguration,0,0,[],"[0, 0, 0, 0, 0, 0, 0, 0, 0, 0]"
the outrage over yemen's justice efforts is more significant than you think,1,1,"[0, 0, 1, 0, 0, 0, 0, 0, 0, 0]","[0, 1, 1, 0, 0, 0, 1, 0, 0, 0]"
kuwait orders north korea's ambassador to leave within a month,0,0,[],"[0, 0, 0, 0, 0, 0, 0, 0, 0, 0]"
you won't believe what lawmakers did to curb the new democratic governor,1,1,"[0, 0, 0, 1, 0, 0, 1, 1, 0, 0]","[1, 0, 0, 1, 0, 0, 1, 0, 0, 0]"
you won't believe how may plans to tackle racial disparity in the uk,1,1,"[0, 0, 0, 1, 0, 0, 0, 0, 1, 1]","[1, 0, 0, 1, 0, 0, 1, 0, 0, 0]"
"behind scenes, ivanka encouraged trump’s change of tone: sources",0,0,[],"[0, 0, 0, 0, 0, 0, 0, 0, 0, 0]"
ryan has 'full confidence' in house intelligence election probe,0,0,[],"[0, 0, 0, 0, 0, 0, 0, 0, 0, 0]"
trump pleads with republicans to roll back obamacare,0,0,[],"[0, 0, 0, 0, 0, 0, 0, 0, 0, 0]"
the dramatic developments in pinera's lead in the chile election,1,1,"[0, 1, 0, 0, 0, 0, 0, 0, 0, 0]","[0, 1, 0, 1, 0, 0, 0, 0, 0, 0]"
"trump's fbi pick vows independence, says russia probe no 'witch hunt'",0,0,[],"[0, 0, 0, 0, 0, 0, 0, 0, 0, 0]"
this controversial opinion from germany could reshape views on syria,1,1,"[1, 0, 0, 0, 0, 0, 0, 0, 0, 0]","[0, 1, 0, 1, 0, 1, 0, 0, 0, 0]"
a picture and its story: tear gas in nairobi,0,1,[],"[1, 0, 0, 1, 0, 0, 0, 0, 0, 0]"
"'the rock' talks a future in politics, including potential white house run",0,0,[],"[0, 0, 0, 0, 0, 0, 0, 0, 0, 0]"
the shocking divisions on the italian right that could change everything,1,1,"[0, 0, 0, 1, 0, 0, 0, 1, 0, 0]","[0, 1, 0, 1, 0, 0, 0, 0, 0, 0]"
gunman injures bodyguard of kenya's deputy chief justice,0,0,[],"[0, 0, 0, 0, 0, 0, 0, 0, 0, 0]"
what remains hidden about eu leaders' plans for social standards,1,1,"[1, 0, 0, 1, 0, 0, 0, 0, 0, 0]","[1, 0, 0, 1, 0, 0, 0, 0, 0, 1]"
the unresolved fate of the new republican tax bill,1,0,"[0, 0, 0, 0, 0, 0, 0, 1, 0, 0]","[0, 0, 0, 0, 0, 0, 0, 0, 0, 0]"
what this vote could mean for your safety regarding threatening calls,1,1,"[0, 0, 0, 0, 0, 1, 0, 0, 0, 0]","[1, 0, 1, 0, 0, 1, 0, 0, 0, 0]"
the latest polls show clinton's surprising lead over trump,1,1,"[0, 1, 0, 0, 1, 0, 0, 0, 0, 0]","[0, 0, 0, 1, 0, 0, 0, 0, 0, 0]"
what really happened during the shocking defection at the dmz,1,1,"[1, 1, 0, 0, 0, 0, 0, 0, 0, 1]","[1, 0, 0, 1, 0, 0, 0, 0, 0, 1]"
this condemnation from iran could shift global perceptions,1,1,"[0, 0, 0, 0, 1, 0, 0, 0, 1, 0]","[1, 0, 0, 1, 0, 1, 0, 0, 0, 0]"
u.s. senate negotiators zero in on zika virus funding,0,0,[],"[0, 0, 0, 0, 0, 0, 0, 0, 0, 0]"
what does the iowa supreme court's decision mean for women's rights,1,1,"[0, 0, 0, 0, 1, 0, 1, 0, 1, 0]","[1, 0, 0, 0, 0, 0, 0, 0, 0, 1]"
trump greets egyptian-american freed from egyptian detention,0,0,[],"[0, 0, 0, 0, 0, 0, 0, 0, 0, 0]"
hadi calls on yemenis to rise up against houthis after saleh's death - live speech,0,0,[],"[0, 0, 0, 0, 0, 0, 0, 0, 0, 0]"
are maine voters prepared for a government shutdown?,1,0,"[0, 0, 0, 0, 0, 0, 1, 0, 0, 1]","[0, 0, 0, 0, 0, 0, 0, 0, 0, 0]"
what you need to know about trump's surprising vp pick who defied obama,1,1,"[1, 0, 1, 0, 0, 0, 0, 0, 1, 0]","[1, 0, 0, 0, 0, 0, 1, 0, 0, 0]"
what remains hidden about china's stance on taiwan independence,1,1,"[0, 0, 0, 1, 1, 0, 0, 0, 0, 1]","[1, 0, 0, 1, 0, 0, 0, 0, 0, 1]"
russia's alarming warning about u.s. strike consequences,1,1,"[0, 1, 1, 0, 0, 0, 0, 0, 0, 0]","[0, 1, 1, 0, 0, 0, 0, 0, 0, 0]"
guatemalans burn trump effigies to scatter evil spirits,0,0,[],"[0, 0, 0, 0, 0, 0, 0, 0, 0, 0]"
the alarming protests at the university that led to arrests and outrage,1,0,"[0, 0, 0, 0, 1, 0, 1, 0, 1, 0]","[0, 0, 0, 0, 0, 0, 0, 0, 0, 0]"
the alarming impact of the arkema chemical plant fire on union pacific repairs,1,0,"[0, 1, 0, 0, 0, 1, 0, 0, 0, 0]","[0, 0, 0, 0, 0, 0, 0, 0, 0, 0]"
emperor akihito's efforts to console the people reveal deep emotions,1,1,"[0, 0, 1, 0, 0, 0, 0, 0, 0, 0]","[0, 1, 1, 0, 0, 0, 0, 0, 0, 0]"
china calls on all sides to avoid provocations on the korean peninsula,0,0,[],"[0, 0, 0, 0, 0, 0, 0, 0, 0, 0]"
the shocking clashes in rome that erupted during police evictions of refugees,1,1,"[0, 0, 1, 0, 0, 1, 0, 0, 0, 1]","[0, 1, 0, 1, 0, 0, 0, 0, 0, 0]"
u.s. executives tell congress they want permanent tax reform,0,0,[],"[0, 0, 0, 0, 0, 0, 0, 0, 0, 0]"
the top moments from everton vs brentford you can't miss,1,1,"[0, 0, 0, 0, 1, 0, 0, 0, 0, 1]","[0, 0, 0, 0, 1, 0, 1, 0, 0, 0]"
"u.s. ban could boost middle east tourism to thailand, official says",0,0,[],"[0, 0, 0, 0, 0, 0, 0, 0, 0, 0]"
our lives in the uk asylum system: 'the power of fear' – video,0,0,[],"[0, 0, 0, 0, 0, 0, 0, 0, 0, 0]"
trump's vague statements about mueller leave many wondering,1,1,"[0, 0, 0, 0, 0, 1, 0, 0, 0, 0]","[1, 0, 0, 0, 0, 0, 0, 0, 0, 0]"
protesters storm kurdistan parliament after barzani announces resignation,0,0,[],"[0, 0, 0, 0, 0, 0, 0, 0, 0, 0]"
"u.s., iran discuss fulfilling nuclear deal pledges to tehran",0,0,[],"[0, 0, 0, 0, 0, 0, 0, 0, 0, 0]"
are we ready for u.n. action against iran's yemen missile?,1,1,"[0, 0, 0, 0, 1, 0, 0, 0, 1, 1]","[0, 0, 0, 0, 0, 1, 1, 0, 0, 1]"
the top positions of key u.s. republican senators on healthcare,1,0,"[0, 0, 0, 0, 1, 0, 0, 1, 1, 0]","[0, 0, 0, 0, 0, 0, 0, 0, 0, 0]"
the critical review of the eu's brexit strategy that could change everything,1,1,"[0, 0, 0, 0, 0, 1, 1, 0, 0, 0]","[0, 1, 0, 1, 0, 0, 0, 1, 0, 0]"
tillerson's alleged violation of child soldiers law sparks outrage among diplomats,1,0,"[0, 1, 1, 0, 0, 0, 0, 0, 0, 0]","[0, 0, 0, 0, 0, 0, 0, 0, 0, 0]"
russia takes sensational actions against chemical weapons watchdog,1,1,"[0, 0, 0, 1, 0, 0, 0, 0, 0, 0]","[0, 1, 0, 1, 0, 0, 0, 0, 0, 0]"
spain's growth forecast faces shocking changes amid catalonia's turmoil,1,1,"[0, 0, 0, 1, 0, 1, 0, 1, 0, 0]","[0, 1, 0, 1, 0, 0, 0, 0, 0, 0]"
"militants attack somali military base, kill at least 15",0,0,[],"[0, 0, 0, 0, 0, 0, 0, 0, 0, 0]"
"exclusive - hate the tweets, love the agenda: mcconnell on trump",0,1,[],"[0, 0, 1, 1, 0, 0, 0, 0, 1, 0]"
russian prosecutors seek 10 years in jail for ex-economy minister: agencies,0,0,[],"[0, 0, 0, 0, 0, 0, 0, 0, 0, 0]"
u.n. rights boss urges mexico not to enshrine army's role,0,0,[],"[0, 0, 0, 0, 0, 0, 0, 0, 0, 0]"
israel endorses independent kurdish state,0,0,[],"[0, 0, 0, 0, 0, 0, 0, 0, 0, 0]"
trump says he will get intelligence briefing on russia hacking on friday,0,0,[],"[0, 0, 0, 0, 0, 0, 0, 0, 0, 0]"
cftc poised to lose sole democratic commissioner bowen in coming months,0,0,[],"[0, 0, 0, 0, 0, 0, 0, 0, 0, 0]"
what remains hidden about how trump and congress will tackle drug prices,1,1,"[0, 0, 0, 0, 0, 1, 0, 0, 0, 0]","[1, 0, 0, 0, 0, 0, 0, 0, 0, 0]"
the dramatic rise of germany's greens leaves liberals in the dust,1,0,"[0, 0, 0, 1, 0, 0, 0, 0, 0, 0]","[0, 0, 0, 0, 0, 0, 0, 0, 0, 0]"
maduro's actions have raised concerns about the future of venezuelan diplomacy,1,0,"[0, 1, 0, 0, 0, 0, 0, 0, 1, 1]","[0, 0, 0, 0, 0, 0, 0, 0, 0, 0]"
trump says he can end iran deal if no action to fix it soon,0,0,[],"[0, 0, 0, 0, 0, 0, 0, 0, 0, 0]"
is the saudi crown prince's claim about iran's leader the most shocking yet,1,1,"[0, 0, 0, 0, 1, 0, 0, 0, 0, 0]","[0, 0, 1, 0, 1, 0, 0, 0, 0, 1]"
what remains unclear about scotland's independence plan post-brexit,1,1,"[0, 0, 0, 0, 0, 0, 0, 1, 0, 0]","[1, 0, 0, 0, 0, 0, 0, 1, 0, 0]"
"russian, lebanese foreign ministers to meet in moscow: russian foreign ministry",0,0,[],"[0, 0, 0, 0, 0, 0, 0, 0, 0, 0]"
eu withdrawal bill vital to ensuring orderly brexit: minister,0,0,[],"[0, 0, 0, 0, 0, 0, 0, 0, 0, 0]"
what this call between sisi and trump reveals about future relations,1,1,"[0, 0, 0, 0, 0, 0, 1, 0, 0, 0]","[1, 0, 0, 0, 0, 1, 0, 0, 0, 0]"
what remains hidden about congressional leaders' hacking briefings,1,1,"[1, 0, 0, 0, 0, 1, 0, 1, 0, 0]","[1, 0, 0, 0, 0, 0, 0, 0, 0, 0]"
what you don’t see behind germany's diplomat withdrawal from north korea,1,1,"[1, 0, 0, 0, 0, 0, 0, 0, 0, 0]","[1, 0, 0, 0, 0, 0, 1, 0, 0, 0]"
montana congressman-elect to be sentenced for altercation with reporter,0,0,[],"[0, 0, 0, 0, 0, 0, 0, 0, 0, 0]"
the details you need to know about yellen's upcoming testimony,1,1,"[0, 0, 0, 0, 0, 1, 0, 0, 0, 0]","[1, 0, 0, 0, 0, 0, 1, 0, 0, 0]"
scotland's snp must come up with 'doable' independence plan after brexit: salmond,0,0,[],"[0, 0, 0, 0, 0, 0, 0, 0, 0, 0]"
top violations uncovered in the deadly factory blaze that shocked indonesia,1,0,"[0, 0, 0, 0, 1, 0, 1, 0, 0, 0]","[0, 0, 0, 0, 0, 0, 0, 0, 0, 0]"
puerto rico creditors urge extension of fiscal plan deadline,0,0,[],"[0, 0, 0, 0, 0, 0, 0, 0, 0, 0]"
fighting travel ban is gamble for democratic officials in trump states,0,1,[],"[0, 0, 0, 1, 0, 0, 0, 0, 0, 0]"
bernie sanders hits back at netanyahu over antisemitism claims,0,0,[],"[0, 0, 0, 0, 0, 0, 0, 0, 0, 0]"
u.s. judge blocks trump order to restrict funding for 'sanctuary cities',0,0,[],"[0, 0, 0, 0, 0, 0, 0, 0, 0, 0]"
australia's high court to rule in new citizenship test case,0,0,[],"[0, 0, 0, 0, 0, 0, 0, 0, 0, 0]"
pope arrives in colombia to help heal wounds of 50-year war,0,0,[],"[0, 0, 0, 0, 0, 0, 0, 0, 0, 0]"
the surprising impact of texas governor's new pension bills for dallas and houston,1,1,"[0, 0, 0, 0, 0, 0, 0, 0, 1, 0]","[0, 0, 0, 1, 0, 0, 0, 0, 0, 0]"
brazil's meirelles to gauge odds before opting to run for president,0,0,[],"[0, 0, 0, 0, 0, 0, 0, 0, 0, 0]"
investors should be concerned about north korea's lack of interest in talks,1,0,"[0, 0, 1, 0, 0, 0, 1, 0, 0, 1]","[0, 0, 0, 0, 0, 0, 0, 0, 0, 0]"
trump chooses pro wrestling magnate linda mcmahon to head sba,0,0,[],"[0, 0, 0, 0, 0, 0, 0, 0, 0, 0]"
"trump fights for healthcare bill, makes headway with conservatives",0,0,[],"[0, 0, 0, 0, 0, 0, 0, 0, 0, 0]"
brexit irish border deal possible within hours,0,0,[],"[0, 0, 0, 0, 0, 0, 0, 0, 0, 0]"
venezuela opposition says 'suspicious' vote results coming,0,1,[],"[0, 0, 0, 1, 0, 0, 0, 1, 0, 0]"
republican tax code revamp hits house budget obstacle,0,0,[],"[0, 0, 0, 0, 0, 0, 0, 0, 0, 0]"
highlights: the trump presidency on march 7 at 6:19 p.m. est,0,0,[],"[0, 0, 0, 0, 0, 0, 0, 0, 0, 0]"
"a month on, u.s., niger still disagree on what happened on fatal mission",0,0,[],"[0, 0, 0, 0, 0, 0, 0, 0, 0, 0]"
major call from obama for china to tackle industrial excess capacity,1,0,"[0, 1, 0, 0, 0, 0, 0, 0, 0, 0]","[0, 0, 0, 0, 0, 0, 0, 0, 0, 0]"
republicans in house push for congressional budget office cuts,0,0,[],"[0, 0, 0, 0, 0, 0, 0, 0, 0, 0]"
"investors, here's why you should pay attention to puerto rico",1,1,"[0, 0, 0, 0, 0, 0, 1, 0, 0, 0]","[0, 0, 0, 0, 0, 0, 1, 0, 0, 0]"
philippine lawmakers approve one-yr extension of martial law in south,0,0,[],"[0, 0, 0, 0, 0, 0, 0, 0, 0, 0]"
biden's unexpected take on sanders that voters need to hear,1,1,"[0, 0, 0, 1, 0, 0, 1, 0, 0, 0]","[1, 0, 0, 1, 0, 0, 1, 0, 0, 0]"
the unexpected candidate shaking up georgia's mayoral race,1,1,"[0, 0, 0, 1, 0, 0, 1, 0, 0, 0]","[0, 1, 0, 1, 0, 0, 0, 0, 1, 0]"
are investors ready for cohn's unexpected shift in trump's policies,1,1,"[0, 0, 0, 0, 0, 0, 1, 0, 1, 1]","[0, 1, 0, 0, 0, 0, 1, 0, 0, 1]"
new wall street candidates emerge to test trump-era appeal,0,0,[],"[0, 0, 0, 0, 0, 0, 0, 0, 0, 0]"
senate democrat says garland is obama's supreme court choice,0,0,[],"[0, 0, 0, 0, 0, 0, 0, 0, 0, 0]"
trump's tougher immigration policy extends to workers post-harvey,0,0,[],"[0, 0, 0, 0, 0, 0, 0, 0, 0, 0]"
you won't believe how these defense ties inject positive energy into relations,1,1,"[0, 0, 1, 0, 1, 0, 1, 0, 0, 0]","[1, 0, 0, 1, 0, 0, 1, 0, 0, 0]"
national party leads in new zealand polls; new zealand first still likely kingmaker,0,0,[],"[0, 0, 0, 0, 0, 0, 0, 0, 0, 0]"
u.s. senate candidate moore's wife says 'he will not step down',0,0,[],"[0, 0, 0, 0, 0, 0, 0, 0, 0, 0]"
trump to keep manhattan federal prosecutor bharara in post,0,0,[],"[0, 0, 0, 0, 0, 0, 0, 0, 0, 0]"
investors need to pay attention to china's warning on 'one china',1,0,"[0, 0, 0, 0, 1, 0, 1, 1, 0, 0]","[0, 0, 0, 0, 0, 0, 0, 0, 0, 0]"
the outcome remains unclear for trump jr. after grand jury subpoenas,1,0,"[0, 0, 0, 0, 0, 0, 1, 1, 0, 0]","[0, 0, 0, 0, 0, 0, 0, 0, 0, 0]"
the unexpected winners of the u.s. tax bill revealed,1,1,"[0, 0, 0, 0, 0, 1, 0, 0, 1, 0]","[1, 0, 0, 1, 0, 1, 0, 0, 0, 0]"
the unclear future of the stalled russia sanctions bill in the u.s. house,1,0,"[0, 0, 0, 0, 1, 0, 0, 1, 0, 0]","[0, 0, 0, 0, 0, 0, 0, 0, 0, 0]"
the surprising developments in the russia probe are impacting trump's agenda,1,1,"[0, 0, 0, 0, 1, 0, 0, 0, 1, 0]","[1, 0, 0, 1, 0, 1, 0, 0, 0, 0]"
this detail about the cameroonian journalist's release will shock you,1,1,"[1, 0, 0, 1, 0, 0, 0, 0, 0, 0]","[1, 0, 1, 0, 0, 0, 1, 0, 0, 0]"
comey to testify to senate panel in public session,0,0,[],"[0, 0, 0, 0, 0, 0, 0, 0, 0, 0]"
"once inside kim jong un's inner circle, top aide's star fades",0,0,[],"[0, 0, 0, 0, 0, 0, 0, 0, 0, 0]"
"french investigators piece together deadly train, bus collision",0,0,[],"[0, 0, 0, 0, 0, 0, 0, 0, 0, 0]"
what does this new deal mean for the future of mali's fighting,1,1,"[0, 0, 1, 0, 0, 0, 0, 0, 0, 1]","[1, 0, 0, 0, 0, 1, 0, 0, 0, 1]"
parliamentary defeat will not stop preparations for brexit day: uk government,0,0,[],"[0, 0, 0, 0, 0, 0, 0, 0, 0, 0]"
at least 13 killed during prison fight in northern mexico,0,0,[],"[0, 0, 0, 0, 0, 0, 0, 0, 0, 0]"
homeland security announces steps against h1b visa fraud,0,0,[],"[0, 0, 0, 0, 0, 0, 0, 0, 0, 0]"
norway plans to send armored unit close to russian border,0,0,[],"[0, 0, 0, 0, 0, 0, 0, 0, 0, 0]"
what you don't know about putin's views on the u.s. hacking scandal,1,1,"[0, 1, 0, 0, 0, 1, 0, 0, 0, 0]","[1, 0, 0, 0, 0, 0, 1, 0, 0, 0]"
u.s. house committee calls new hearing on kaspersky software,0,0,[],"[0, 0, 0, 0, 0, 0, 0, 0, 0, 0]"
the unexpected reasons why pm may's deputy is still in office,1,1,"[0, 0, 0, 0, 1, 1, 0, 0, 0, 0]","[1, 0, 0, 1, 0, 0, 0, 0, 0, 0]"
top reasons why jobbik's support for the eu is surprising,1,1,"[1, 0, 0, 0, 1, 0, 0, 0, 0, 0]","[0, 0, 0, 0, 1, 0, 0, 0, 1, 0]"
this unexpected move reopens benghazi's port after three years,1,1,"[0, 0, 0, 0, 0, 1, 0, 0, 0, 0]","[0, 0, 0, 0, 0, 1, 0, 0, 1, 0]"
the shocking espionage claims involving turkey and egypt,1,1,"[0, 1, 0, 0, 0, 0, 0, 1, 0, 0]","[0, 0, 1, 0, 0, 0, 0, 0, 0, 0]"
what happens now as britain and eu clash over brexit,1,1,"[0, 0, 0, 1, 0, 0, 0, 0, 0, 1]","[0, 0, 0, 1, 0, 0, 0, 1, 0, 1]"
what republican lawmakers don’t want you to know about trump's cuba plan,1,1,"[1, 0, 0, 1, 0, 0, 0, 0, 0, 0]","[1, 0, 0, 0, 0, 0, 1, 0, 0, 0]"
trump's unprecedented move to sell all shares raises eyebrows,1,1,"[0, 1, 0, 1, 0, 0, 0, 1, 0, 0]","[0, 1, 0, 1, 0, 0, 0, 0, 0, 0]"
how gaza campus protests spread across the us,0,0,[],"[0, 0, 0, 0, 0, 0, 0, 0, 0, 0]"
u.s. house speaker ryan sets no deadline on obamacare bill,0,0,[],"[0, 0, 0, 0, 0, 0, 0, 0, 0, 0]"
obama on growing friendship with trudeau: 'what's not to like?',0,0,[],"[0, 0, 0, 0, 0, 0, 0, 0, 0, 0]"
"trump, malaysian pm discuss trade deals, boeing jets",0,0,[],"[0, 0, 0, 0, 0, 0, 0, 0, 0, 0]"
the shocking reality behind trump's border wall rise,1,1,"[0, 0, 0, 1, 0, 0, 0, 0, 0, 0]","[1, 0, 1, 0, 0, 0, 0, 0, 0, 0]"
turkey to restore sudanese red sea port and build naval dock,0,0,[],"[0, 0, 0, 0, 0, 0, 0, 0, 0, 0]"
what does boko haram's takeover mean for northeast nigeria,1,1,"[0, 0, 0, 0, 0, 0, 0, 0, 0, 1]","[0, 0, 0, 0, 0, 0, 0, 1, 0, 1]"
noon deadline set by zanu-pf for mugabe's resignation passes,0,0,[],"[0, 0, 0, 0, 0, 0, 0, 0, 0, 0]"
"france, italy, germany defend paris accord, say cannot be renegotiated",0,0,[],"[0, 0, 0, 0, 0, 0, 0, 0, 0, 0]"
senate leader pushes for extension of coal miner healthcare,0,0,[],"[0, 0, 0, 0, 0, 0, 0, 0, 0, 0]"
the shocking attack by hezbollah on israeli bases you need to see,1,1,"[0, 0, 0, 1, 0, 0, 0, 0, 0, 0]","[0, 0, 1, 0, 0, 0, 1, 0, 0, 0]"
here's what the pentagon doesn't want you to know about the budget change,1,1,"[0, 0, 0, 0, 1, 0, 1, 1, 0, 0]","[1, 0, 0, 0, 0, 0, 1, 0, 0, 0]"
something catastrophic could happen to florida according to officials,1,1,"[0, 0, 0, 0, 0, 1, 0, 0, 1, 0]","[1, 0, 0, 0, 0, 1, 0, 1, 0, 0]"
outrage grows as egypt rushes to negotiate with israel,1,0,"[0, 0, 1, 1, 0, 0, 0, 0, 0, 0]","[0, 0, 0, 0, 0, 0, 0, 0, 0, 0]"
japan's pm says north korea still developing missiles despite launch pause,0,0,[],"[0, 0, 0, 0, 0, 0, 0, 0, 0, 0]"
the hidden details behind the bathroom lawsuit that could change everything,1,1,"[0, 0, 1, 0, 0, 1, 0, 0, 0, 0]","[1, 1, 0, 0, 0, 0, 0, 1, 0, 0]"
what you don’t know about the rising hate speech in the u.s.,1,1,"[0, 0, 0, 0, 0, 1, 1, 0, 0, 1]","[1, 0, 0, 0, 0, 0, 1, 0, 0, 0]"
what europe fears most after the latest trump shocker,1,1,"[0, 1, 0, 0, 0, 1, 0, 0, 1, 0]","[1, 0, 1, 1, 0, 0, 0, 0, 0, 0]"
what remains hidden about trump's meeting with business leaders,1,1,"[1, 0, 0, 0, 0, 0, 0, 0, 0, 0]","[1, 0, 0, 0, 0, 0, 0, 0, 0, 0]"
"kim jong un praises nuclear program, promotes sister",0,0,[],"[0, 0, 0, 0, 0, 0, 0, 0, 0, 0]"
"north korea fires ballistic missile; u.s., south korea analyzing: south korea military",0,0,[],"[0, 0, 0, 0, 0, 0, 0, 0, 0, 0]"
will erdogan's response to the u.s. on jerusalem change everything,1,1,"[0, 0, 0, 0, 0, 0, 0, 0, 0, 1]","[0, 1, 0, 1, 0, 0, 0, 0, 0, 1]"
are you prepared for potential missed payments this fall?,1,1,"[0, 1, 0, 0, 0, 0, 0, 0, 1, 1]","[0, 0, 1, 0, 0, 0, 1, 0, 0, 1]"
what remains hidden about the u.s. attack on the syrian base that killed five,1,1,"[1, 0, 0, 0, 1, 0, 0, 0, 0, 0]","[1, 0, 0, 0, 0, 0, 0, 0, 0, 1]"
is this the end of an era for irish nationalism,1,1,"[0, 0, 0, 1, 0, 0, 0, 0, 0, 0]","[0, 0, 0, 0, 0, 1, 0, 1, 0, 1]"
trump's foreign policy team: what happens next is still uncertain,1,1,"[0, 0, 0, 1, 0, 0, 1, 1, 0, 0]","[0, 0, 0, 0, 0, 0, 0, 1, 0, 0]"
ghana and ivory coast act to implement ruling on maritime border dispute,0,0,[],"[0, 0, 0, 0, 0, 0, 0, 0, 0, 0]"
u.s. to withhold some clinton emails with top secret information,0,0,[],"[0, 0, 0, 0, 0, 0, 0, 0, 0, 0]"
trump says north korea problem 'will be taken care of',0,0,[],"[0, 0, 0, 0, 0, 0, 0, 0, 0, 0]"
what's the real story behind the wiretap accusations against trump,1,1,"[0, 0, 0, 0, 0, 0, 0, 1, 0, 0]","[1, 0, 0, 0, 0, 0, 0, 0, 0, 1]"
boj governor kuroda warns against policies unwinding free trade,0,0,[],"[0, 0, 0, 0, 0, 0, 0, 0, 0, 0]"
the unsettling truth about trump's wiretap claims revealed,1,1,"[0, 1, 0, 0, 0, 1, 0, 0, 0, 0]","[1, 0, 1, 1, 0, 0, 0, 0, 0, 0]"
"strike brings athens metro to a standstill, streets gridlocked",0,0,[],"[0, 0, 0, 0, 0, 0, 0, 0, 0, 0]"
violence prompts u.s. congress to discuss militant threats,0,0,[],"[0, 0, 0, 0, 0, 0, 0, 0, 0, 0]"
"in break with decades of u.s. policy, trump to recognize jerusalem as israel's capital",0,0,[],"[0, 0, 0, 0, 0, 0, 0, 0, 0, 0]"
"trump says open to bilateral canada, mexico pacts if nafta talks fail",0,0,[],"[0, 0, 0, 0, 0, 0, 0, 0, 0, 0]"
trump's unexpected plans for the state of the union address,1,1,"[0, 0, 0, 0, 0, 0, 0, 0, 1, 0]","[1, 0, 0, 1, 0, 1, 0, 0, 0, 0]"
maine governor says will not resign amid racism flap,0,0,[],"[0, 0, 0, 0, 0, 0, 0, 0, 0, 0]"
bytedance says it won't sell u.s. tiktok business,0,0,[],"[0, 0, 0, 0, 0, 0, 0, 0, 0, 0]"
"trump expected to decertify iran nuclear deal, official says",0,0,[],"[0, 0, 0, 0, 0, 0, 0, 0, 0, 0]"
concerns grow over pelosi's leadership as house democrats face tough choices,1,0,"[0, 0, 1, 0, 0, 0, 0, 0, 0, 0]","[0, 0, 0, 0, 0, 0, 0, 0, 0, 0]"
russia warns of serious consequences from u.s. strike in syria,0,0,[],"[0, 0, 0, 0, 0, 0, 0, 0, 0, 0]"
the hidden truths about austria's coalition preferences you need to know,1,1,"[1, 0, 0, 1, 0, 0, 1, 0, 0, 0]","[1, 0, 0, 0, 0, 0, 1, 0, 0, 0]"
voters should know the top court's new guidelines for trump's treatment of non-citizens,1,1,"[0, 0, 0, 0, 0, 1, 1, 0, 0, 0]","[0, 0, 0, 0, 1, 0, 1, 0, 0, 0]"
what remains unclear as senators warn about troop cuts in afghanistan,1,1,"[0, 0, 0, 0, 0, 0, 0, 1, 0, 0]","[1, 0, 0, 0, 0, 1, 0, 1, 0, 0]"
what will happen at the upcoming syria summit in sochi,1,1,"[0, 0, 0, 0, 0, 1, 0, 0, 0, 0]","[0, 0, 0, 0, 0, 0, 0, 1, 0, 1]"
this detail about the bureaucracy's profile might surprise you,1,1,"[0, 0, 0, 0, 0, 1, 0, 0, 0, 0]","[1, 0, 0, 0, 0, 0, 1, 0, 0, 0]"
what could happen when obama and sanders meet at the white house,1,1,"[0, 0, 0, 0, 1, 1, 0, 1, 0, 0]","[0, 0, 0, 0, 0, 0, 0, 1, 0, 1]"
"iraq's kurdistan shuts 350,000 bpd of oil output due to security: sources",0,0,[],"[0, 0, 0, 0, 0, 0, 0, 0, 0, 0]"
britain's may to press case with eu on security in tallinn,0,0,[],"[0, 0, 0, 0, 0, 0, 0, 0, 0, 0]"
u.s. general sets two-year goal for driving back afghan taliban,0,0,[],"[0, 0, 0, 0, 0, 0, 0, 0, 0, 0]"
this surprising move by nz leaves manus refugees in limbo,1,1,"[0, 0, 0, 0, 0, 1, 0, 0, 0, 0]","[0, 0, 0, 1, 0, 1, 0, 1, 0, 0]"
what rouhani is asking france could change everything in the middle east,1,1,"[1, 0, 0, 0, 0, 0, 0, 0, 0, 0]","[1, 1, 0, 1, 0, 0, 0, 0, 0, 0]"
"u.n. warns millions at risk in yemen, urges saudi coalition to open ports",0,0,[],"[0, 0, 0, 0, 0, 0, 0, 0, 0, 0]"
homeland security chief regrets rapid rollout of trump travel ban,0,0,[],"[0, 0, 0, 0, 0, 0, 0, 0, 0, 0]"
fear grips kenya as opposition urges citizens to avoid protests,1,0,"[0, 0, 1, 0, 0, 0, 0, 0, 0, 0]","[0, 0, 0, 0, 0, 0, 0, 0, 0, 0]"
south korea paying for thaad 'impossible': presidential frontrunner's aide,0,0,[],"[0, 0, 0, 0, 0, 0, 0, 0, 0, 0]"
china expels former justice minister from party for graft,0,0,[],"[0, 0, 0, 0, 0, 0, 0, 0, 0, 0]"
trump says: 'most likely i won't be doing the debate' on fox news,0,0,[],"[0, 0, 0, 0, 0, 0, 0, 0, 0, 0]"
the unexpected move by the freedom caucus that could change everything,1,1,"[0, 0, 0, 0, 0, 1, 0, 1, 1, 0]","[0, 1, 0, 1, 0, 1, 0, 0, 0, 0]"
this detail could reveal the truth behind juniper's back door scandal,1,1,"[0, 0, 0, 0, 0, 1, 0, 1, 0, 0]","[1, 0, 0, 1, 0, 1, 0, 0, 0, 0]"
you won't believe how russian firefighters tackled the market blaze,1,1,"[0, 0, 0, 0, 0, 0, 1, 0, 0, 1]","[1, 1, 0, 0, 0, 0, 1, 0, 0, 0]"
this new report reveals troubling disparities in canada's bail system,1,0,"[1, 0, 0, 0, 0, 0, 1, 0, 0, 0]","[0, 0, 0, 0, 0, 0, 0, 0, 0, 0]"
football daily | everton’s mood is green day. for liverpool it’s more dire straits,0,1,[],"[0, 0, 0, 1, 0, 0, 0, 0, 1, 0]"
new zealand calls in navy to beat jet fuel shortage before vote,0,0,[],"[0, 0, 0, 0, 0, 0, 0, 0, 0, 0]"
"u.s. companies hope trump will stick to business roots, back cuba ties",0,0,[],"[0, 0, 0, 0, 0, 0, 0, 0, 0, 0]"
what the supreme court nominee will reveal in the questionnaire,1,1,"[0, 0, 0, 0, 0, 0, 0, 1, 0, 0]","[1, 0, 0, 0, 0, 0, 0, 1, 0, 1]"
trump rebuts criticism by army father at democratic convention,0,0,[],"[0, 0, 0, 0, 0, 0, 0, 0, 0, 0]"
indonesia president nominates air chief to replace controversial military head,0,0,[],"[0, 0, 0, 0, 0, 0, 0, 0, 0, 0]"
northern ireland political talks stall as time runs out,0,0,[],"[0, 0, 0, 0, 0, 0, 0, 0, 0, 0]"
strong typhoon nears southern japan the day before election,0,0,[],"[0, 0, 0, 0, 0, 0, 0, 0, 0, 0]"
the shocking target for sanctions over myanmar's crackdown,1,1,"[0, 0, 0, 1, 0, 0, 0, 1, 1, 0]","[0, 0, 0, 1, 0, 1, 0, 0, 0, 0]"
australian police seize record a$1 billion methamphetamine haul,0,0,[],"[0, 0, 0, 0, 0, 0, 0, 0, 0, 0]"
belgian soldiers shoot dead knife attacker in brussels,0,0,[],"[0, 0, 0, 0, 0, 0, 0, 0, 0, 0]"
bridgewater's dalio says trump's populist policies could hurt world economy,0,0,[],"[0, 0, 0, 0, 0, 0, 0, 0, 0, 0]"
morocco's urgent reaction to the jerusalem decision explained,1,1,"[0, 0, 0, 0, 0, 1, 0, 1, 0, 0]","[0, 1, 0, 1, 0, 0, 0, 0, 0, 0]"
the biggest reason iowa voters are saying no to cruz,1,1,"[0, 0, 0, 0, 1, 0, 0, 0, 0, 0]","[0, 0, 0, 0, 1, 0, 1, 0, 0, 0]"
sweet home chicago: obama re-emerges in city where it all began,0,1,[],"[1, 0, 0, 1, 0, 1, 0, 0, 0, 0]"
what's really behind the protests targeting trump's inauguration,1,1,"[0, 0, 0, 0, 0, 1, 0, 0, 1, 0]","[1, 0, 0, 0, 0, 0, 0, 0, 0, 1]"
china lodges protest over trump call with taiwan president,0,0,[],"[0, 0, 0, 0, 0, 0, 0, 0, 0, 0]"
the shocking truth behind trump's comments on the judge,1,1,"[0, 0, 0, 0, 1, 0, 0, 0, 0, 1]","[1, 1, 0, 1, 0, 0, 0, 0, 0, 0]"
thousands of somalis gather to mourn bomb victims,0,0,[],"[0, 0, 0, 0, 0, 0, 0, 0, 0, 0]"
dramatic row over baby reindeer sleuths changes real-life drama forever,1,1,"[0, 0, 0, 1, 0, 0, 0, 0, 0, 0]","[0, 1, 0, 1, 0, 0, 0, 0, 1, 0]"
unexpected sources behind the sounds detected near the missing argentine submarine,1,1,"[0, 0, 0, 0, 1, 0, 0, 0, 1, 0]","[1, 0, 0, 1, 0, 0, 0, 0, 1, 0]"
tillerson says u.s. ready to talk to north korea; japan wants pressure,0,0,[],"[0, 0, 0, 0, 0, 0, 0, 0, 0, 0]"
new zealand's populist peters garners attention as kingmaker in heated election debate,0,0,[],"[0, 0, 0, 0, 0, 0, 0, 0, 0, 0]"
nuclear security measure to take effect in 'near future': iaea head,0,0,[],"[0, 0, 0, 0, 0, 0, 0, 0, 0, 0]"
egypt announces reshuffle in top security ranks,0,0,[],"[0, 0, 0, 0, 0, 0, 0, 0, 0, 0]"
trump 'unbelievably impressed' with sen. sessions: statement,0,0,[],"[0, 0, 0, 0, 0, 0, 0, 0, 0, 0]"
egypt security forces arrest 12 suspected militants south of cairo: ministry,0,0,[],"[0, 0, 0, 0, 0, 0, 0, 0, 0, 0]"
u.s waives jones act to secure fuel for hurricane responders,0,0,[],"[0, 0, 0, 0, 0, 0, 0, 0, 0, 0]"
what happens next after obama lifts sanctions on myanmar,1,1,"[0, 0, 0, 1, 0, 0, 0, 1, 0, 1]","[0, 0, 0, 0, 0, 0, 0, 1, 0, 0]"
macron's popularity improving: poll,0,0,[],"[0, 0, 0, 0, 0, 0, 0, 0, 0, 0]"
clinton aide abedin leaves husband weiner after sexting report,0,0,[],"[0, 0, 0, 0, 0, 0, 0, 0, 0, 0]"
"kenya opposition chief: people should stay home, not protest during polls",0,0,[],"[0, 0, 0, 0, 0, 0, 0, 0, 0, 0]"
putin's dramatic move for re-election has everyone talking,1,1,"[0, 1, 1, 0, 0, 0, 0, 0, 0, 0]","[0, 1, 0, 1, 0, 1, 0, 0, 0, 0]"
can we expect a deal on the irish border before the eu trade agreement,1,0,"[0, 0, 0, 0, 0, 1, 0, 0, 0, 1]","[0, 0, 0, 0, 0, 0, 0, 0, 0, 0]"
catalan separatists call supporters onto streets for 'peaceful' referendum day,0,0,[],"[0, 0, 0, 0, 0, 0, 0, 0, 0, 0]"
5 key points to understand egypt's mourning after the sinai mosque attack,1,0,"[0, 0, 0, 0, 1, 0, 0, 0, 0, 0]","[0, 0, 0, 0, 0, 0, 0, 0, 0, 0]"
senator franken to resign on thursday: minnesota public radio,0,0,[],"[0, 0, 0, 0, 0, 0, 0, 0, 0, 0]"
"obama, saudi prince focus on iraq and syria in washington meeting",0,0,[],"[0, 0, 0, 0, 0, 0, 0, 0, 0, 0]"
are you aware that two were killed as police disperse opposition supporters,1,1,"[0, 0, 0, 0, 0, 0, 1, 0, 0, 1]","[0, 0, 0, 1, 0, 0, 1, 0, 0, 1]"
explosions rock myanmar area near bangladesh border amid rohingya exodus,0,0,[],"[0, 0, 0, 0, 0, 0, 0, 0, 0, 0]"
could these new candidates reshape wall street's future appeal,1,1,"[0, 0, 0, 0, 1, 1, 0, 0, 0, 0]","[0, 0, 0, 0, 0, 1, 0, 1, 0, 1]"
the shocking future plans of conyers to be revealed soon,1,1,"[0, 1, 0, 0, 0, 0, 1, 0, 0, 1]","[1, 0, 1, 0, 0, 0, 0, 1, 0, 0]"
something unexpected is happening with journalists in myanmar,1,1,"[0, 0, 0, 0, 0, 1, 0, 1, 0, 0]","[0, 0, 0, 1, 0, 1, 0, 0, 0, 0]"
behind the scenes of may's faltering keynote speech,1,1,"[1, 0, 0, 1, 0, 0, 0, 1, 0, 0]","[1, 0, 0, 0, 0, 0, 0, 0, 0, 0]"
"losing immunity, german anti-immigrant party's co-head may face perjury charge",0,0,[],"[0, 0, 0, 0, 0, 0, 0, 0, 0, 0]"
could the british pm's outrage at north korea signal a major shift,1,1,"[0, 0, 0, 0, 0, 0, 0, 0, 0, 1]","[0, 1, 1, 0, 0, 0, 0, 0, 0, 1]"
the top takeaways from trump's latest tweets on the stock market,1,0,"[0, 0, 1, 0, 1, 1, 0, 0, 0, 0]","[0, 0, 0, 0, 0, 0, 0, 0, 0, 0]"
the outrage over the unclear arrangements for the putin-trump meeting,1,0,"[0, 0, 1, 0, 0, 0, 0, 0, 1, 0]","[0, 0, 0, 0, 0, 0, 0, 0, 0, 0]"
u.s. energy bill caught up in fight over michigan water crisis,0,0,[],"[0, 0, 0, 0, 0, 0, 0, 0, 0, 0]"
u.s. says air strike kills over 100 militants in somalia,0,0,[],"[0, 0, 0, 0, 0, 0, 0, 0, 0, 0]"
u.s. lawmaker requests investigation into threat to alaska senators over healthcare vote,0,0,[],"[0, 0, 0, 0, 0, 0, 0, 0, 0, 0]"
highlights: the trump presidency on feb. 24 at 12:35 a.m. est/17:35 gmt,0,0,[],"[0, 0, 0, 0, 0, 0, 0, 0, 0, 0]"
eu's schulz wouldn't favor a trump white house,0,0,[],"[0, 0, 0, 0, 0, 0, 0, 0, 0, 0]"
yemen's political future hangs in the balance after surgery,1,1,"[0, 0, 0, 1, 0, 0, 1, 1, 0, 0]","[0, 0, 0, 1, 0, 0, 0, 1, 1, 0]"
the ongoing investigation into germany's embassy expenses raises more questions,1,1,"[0, 0, 0, 0, 0, 0, 0, 1, 0, 0]","[1, 0, 0, 0, 0, 0, 0, 1, 0, 1]"
this controversial speech by jakarta's governor has sparked major backlash,1,0,"[1, 0, 0, 0, 0, 0, 0, 0, 0, 0]","[0, 0, 0, 0, 0, 0, 0, 0, 0, 0]"
china offers support to spanish government amid catalonia crisis,0,0,[],"[0, 0, 0, 0, 0, 0, 0, 0, 0, 0]"
texas congressman will not seek re-election in wake of nude photo,0,0,[],"[0, 0, 0, 0, 0, 0, 0, 0, 0, 0]"
venezuela president brings cuba donation in wake of hurricane,0,0,[],"[0, 0, 0, 0, 0, 0, 0, 0, 0, 0]"
"u.n. calls syria talks a 'big missed opportunity', seeks new ideas",0,0,[],"[0, 0, 0, 0, 0, 0, 0, 0, 0, 0]"
what you don't see in israel's latest building plans for hebron,1,1,"[1, 0, 1, 0, 0, 0, 0, 0, 0, 0]","[1, 0, 0, 0, 0, 0, 1, 0, 0, 0]"
"as trump becomes presumptive nominee, china urges objectivity",0,0,[],"[0, 0, 0, 0, 0, 0, 0, 0, 0, 0]"
senate finance committee to vote on representative price on tuesday,0,0,[],"[0, 0, 0, 0, 0, 0, 0, 0, 0, 0]"
haitian prime minister ariel henry resigns; transitional council sworn in,0,0,[],"[0, 0, 0, 0, 0, 0, 0, 0, 0, 0]"
what mattis isn't telling you about north korea's future,1,1,"[0, 0, 1, 0, 0, 0, 1, 0, 1, 0]","[1, 0, 0, 0, 0, 0, 1, 0, 0, 0]"
why an oxford academic's leave of absence is raising eyebrows,1,1,"[0, 0, 0, 1, 0, 1, 0, 0, 0, 1]","[1, 0, 0, 1, 0, 0, 0, 0, 0, 1]"
factbox: priebus the latest official to leave trump administration,0,0,[],"[0, 0, 0, 0, 0, 0, 0, 0, 0, 0]"
you won't believe turkey's warning about jerusalem's declaration,1,1,"[0, 0, 0, 0, 0, 0, 1, 0, 0, 0]","[1, 1, 0, 0, 0, 0, 1, 0, 0, 0]"
the hidden implications of china's new politburo lineup that could change everything,1,1,"[0, 0, 1, 0, 0, 0, 0, 1, 0, 0]","[1, 1, 0, 1, 0, 0, 0, 0, 0, 0]"
u.n. chief urges communication with north korea to avoid escalation,0,0,[],"[0, 0, 0, 0, 0, 0, 0, 0, 0, 0]"
the hidden emotions behind merkel's three-way diplomatic move,1,1,"[0, 0, 1, 0, 0, 0, 0, 1, 0, 0]","[1, 0, 0, 1, 0, 0, 0, 0, 0, 0]"
the detail that explains odinga's withdrawal from the election,1,1,"[1, 0, 0, 0, 0, 1, 0, 0, 0, 0]","[1, 0, 0, 0, 0, 0, 0, 0, 0, 0]"
trump defends decision to settle trump university lawsuits,0,0,[],"[0, 0, 0, 0, 0, 0, 0, 0, 0, 0]"
london demands answers as british rights activist barred from hong kong,0,0,[],"[0, 0, 0, 0, 0, 0, 0, 0, 0, 0]"
senators are sounding the alarm on a crucial retirement advice rule,1,1,"[0, 0, 0, 0, 0, 0, 0, 0, 0, 1]","[0, 1, 1, 0, 0, 0, 0, 0, 0, 0]"
trump nominates trading firm founder viola as army secretary,0,0,[],"[0, 0, 0, 0, 0, 0, 0, 0, 0, 0]"
what remains hidden about turkey's military base in mogadishu,1,1,"[1, 0, 0, 0, 0, 0, 0, 1, 0, 0]","[1, 0, 0, 0, 0, 0, 0, 0, 0, 1]"
this detail in clinton's memoir will surprise you about the 2016 election,1,1,"[1, 0, 0, 0, 0, 1, 0, 0, 0, 0]","[1, 0, 0, 1, 0, 0, 1, 0, 0, 0]"
lebanon's hariri leaves saudi arabia for uae trip,0,0,[],"[0, 0, 0, 0, 0, 0, 0, 0, 0, 0]"
wounded north korean defector transferred to south korean military hospital,0,0,[],"[0, 0, 0, 0, 0, 0, 0, 0, 0, 0]"
the most crucial steps to catalonia's independence that you should know,1,1,"[0, 1, 0, 1, 0, 1, 0, 0, 0, 0]","[1, 0, 0, 0, 1, 0, 1, 0, 0, 0]"
what happens next as the moulin rouge windmill loses its sails?,1,1,"[0, 0, 0, 0, 0, 0, 0, 1, 0, 0]","[0, 0, 0, 1, 0, 0, 0, 1, 0, 1]"
the shocking truth behind bharara's book deal after trump's firing,1,1,"[1, 0, 1, 0, 1, 0, 0, 0, 0, 0]","[1, 1, 1, 0, 0, 0, 0, 0, 0, 0]"
"catalonia's leader rules out snap election, crisis deepens",0,0,[],"[0, 0, 0, 0, 0, 0, 0, 0, 0, 0]"
japan airlines plane makes emergency landing in tokyo,0,0,[],"[0, 0, 0, 0, 0, 0, 0, 0, 0, 0]"
the significant impact of obama's ban on arctic oil exploration,1,0,"[0, 0, 1, 1, 0, 0, 0, 0, 0, 0]","[0, 0, 0, 0, 0, 0, 0, 0, 0, 0]"
alleged islamic state recruiter goes on trial in germany,0,0,[],"[0, 0, 0, 0, 0, 0, 0, 0, 0, 0]"
the outcome of the apec talks may surprise you,1,1,"[0, 0, 1, 0, 0, 0, 1, 0, 0, 0]","[1, 0, 0, 0, 0, 0, 1, 0, 0, 0]"
former republican rival fiorina backs cruz's white house bid,0,0,[],"[0, 0, 0, 0, 0, 0, 0, 0, 0, 0]"
hispanic coalition asks trump to stop 'attacks',0,0,[],"[0, 0, 0, 0, 0, 0, 0, 0, 0, 0]"
senate gives limited resources to russia election-meddling probe,0,0,[],"[0, 0, 0, 0, 0, 0, 0, 0, 0, 0]"
pro-catalonia anarchists enter spanish embassy in athens,0,0,[],"[0, 0, 0, 0, 0, 0, 0, 0, 0, 0]"
macron's ideas can bolster franco-german axis: merkel,0,0,[],"[0, 0, 0, 0, 0, 0, 0, 0, 0, 0]"
senate leaders are preparing for a critical healthcare vote you can't miss,1,1,"[0, 0, 0, 0, 1, 0, 1, 0, 0, 0]","[0, 1, 0, 1, 0, 0, 1, 0, 0, 0]"
"addressing venezuela, china says choice of path must be respected",0,0,[],"[0, 0, 0, 0, 0, 0, 0, 0, 0, 0]"
russia's putin signs decree imposing restrictions on north korea,0,0,[],"[0, 0, 0, 0, 0, 0, 0, 0, 0, 0]"
you won’t believe what the thailand prime minister will discuss at the white house,1,1,"[0, 0, 1, 0, 0, 0, 0, 1, 0, 0]","[1, 1, 0, 0, 0, 0, 1, 0, 0, 0]"
the next steps after the senate's massive defense authorization bill,1,1,"[0, 0, 1, 0, 0, 0, 1, 1, 0, 0]","[0, 1, 0, 0, 0, 0, 0, 1, 0, 0]"
u.s. to discuss immigration efforts with mexico: white house,0,0,[],"[0, 0, 0, 0, 0, 0, 0, 0, 0, 0]"
tough questions as supreme court debates trump's immunity claim,0,1,[],"[0, 1, 0, 1, 0, 0, 0, 0, 0, 0]"
trump jump starts search for fbi chief with two interviews,0,0,[],"[0, 0, 0, 0, 0, 0, 0, 0, 0, 0]"
saudi-backed fighters capture coastal area in yemen from houthis,0,0,[],"[0, 0, 0, 0, 0, 0, 0, 0, 0, 0]"
"trump presidency faces longer odds after iowa, betting sites say",0,0,[],"[0, 0, 0, 0, 0, 0, 0, 0, 0, 0]"
chicago voters are shocked by state lawmakers' unexpected move,1,1,"[0, 0, 0, 1, 0, 0, 1, 0, 0, 0]","[0, 0, 1, 0, 0, 1, 1, 0, 0, 0]"
trump says ready to act alone on north korea,0,0,[],"[0, 0, 0, 0, 0, 0, 0, 0, 0, 0]"
more californians dreaming of a country without trump: poll,0,1,[],"[0, 0, 1, 1, 0, 0, 0, 0, 0, 0]"
latin american nations seek venezuela crisis mediation,0,0,[],"[0, 0, 0, 0, 0, 0, 0, 0, 0, 0]"
pakistani court sentences christian man to death for blasphemy,0,0,[],"[0, 0, 0, 0, 0, 0, 0, 0, 0, 0]"
obama says world must unite to defeat terrorism,0,0,[],"[0, 0, 0, 0, 0, 0, 0, 0, 0, 0]"
what remains unclear about the future of the iran nuclear deal,1,1,"[1, 0, 0, 0, 0, 1, 0, 1, 0, 0]","[1, 0, 0, 0, 0, 0, 0, 1, 0, 1]"
"brexit bill gives uk ministers 'excessively wide' powers, parliament committee says",0,0,[],"[0, 0, 0, 0, 0, 0, 0, 0, 0, 0]"
"chinese state tabloid warns trump, end one china policy and china will take revenge",0,0,[],"[0, 0, 0, 0, 0, 0, 0, 0, 0, 0]"
what does this surprising nomination mean for indonesia's military future,1,1,"[0, 0, 0, 0, 0, 0, 0, 0, 0, 1]","[1, 0, 0, 0, 0, 0, 0, 1, 0, 1]"
top reasons why a tennessee lawmaker was ousted over harassment,1,1,"[0, 0, 0, 0, 1, 0, 0, 0, 0, 0]","[0, 0, 0, 1, 1, 0, 0, 0, 0, 0]"
you won't believe what coal companies are asking trump,1,1,"[0, 0, 1, 0, 0, 0, 1, 1, 0, 0]","[1, 0, 0, 1, 0, 0, 1, 0, 0, 0]"
splits on italian right buoy opponents as campaigning starts,0,0,[],"[0, 0, 0, 0, 0, 0, 0, 0, 0, 0]"
all 8 people on missing helicopter off svalbard are russians: ministry,0,0,[],"[0, 0, 0, 0, 0, 0, 0, 0, 0, 0]"
zimbabwe's ruling party to launch mugabe impeachment motion on tuesday,0,0,[],"[0, 0, 0, 0, 0, 0, 0, 0, 0, 0]"
indiana governor pence says he will back cruz for president,0,0,[],"[0, 0, 0, 0, 0, 0, 0, 0, 0, 0]"
you'll be shocked to learn who trump chose for interior,1,1,"[1, 0, 1, 0, 0, 0, 1, 0, 0, 0]","[0, 0, 1, 0, 0, 0, 1, 0, 0, 0]"
what you should know about saudi arabia's reaction to u.s. strategy,1,1,"[0, 0, 0, 0, 0, 1, 1, 0, 0, 0]","[1, 0, 0, 0, 0, 0, 1, 0, 0, 0]"
nato says catalonia issue domestic matter to be resolved by spain,0,0,[],"[0, 0, 0, 0, 0, 0, 0, 0, 0, 0]"
eu eyes more self-reliance after trump victory,0,0,[],"[0, 0, 0, 0, 0, 0, 0, 0, 0, 0]"
what clinton fears about trump's foreign policy choices,1,1,"[1, 0, 0, 0, 0, 0, 0, 0, 0, 0]","[1, 0, 1, 0, 0, 0, 0, 0, 0, 0]"
top states align against trump's travel ban in legal showdown,1,0,"[0, 0, 0, 0, 1, 0, 0, 0, 0, 0]","[0, 0, 0, 0, 0, 0, 0, 0, 0, 0]"
outrage grows as police reveal possible family ties to marseille attacker,1,0,"[0, 1, 0, 1, 0, 0, 0, 1, 0, 0]","[0, 0, 0, 0, 0, 0, 0, 0, 0, 0]"
kurds block iraqi forces' access to kirkuk oil fields; iran shuts border crossings,0,0,[],"[0, 0, 0, 0, 0, 0, 0, 0, 0, 0]"
"deutsche bank asks for more time for u.s. query on trump, russia: source",0,0,[],"[0, 0, 0, 0, 0, 0, 0, 0, 0, 0]"
trump: 'no one really knows' how much tax plan would generate,0,0,[],"[0, 0, 0, 0, 0, 0, 0, 0, 0, 0]"
this new funding bill could dramatically change state programs,1,1,"[0, 1, 0, 0, 1, 0, 0, 0, 1, 0]","[0, 1, 0, 0, 0, 1, 0, 0, 0, 0]"
trump's meeting with mcconnell could change everything in the senate,1,1,"[0, 1, 0, 0, 1, 0, 0, 1, 0, 0]","[0, 1, 0, 1, 0, 0, 0, 1, 0, 0]"
the shocking car bomb attack that killed four libyan troops,1,0,"[0, 0, 0, 1, 0, 0, 0, 0, 1, 0]","[0, 0, 0, 0, 0, 0, 0, 0, 0, 0]"
you won't believe pinera's strategy in the battle for chile's presidency,1,1,"[0, 1, 1, 0, 0, 0, 0, 0, 1, 0]","[1, 1, 0, 0, 0, 0, 1, 0, 0, 0]"
the hidden tensions in zuckerberg's meeting with conservatives over bias,1,1,"[1, 0, 0, 0, 0, 0, 0, 1, 0, 0]","[1, 0, 0, 1, 0, 0, 0, 0, 0, 0]"
the significant growth of canada's indigenous population revealed,1,0,"[0, 1, 0, 1, 0, 0, 1, 0, 0, 0]","[0, 0, 0, 0, 0, 0, 0, 0, 0, 0]"
"defying warnings, residents refuse to leave mumbai's crumbling buildings",0,0,[],"[0, 0, 0, 0, 0, 0, 0, 0, 0, 0]"
north korea's missile tests raise serious concerns for the world,1,0,"[0, 1, 1, 0, 0, 0, 0, 0, 0, 1]","[0, 0, 0, 0, 0, 0, 0, 0, 0, 0]"
what really happened during the shocking attack on somali forces,1,1,"[0, 0, 1, 0, 0, 0, 1, 0, 0, 1]","[1, 1, 0, 0, 0, 0, 0, 0, 0, 1]"
top reasons xi says china will stand united against separation,1,1,"[0, 0, 0, 0, 1, 0, 0, 0, 0, 1]","[0, 0, 0, 0, 1, 0, 0, 0, 0, 0]"
former president george h.w. bush watched inaugural from hospital room,0,0,[],"[0, 0, 0, 0, 0, 0, 0, 0, 0, 0]"
why hawaii's renewed travel ban fight is crucial for you,1,1,"[0, 1, 0, 0, 0, 0, 1, 0, 0, 0]","[0, 1, 0, 0, 0, 0, 1, 0, 0, 1]"
democratic party's secret strategy to challenge trump revealed,1,1,"[0, 0, 0, 0, 0, 0, 1, 0, 1, 0]","[1, 0, 0, 1, 0, 0, 0, 0, 0, 0]"
is there a dramatic solution to u.s.-russia tensions,1,1,"[0, 1, 0, 0, 0, 0, 0, 0, 0, 1]","[0, 1, 0, 1, 0, 0, 0, 0, 0, 1]"
what cruz's plans for taxes and regulations reveal about his candidacy,1,1,"[1, 0, 0, 0, 0, 0, 0, 1, 1, 0]","[1, 0, 0, 0, 0, 0, 0, 0, 0, 1]"
you won't believe what trump is planning for the dreamer program,1,1,"[0, 0, 0, 1, 0, 0, 1, 0, 0, 1]","[1, 1, 0, 0, 0, 0, 1, 0, 0, 0]"
"sanders returns to washington, meets with obama on next steps",0,0,[],"[0, 0, 0, 0, 0, 0, 0, 0, 0, 0]"
is doria's move to quit the party for presidency a game changer,1,1,"[0, 0, 0, 1, 0, 0, 0, 0, 0, 1]","[0, 1, 0, 0, 0, 0, 0, 1, 0, 1]"
the most powerful republican senator just acknowledged defeat in blocking trump,1,0,"[0, 0, 0, 1, 1, 0, 0, 0, 0, 0]","[0, 0, 0, 0, 0, 0, 0, 0, 0, 0]"
ecuador's bold move raises significant concerns about political stability,1,1,"[1, 1, 0, 0, 0, 0, 0, 0, 0, 1]","[0, 1, 1, 0, 0, 1, 0, 0, 0, 0]"
"internet giants, once above the fray, on the defensive in washington",0,0,[],"[0, 0, 0, 0, 0, 0, 0, 0, 0, 0]"
"belgian mayor's throat slashed in cemetery, shocking country",0,1,[],"[0, 0, 1, 1, 0, 0, 0, 0, 0, 0]"
islamic state guerrilla attacks point to its future strategy,0,0,[],"[0, 0, 0, 0, 0, 0, 0, 0, 0, 0]"
"saudi arabia releases corruption detainees, others to stand trial: report",0,0,[],"[0, 0, 0, 0, 0, 0, 0, 0, 0, 0]"
outrage as state dept. approves billion-dollar military deal,1,0,"[1, 0, 1, 0, 0, 0, 0, 0, 1, 0]","[0, 0, 0, 0, 0, 0, 0, 0, 0, 0]"
investors should know flynn may be a key asset in mueller's probe,1,0,"[0, 0, 0, 0, 0, 0, 1, 0, 1, 0]","[0, 0, 0, 0, 0, 0, 0, 0, 0, 0]"
the unexpected details about italy's upcoming national election,1,1,"[0, 0, 0, 0, 1, 1, 0, 0, 1, 0]","[1, 0, 0, 1, 0, 0, 0, 0, 0, 0]"
the shocking violence in guinea that you need to know about,1,1,"[0, 0, 0, 1, 0, 0, 0, 0, 0, 0]","[1, 0, 1, 0, 0, 0, 1, 0, 0, 0]"
u.s.-cuba detente supporters make last-ditch effort to sway trump,0,0,[],"[0, 0, 0, 0, 0, 0, 0, 0, 0, 0]"
could this delay change puerto rico's financial future,1,1,"[0, 0, 0, 0, 0, 0, 0, 0, 0, 1]","[0, 0, 0, 0, 0, 1, 0, 0, 0, 1]"
venezuelan crisis spawns boom in gambling,0,0,[],"[0, 0, 0, 0, 0, 0, 0, 0, 0, 0]"
mattis talks diplomacy on north korea ahead of trump's asia tour,0,0,[],"[0, 0, 0, 0, 0, 0, 0, 0, 0, 0]"
biden's call for businesses to confront anti-gay states has sparked outrage,1,0,"[0, 0, 1, 1, 0, 0, 0, 0, 0, 0]","[0, 0, 0, 0, 0, 0, 0, 0, 0, 0]"
the significant implications of the decision not to pursue bridgegate charges,1,0,"[0, 1, 0, 1, 0, 0, 0, 0, 0, 0]","[0, 0, 0, 0, 0, 0, 0, 0, 0, 0]"
aurelius hedge fund seeks to toss puerto rico's bankruptcy filing,0,0,[],"[0, 0, 0, 0, 0, 0, 0, 0, 0, 0]"
trump to nominate financier lewis eisenberg to be ambassador to italy,0,0,[],"[0, 0, 0, 0, 0, 0, 0, 0, 0, 0]"
top reasons why the minimum wage in california is set to rise,1,0,"[0, 0, 0, 0, 1, 0, 0, 0, 0, 0]","[0, 0, 0, 0, 0, 0, 0, 0, 0, 0]"
"fed up with washington, trump's 'deplorables' shake up the elite",0,1,[],"[0, 1, 1, 1, 0, 0, 0, 0, 0, 0]"
clinton aides sought to minimize fallout with white house on keystone: emails,0,0,[],"[0, 0, 0, 0, 0, 0, 0, 0, 0, 0]"
here's what trump discussed with sisi that you won't believe,1,1,"[1, 0, 0, 0, 0, 0, 1, 0, 0, 0]","[1, 0, 0, 1, 0, 0, 1, 0, 0, 0]"
the shocking truth behind ryan's comments on daca and border security,1,1,"[0, 0, 0, 1, 1, 0, 0, 0, 0, 1]","[1, 0, 0, 1, 0, 0, 0, 0, 0, 0]"
the incredible story of survival that unfolded under the rubble in mexico,1,1,"[1, 0, 0, 0, 0, 0, 0, 0, 1, 0]","[0, 1, 0, 1, 0, 0, 0, 0, 0, 0]"
putin's claims raise significant concerns about past deals,1,1,"[0, 1, 0, 0, 1, 0, 0, 0, 0, 0]","[0, 1, 1, 0, 0, 0, 0, 0, 0, 0]"
the future of women's history in the u.s. remains uncertain,1,0,"[0, 0, 0, 0, 0, 0, 0, 1, 0, 0]","[0, 0, 0, 0, 0, 0, 0, 0, 0, 0]"
what huckabee's suspension means for the republican race,1,1,"[1, 0, 0, 0, 0, 0, 0, 0, 0, 0]","[1, 0, 0, 0, 0, 0, 0, 0, 0, 1]"
norway's right-wing government projected to win re-election,0,0,[],"[0, 0, 0, 0, 0, 0, 0, 0, 0, 0]"
trump announces push to speed up 'desperately-needed infrastructure',0,0,[],"[0, 0, 0, 0, 0, 0, 0, 0, 0, 0]"
peru's political crisis leads to a major copper auction cancellation,1,0,"[0, 0, 0, 0, 1, 0, 0, 0, 0, 0]","[0, 0, 0, 0, 0, 0, 0, 0, 0, 0]"
dramatic security contractor shortage looming over the paris olympics,1,1,"[0, 0, 0, 1, 0, 0, 0, 0, 0, 0]","[0, 1, 0, 1, 0, 0, 0, 0, 0, 0]"
this unexpected partnership could change election day coverage forever,1,1,"[1, 0, 0, 0, 0, 0, 1, 0, 1, 0]","[0, 1, 0, 0, 0, 1, 0, 0, 1, 0]"
you won't believe what palin really means by her hallelujah for trump,1,1,"[1, 0, 0, 1, 0, 0, 1, 0, 0, 0]","[1, 1, 0, 0, 0, 0, 1, 0, 0, 0]"
trump's direct message to you about visa abuses that could affect u.s. workers,1,1,"[0, 0, 0, 0, 0, 0, 1, 0, 0, 0]","[1, 0, 0, 1, 0, 0, 1, 0, 0, 0]"
you won't believe the legacy left by congresswoman bentley,1,1,"[0, 0, 0, 1, 0, 0, 1, 0, 0, 0]","[1, 0, 0, 1, 0, 0, 1, 0, 0, 0]"
exclusive: trump says he does not fault son for meeting russian lawyer,0,0,[],"[0, 0, 0, 0, 0, 0, 0, 0, 0, 0]"
this detail reveals why retail investors are feeling the thrill again,1,1,"[1, 0, 0, 0, 0, 1, 0, 1, 0, 0]","[1, 0, 1, 0, 0, 1, 0, 0, 0, 0]"
trump offers national security adviser post to vice admiral harward: sources,0,0,[],"[0, 0, 0, 0, 0, 0, 0, 0, 0, 0]"
brill to step down from u.s. federal trade commission,0,0,[],"[0, 0, 0, 0, 0, 0, 0, 0, 0, 0]"
what the latest poll reveals about clinton's lead over trump,1,0,"[1, 0, 0, 1, 0, 0, 0, 0, 0, 0]","[0, 0, 0, 0, 0, 0, 0, 0, 0, 0]"
uk pm may does not raise possibility of leaving eu before march 2019,0,0,[],"[0, 0, 0, 0, 0, 0, 0, 0, 0, 0]"
trump tweet not meant to confirm he is under investigation: source,0,0,[],"[0, 0, 0, 0, 0, 0, 0, 0, 0, 0]"
merkel admits mistakes in the 2016 christmas market attack,0,0,[],"[0, 0, 0, 0, 0, 0, 0, 0, 0, 0]"
uk minister garnier keeps job after misconduct inquiry finds no rules broken,0,0,[],"[0, 0, 0, 0, 0, 0, 0, 0, 0, 0]"
the surprising wins and losses of bannon's policies you didn't know about,1,1,"[1, 0, 0, 0, 0, 0, 0, 0, 0, 0]","[1, 0, 0, 0, 0, 0, 1, 0, 0, 0]"
colombian president says he left firm listed in leaked tax haven papers,0,0,[],"[0, 0, 0, 0, 0, 0, 0, 0, 0, 0]"
dramatic scenes unfold as protests erupt in eritrea,1,0,"[0, 1, 0, 1, 0, 0, 0, 0, 0, 0]","[0, 0, 0, 0, 0, 0, 0, 0, 0, 0]"
iraq faces unprecedented challenges in responding to kurds,1,0,"[0, 1, 0, 0, 0, 0, 0, 0, 0, 0]","[0, 0, 0, 0, 0, 0, 0, 0, 0, 0]"
the unexpected reasons behind ross's bold claim about china,1,1,"[0, 0, 1, 0, 0, 0, 1, 0, 1, 0]","[1, 1, 0, 1, 0, 0, 0, 0, 0, 0]"
what remains hidden in the pope’s memories of medellin’s past,1,1,"[0, 0, 0, 0, 0, 0, 0, 1, 0, 0]","[1, 0, 0, 0, 0, 0, 0, 0, 0, 1]"
berlin police face unprecedented challenges this sunday,1,1,"[0, 0, 0, 1, 0, 0, 0, 0, 0, 0]","[0, 1, 0, 0, 0, 0, 0, 0, 0, 0]"
the unexpected link between 9/11 legislation and current policies,1,1,"[0, 0, 0, 0, 1, 0, 0, 0, 1, 0]","[1, 0, 0, 1, 0, 0, 0, 0, 1, 0]"
"turkey remains dependable ally in nato, erdogan spokesman says",0,0,[],"[0, 0, 0, 0, 0, 0, 0, 0, 0, 0]"
ex-head of colorado republicans charged with voter fraud,0,0,[],"[0, 0, 0, 0, 0, 0, 0, 0, 0, 0]"
democrat franken says sessions 'extremely misleading' on russia,0,0,[],"[0, 0, 0, 0, 0, 0, 0, 0, 0, 0]"
the outcome remains unclear as justices weigh presidential nomination power,1,0,"[0, 1, 0, 0, 0, 0, 1, 0, 0, 0]","[0, 0, 0, 0, 0, 0, 0, 0, 0, 0]"
the unexpected twist in britain's lift of the electronic device ban you should see,1,1,"[0, 1, 0, 0, 0, 0, 1, 1, 0, 0]","[1, 0, 0, 1, 0, 0, 1, 0, 0, 0]"
what remains hidden about the u.s. justice department's stance on journalists,1,1,"[0, 0, 0, 0, 0, 1, 0, 0, 0, 1]","[1, 0, 0, 0, 0, 0, 0, 0, 0, 0]"
the troubling details behind egypt's anti-gay crackdown that you need to know,1,1,"[0, 1, 0, 0, 0, 0, 1, 0, 1, 0]","[1, 0, 1, 0, 0, 0, 1, 0, 0, 0]"
outrage grows as obama calls for action on police shootings,1,0,"[0, 0, 1, 0, 0, 0, 0, 0, 0, 0]","[0, 0, 0, 0, 0, 0, 0, 0, 0, 0]"
dramatic revelations about russia's troop presence in belarus,1,1,"[0, 1, 0, 0, 0, 0, 0, 0, 0, 0]","[0, 1, 0, 1, 0, 0, 0, 0, 0, 0]"
kerry’s unexpected stance on venezuela’s disputed referendum,1,1,"[0, 0, 0, 0, 0, 0, 1, 1, 0, 1]","[1, 0, 0, 1, 0, 0, 0, 0, 1, 0]"
"senate goes 'nuclear,' ends democrats' blockade of trump court pick",0,0,[],"[0, 0, 0, 0, 0, 0, 0, 0, 0, 0]"
what pence isn't telling you about his presidential ambitions,1,1,"[0, 0, 0, 0, 0, 0, 1, 0, 0, 0]","[1, 0, 0, 0, 0, 0, 1, 0, 0, 0]"
victoria: ‘i like to have a point of view’,0,1,[],"[1, 0, 0, 0, 0, 1, 0, 0, 0, 0]"
south korea says will accept release of south korean fishing boat from north korea,0,0,[],"[0, 0, 0, 0, 0, 0, 0, 0, 0, 0]"
trump without the hair? eu's migration policy gets rough,0,1,[],"[0, 0, 0, 1, 0, 0, 0, 0, 1, 1]"
islamic state claims responsibility for attack in libyan city of misrata: statement,0,0,[],"[0, 0, 0, 0, 0, 0, 0, 0, 0, 0]"
what remains hidden about trump's attack on merkel's policy,1,1,"[0, 0, 0, 1, 0, 0, 1, 1, 0, 0]","[1, 0, 0, 0, 0, 0, 0, 0, 0, 0]"
jones's victory links two unexpected political forces,1,1,"[0, 0, 0, 0, 0, 0, 0, 0, 1, 0]","[0, 0, 0, 1, 0, 0, 0, 0, 1, 0]"
what you missed in the trump presidency on march 23,1,1,"[1, 0, 0, 0, 0, 0, 0, 0, 0, 0]","[1, 0, 0, 0, 0, 0, 1, 0, 0, 0]"
what you don’t know about the court date for the iranian-british aid worker,1,1,"[0, 1, 0, 0, 1, 1, 0, 0, 0, 0]","[1, 0, 0, 0, 0, 0, 1, 0, 0, 0]"
republican obamacare repeal would benefit wealthiest: study,0,0,[],"[0, 0, 0, 0, 0, 0, 0, 0, 0, 0]"
you won't believe what this north korean soldier endured,1,1,"[0, 0, 0, 0, 0, 0, 1, 0, 0, 0]","[1, 1, 0, 0, 0, 0, 1, 0, 0, 0]"
what does the new funding bill mean for you,1,1,"[0, 0, 0, 0, 0, 0, 0, 0, 0, 1]","[0, 0, 0, 0, 0, 0, 1, 0, 0, 1]"
"trump picks loyalists for economic posts, obamacare critic for cabinet",0,0,[],"[0, 0, 0, 0, 0, 0, 0, 0, 0, 0]"
senator warren criticizes equifax potential to profit from breach,0,0,[],"[0, 0, 0, 0, 0, 0, 0, 0, 0, 0]"
"for some democrats, it's voting for clinton - and keeping it quiet",0,1,[],"[1, 0, 0, 1, 0, 0, 0, 0, 0, 0]"
these surprising connections could change the political landscape,1,1,"[0, 0, 0, 0, 1, 1, 0, 0, 1, 0]","[0, 0, 0, 1, 0, 1, 0, 0, 1, 0]"
pope's top call for human rights in myanmar sparks debate,1,0,"[0, 0, 0, 0, 1, 0, 0, 0, 0, 0]","[0, 0, 0, 0, 0, 0, 0, 0, 0, 0]"
what remains hidden in u.s. plans that could impact foreign companies,1,1,"[1, 0, 1, 0, 0, 0, 0, 0, 0, 0]","[1, 0, 0, 0, 0, 0, 0, 0, 0, 1]"
the unexpected turn in blagojevich's prison term saga,1,1,"[1, 0, 0, 0, 0, 0, 0, 1, 1, 0]","[0, 0, 0, 1, 0, 1, 0, 1, 0, 0]"
what you don't see in the ongoing brexit talks after may's speech,1,1,"[0, 0, 1, 0, 0, 1, 0, 0, 0, 1]","[1, 0, 0, 0, 0, 0, 1, 0, 0, 0]"
the top reasons why the upcoming japan-u.s. summit is crucial,1,0,"[0, 0, 0, 0, 1, 0, 0, 0, 0, 0]","[0, 0, 0, 0, 0, 0, 0, 0, 0, 0]"
iraq asks u.n. for help to build new nuclear power reactor,0,0,[],"[0, 0, 0, 0, 0, 0, 0, 0, 0, 0]"
they're ready to help rebuild syria but hezbollah's next move is unclear,1,1,"[0, 0, 0, 0, 0, 1, 0, 0, 1, 1]","[0, 0, 0, 0, 0, 1, 0, 1, 0, 0]"
trump's unexpected move against unions has serious implications,1,1,"[0, 0, 0, 0, 1, 0, 0, 0, 0, 1]","[0, 1, 0, 0, 0, 1, 0, 0, 1, 0]"
the surprising denials from trump ally stone about russia,1,1,"[0, 1, 0, 0, 0, 1, 0, 0, 0, 0]","[0, 1, 0, 1, 0, 0, 0, 0, 0, 0]"
arab league to hold emergency meeting on jerusalem on saturday,0,0,[],"[0, 0, 0, 0, 0, 0, 0, 0, 0, 0]"
senate panel postpones hearing with trump lawyer cohen in russia probe,0,0,[],"[0, 0, 0, 0, 0, 0, 0, 0, 0, 0]"
could china really be linked to cyber attacks on guo?,1,1,"[0, 0, 0, 0, 0, 1, 0, 0, 0, 1]","[0, 0, 0, 0, 0, 0, 0, 1, 0, 1]"
the unforeseen clash between trump's infrastructure plans and labor shortages,1,1,"[0, 0, 0, 0, 0, 0, 0, 0, 1, 0]","[0, 0, 0, 1, 0, 0, 0, 0, 1, 0]"
trump embraces democrats again on debt ceiling and immigration,0,0,[],"[0, 0, 0, 0, 0, 0, 0, 0, 0, 0]"
house speaker ryan sees long battle over tax reform,0,0,[],"[0, 0, 0, 0, 0, 0, 0, 0, 0, 0]"
u.s. nearing limits of diplomacy on north korea: trump adviser mcmaster,0,0,[],"[0, 0, 0, 0, 0, 0, 0, 0, 0, 0]"
u.s. marine accused of drunk driving after japanese man dies in crash,0,0,[],"[0, 0, 0, 0, 0, 0, 0, 0, 0, 0]"
outrage as protesters storm kurdistan parliament after shocking resignation,1,1,"[0, 0, 1, 0, 1, 0, 0, 0, 1, 0]","[1, 1, 1, 0, 0, 0, 0, 0, 0, 0]"
virginia ex-governor takes corruption appeal to u.s. top court,0,0,[],"[0, 0, 0, 0, 0, 0, 0, 0, 0, 0]"
trump demands support in do-or-die friday vote on healthcare plan,0,0,[],"[0, 0, 0, 0, 0, 0, 0, 0, 0, 0]"
a dramatic warning: the uk's threat level stays critical,1,1,"[0, 1, 1, 1, 0, 0, 0, 0, 0, 0]","[0, 1, 0, 1, 0, 0, 0, 0, 0, 0]"
south carolina governor to sign ban on abortion past 19 weeks,0,0,[],"[0, 0, 0, 0, 0, 0, 0, 0, 0, 0]"
the fear surrounding the islamic state's latest attack on misrata's court,1,0,"[0, 0, 1, 0, 0, 1, 1, 0, 0, 0]","[0, 0, 0, 0, 0, 0, 0, 0, 0, 0]"
you won’t believe the highlights from trump and abe's summit,1,1,"[0, 0, 0, 0, 0, 0, 1, 0, 0, 0]","[1, 0, 0, 1, 0, 0, 1, 0, 0, 0]"
what remains hidden in california's massive $122.5 billion budget,1,1,"[1, 0, 0, 0, 0, 0, 0, 0, 0, 0]","[1, 1, 0, 0, 0, 0, 0, 0, 0, 0]"
"republicans, wall street score victory in dismantling class-action rule",0,0,[],"[0, 0, 0, 0, 0, 0, 0, 0, 0, 0]"
merkel: u.s. attack on syria is understandable given syrian suffering,0,0,[],"[0, 0, 0, 0, 0, 0, 0, 0, 0, 0]"
instant view: republicans pull obamacare repeal bill,0,0,[],"[0, 0, 0, 0, 0, 0, 0, 0, 0, 0]"
justice dept. group studying national security threats of internet-linked devices,0,0,[],"[0, 0, 0, 0, 0, 0, 0, 0, 0, 0]"
clinton takes on fbi director in latest email flap,0,0,[],"[0, 0, 0, 0, 0, 0, 0, 0, 0, 0]"
massa sets unprecedented speed records in barcelona testing,1,0,"[0, 1, 0, 0, 0, 0, 0, 0, 0, 0]","[0, 0, 0, 0, 0, 0, 0, 0, 0, 0]"
investors should consider what trump's trade officials really want,1,1,"[0, 0, 0, 0, 0, 0, 1, 0, 0, 1]","[1, 0, 0, 0, 0, 0, 1, 0, 0, 0]"
thai court issues second arrest warrant for fugitive former pm yingluck,0,0,[],"[0, 0, 0, 0, 0, 0, 0, 0, 0, 0]"
this surprising move by the colorado governor in cuba could change everything,1,1,"[0, 0, 0, 0, 0, 1, 0, 0, 0, 0]","[0, 1, 0, 0, 0, 1, 0, 0, 1, 0]"
dramatic call from kremlin for renewed talks with washington,1,0,"[0, 1, 0, 0, 1, 0, 0, 0, 0, 0]","[0, 0, 0, 0, 0, 0, 0, 0, 0, 0]"
nigeria offers to meet militants after ceasefire cancelled in oil region,0,0,[],"[0, 0, 0, 0, 0, 0, 0, 0, 0, 0]"
this delay in brazil’s pension vote could have major consequences,1,1,"[0, 0, 1, 0, 0, 1, 0, 0, 0, 0]","[0, 1, 0, 0, 0, 1, 0, 0, 0, 0]"
the most controversial decision on cluster bombs you need to know,1,1,"[0, 0, 0, 0, 1, 0, 0, 0, 0, 0]","[1, 0, 0, 0, 1, 0, 1, 0, 0, 0]"
you won't believe what the syrian democratic forces have achieved in deir al-zor,1,1,"[0, 0, 0, 0, 0, 0, 1, 1, 0, 0]","[1, 0, 0, 1, 0, 0, 1, 0, 0, 0]"
acting u.s. attorney general says won't defend trump's immigration order: cnn,0,0,[],"[0, 0, 0, 0, 0, 0, 0, 0, 0, 0]"
the significant promises made by uk pm may regarding brexit,1,0,"[0, 1, 0, 0, 0, 0, 0, 0, 0, 0]","[0, 0, 0, 0, 0, 0, 0, 0, 0, 0]"
"syrian kurds favor attending russia-backed peace talks, party head says",0,0,[],"[0, 0, 0, 0, 0, 0, 0, 0, 0, 0]"
eu's juncker says ready to retaliate if needed over new u.s. sanctions on russia,0,0,[],"[0, 0, 0, 0, 0, 0, 0, 0, 0, 0]"
obama's unexpected message to trump supporters,1,1,"[0, 0, 0, 0, 0, 1, 1, 0, 0, 0]","[1, 0, 0, 1, 0, 0, 1, 0, 0, 0]"
the surprising reasons behind the king's drastic ministerial shakeup,1,1,"[0, 0, 0, 0, 0, 0, 0, 0, 1, 0]","[1, 1, 0, 1, 0, 0, 0, 0, 0, 0]"
congo used exiled rebels to suppress anti-kabila protests: report,0,0,[],"[0, 0, 0, 0, 0, 0, 0, 0, 0, 0]"
"in georgia, battle of the 'staceys' tests democrats' future",0,1,[],"[0, 0, 0, 1, 0, 0, 0, 1, 0, 0]"
"hillary clinton, in push for black support, promises to tackle racial disparities",0,0,[],"[0, 0, 0, 0, 0, 0, 0, 0, 0, 0]"
"white house says no changes to nsc, but trump's is different",0,1,[],"[1, 0, 0, 1, 0, 0, 0, 0, 0, 0]"
new yorkers build walls of sticky notes in defiance of trump,0,0,[],"[0, 0, 0, 0, 0, 0, 0, 0, 0, 0]"
the top challenges facing brexit talks as the deadline looms,1,0,"[0, 0, 0, 0, 1, 0, 0, 0, 0, 0]","[0, 0, 0, 0, 0, 0, 0, 0, 0, 0]"
what remains hidden behind the catalonia protest strike,1,1,"[1, 0, 0, 0, 0, 0, 0, 0, 0, 0]","[1, 0, 0, 0, 0, 0, 0, 0, 0, 0]"
the disturbing truth behind kim jong nam's mysterious killers,1,1,"[1, 0, 1, 0, 0, 0, 0, 0, 0, 0]","[1, 0, 1, 0, 0, 0, 0, 0, 0, 0]"
"merkel: didn't discuss sanctions on russia over syria with obama, eu leaders",0,0,[],"[0, 0, 0, 0, 0, 0, 0, 0, 0, 0]"
the top security reshuffle in egypt that you need to know about,1,1,"[1, 0, 0, 0, 1, 0, 0, 0, 0, 0]","[0, 0, 0, 0, 1, 0, 1, 0, 0, 0]"
trump aide dismisses audio tape as democrats raise character issue,0,0,[],"[0, 0, 0, 0, 0, 0, 0, 0, 0, 0]"
final tally in new zealand's inconclusive election to be released,0,0,[],"[0, 0, 0, 0, 0, 0, 0, 0, 0, 0]"
spain urges catalonia secessionists to obey madrid,0,0,[],"[0, 0, 0, 0, 0, 0, 0, 0, 0, 0]"
what do the latest military drills on the korean peninsula mean for peace,1,1,"[1, 0, 0, 0, 0, 0, 0, 1, 0, 1]","[0, 0, 0, 0, 0, 0, 0, 1, 0, 1]"
senate panel approves myanmar nominee,0,0,[],"[0, 0, 0, 0, 0, 0, 0, 0, 0, 0]"
this move by republicans could change everything about obamacare,1,1,"[0, 0, 0, 0, 0, 1, 0, 0, 0, 0]","[1, 1, 0, 0, 0, 1, 0, 0, 0, 0]"
suspect in baseball field shooting ranted against trump on social media,0,0,[],"[0, 0, 0, 0, 0, 0, 0, 0, 0, 0]"
the ongoing outrage as venezuela confronts spain over catalonia,1,0,"[0, 0, 0, 0, 0, 0, 0, 1, 0, 0]","[0, 0, 0, 0, 0, 0, 0, 0, 0, 0]"
the shocking truth behind a danish girl's school attack plans,1,1,"[0, 0, 0, 1, 0, 1, 0, 0, 1, 0]","[1, 0, 1, 1, 0, 0, 0, 0, 0, 0]"
gao opens door for congress to review leveraged lending,0,0,[],"[0, 0, 0, 0, 0, 0, 0, 0, 0, 0]"
congress approves bill updating chemical safety oversight,0,0,[],"[0, 0, 0, 0, 0, 0, 0, 0, 0, 0]"
trump accuses u.s. spy agencies of nazi practices over 'phony' russia dossier,0,0,[],"[0, 0, 0, 0, 0, 0, 0, 0, 0, 0]"
pot legalization supporters launch california ballot campaign,0,0,[],"[0, 0, 0, 0, 0, 0, 0, 0, 0, 0]"
china's unprecedented defense of pakistan after trump's remarks,1,1,"[0, 1, 0, 0, 0, 0, 0, 0, 0, 0]","[0, 1, 0, 1, 0, 0, 0, 0, 0, 0]"
"top house intelligence panel democrat wants testimony from facebook, twitter",0,0,[],"[0, 0, 0, 0, 0, 0, 0, 0, 0, 0]"
china says 'significant progress' was made on 100-day trade plan with u.s.,0,0,[],"[0, 0, 0, 0, 0, 0, 0, 0, 0, 0]"
trump vows harsh response to iranian vessels that harass u.s. navy,0,0,[],"[0, 0, 0, 0, 0, 0, 0, 0, 0, 0]"
this nominee's bold promise could reshape trade laws,1,1,"[0, 0, 0, 0, 1, 1, 0, 0, 1, 0]","[1, 0, 1, 0, 1, 0, 0, 0, 0, 0]"
austria's conservatives reach coalition deal with far right: kurz,0,0,[],"[0, 0, 0, 0, 0, 0, 0, 0, 0, 0]"
what you don’t see in trump university’s trial delay request,1,1,"[1, 0, 0, 0, 0, 0, 0, 0, 0, 0]","[1, 0, 0, 0, 0, 0, 1, 0, 0, 1]"
"despite recusal, trump has confidence in sessions: white house",0,0,[],"[0, 0, 0, 0, 0, 0, 0, 0, 0, 0]"
what happens next after trump's controversial orders on nafta and tpp,1,1,"[0, 1, 0, 0, 0, 1, 0, 0, 0, 0]","[0, 1, 0, 0, 0, 0, 0, 1, 0, 1]"
"republican congress takes on washington, d.c., laws to local outrage",0,1,[],"[0, 0, 1, 1, 0, 0, 0, 0, 0, 0]"
the unexpected rejection of the iran mediterranean axis by france,1,0,"[0, 0, 0, 1, 0, 0, 0, 0, 0, 0]","[0, 0, 0, 0, 0, 0, 0, 0, 0, 0]"
"singapore bans two muslim preachers, citing divisive views",0,0,[],"[0, 0, 0, 0, 0, 0, 0, 0, 0, 0]"
u.s. aims for start this year on buying more military satellites,0,0,[],"[0, 0, 0, 0, 0, 0, 0, 0, 0, 0]"
the dramatic fallout of youngstown's mayor's corruption plea deal,1,1,"[0, 1, 0, 0, 0, 0, 1, 0, 1, 0]","[0, 1, 0, 1, 0, 0, 0, 0, 0, 0]"
what this unexpected choice means for mexico's electoral future,1,1,"[0, 0, 0, 0, 0, 0, 0, 0, 1, 0]","[1, 0, 0, 0, 0, 1, 0, 0, 0, 1]"
obama's significant hopes for trump's unity signals after campaign,1,1,"[0, 1, 0, 0, 0, 0, 0, 0, 0, 0]","[0, 1, 1, 0, 0, 0, 0, 0, 1, 0]"
what you don't see about asian nations aligning with china,1,1,"[0, 0, 0, 0, 1, 0, 0, 0, 1, 0]","[1, 0, 0, 0, 0, 0, 1, 0, 0, 0]"
philippine leader says 'no way' he'll do deal with islamist rebels,0,0,[],"[0, 0, 0, 0, 0, 0, 0, 0, 0, 0]"
outrage as russian fighter faces execution in iraq,1,0,"[0, 0, 1, 0, 0, 1, 1, 0, 0, 0]","[0, 0, 0, 0, 0, 0, 0, 0, 0, 0]"
mnangagwa told mugabe he will be safe in zimbabwe: state media,0,0,[],"[0, 0, 0, 0, 0, 0, 0, 0, 0, 0]"
china's big money trumps u.s. influence in cambodia,0,0,[],"[0, 0, 0, 0, 0, 0, 0, 0, 0, 0]"
could better financial management save the u.s. defense department billions,1,0,"[0, 0, 0, 0, 0, 0, 0, 0, 1, 0]","[0, 0, 0, 0, 0, 0, 0, 0, 0, 0]"
u.s. house republicans to discuss whether to impeach irs chief,0,0,[],"[0, 0, 0, 0, 0, 0, 0, 0, 0, 0]"
"hurricane irma kills 10 in cuba, castro calls for unity",0,0,[],"[0, 0, 0, 0, 0, 0, 0, 0, 0, 0]"
obama's court nominee faces unprecedented primary pressures,1,0,"[0, 0, 0, 0, 1, 0, 0, 0, 0, 0]","[0, 0, 0, 0, 0, 0, 0, 0, 0, 0]"
outrage as california gop chairman seeks third term despite cash flow,1,1,"[0, 1, 1, 0, 0, 0, 0, 0, 0, 0]","[0, 0, 1, 1, 0, 0, 0, 0, 0, 0]"
gunmen fire shots at greece's socialist party headquarters,0,0,[],"[0, 0, 0, 0, 0, 0, 0, 0, 0, 0]"
"at u.n., north korea says u.s. to blame for 'worst ever situation'",0,0,[],"[0, 0, 0, 0, 0, 0, 0, 0, 0, 0]"
why do millions of muslim pilgrims gather for the stoning of the devil,1,1,"[0, 0, 0, 0, 0, 0, 0, 0, 0, 1]","[0, 0, 0, 1, 0, 0, 0, 0, 1, 1]"
the shocking impact of trump's victory on mexico's future,1,1,"[0, 0, 1, 1, 0, 0, 0, 0, 1, 0]","[0, 1, 0, 1, 0, 0, 0, 0, 0, 0]"
poland's new prime minister says opposes multi-speed europe,0,0,[],"[0, 0, 0, 0, 0, 0, 0, 0, 0, 0]"
exclusive: koch brothers will not use funds to try to block trump nomination,0,0,[],"[0, 0, 0, 0, 0, 0, 0, 0, 0, 0]"
republican jeb bush ends 2016 presidential campaign,0,0,[],"[0, 0, 0, 0, 0, 0, 0, 0, 0, 0]"
pennsylvania senator toomey endorses marco rubio for president,0,0,[],"[0, 0, 0, 0, 0, 0, 0, 0, 0, 0]"
the unexpected move by north korea that has analysts worried,1,1,"[0, 1, 0, 0, 0, 1, 0, 0, 0, 0]","[0, 0, 1, 1, 0, 1, 0, 0, 0, 0]"
you won't believe what this drone strike means for pakistan,1,1,"[0, 0, 0, 0, 0, 0, 1, 0, 0, 0]","[1, 0, 0, 1, 0, 0, 1, 0, 0, 0]"
"if china won't act, we will - blinken",0,1,[],"[0, 0, 0, 1, 0, 1, 0, 1, 0, 0]"
two dead in russian apartment collapse after apparent gas blast,0,0,[],"[0, 0, 0, 0, 0, 0, 0, 0, 0, 0]"
zimbabwe's mnangagwa to be sworn in as president on friday: state broadcaster,0,0,[],"[0, 0, 0, 0, 0, 0, 0, 0, 0, 0]"
trump trade officials prefer tri-lateral nafta deal: u.s. senators,0,0,[],"[0, 0, 0, 0, 0, 0, 0, 0, 0, 0]"
denmark no longer to automatically accept u.n. refugee resettlement quota,0,0,[],"[0, 0, 0, 0, 0, 0, 0, 0, 0, 0]"
what is really behind the army chief's call for return to rakhine,1,1,"[0, 0, 0, 0, 0, 1, 0, 0, 1, 1]","[1, 0, 0, 0, 0, 0, 0, 0, 0, 1]"
palestinian stabs israeli in jerusalem; anti-trump protest flares in beirut,0,0,[],"[0, 0, 0, 0, 0, 0, 0, 0, 0, 0]"
why is the trump administration targeting journalists so fiercely,1,1,"[0, 0, 0, 0, 0, 0, 0, 0, 0, 1]","[0, 1, 0, 1, 0, 0, 0, 0, 0, 1]"
what is really at stake for catalan separatists on referendum day,1,1,"[0, 0, 0, 0, 0, 1, 0, 0, 0, 0]","[1, 0, 0, 0, 0, 0, 0, 0, 0, 1]"
5 reasons why iranian students are losing hope for their dreams,1,1,"[0, 0, 0, 0, 1, 0, 0, 0, 0, 0]","[0, 0, 1, 0, 1, 0, 0, 0, 0, 0]"
top issues raised in the petition against kenya's election results,1,0,"[0, 0, 0, 0, 1, 0, 0, 0, 0, 0]","[0, 0, 0, 0, 0, 0, 0, 0, 0, 0]"
oxford’s future of humanity institute: is its legacy truly toxic,1,1,"[0, 0, 0, 0, 0, 0, 0, 1, 0, 1]","[0, 0, 1, 1, 0, 0, 0, 0, 0, 1]"
trump to meet scandal-hit malaysian leader in september,0,0,[],"[0, 0, 0, 0, 0, 0, 0, 0, 0, 0]"
republicans face a critical decision as they eye the future,1,1,"[0, 0, 0, 0, 0, 0, 1, 0, 0, 0]","[1, 1, 0, 0, 0, 0, 0, 0, 0, 0]"
obama suggests u.s. embassy move to jerusalem could be 'explosive',0,0,[],"[0, 0, 0, 0, 0, 0, 0, 0, 0, 0]"
"pope, in medellin, recalls 'painful memory' of narco wars",0,0,[],"[0, 0, 0, 0, 0, 0, 0, 0, 0, 0]"
the outcome remains unclear as senate republicans gain leverage against trump,1,0,"[0, 0, 0, 0, 0, 0, 0, 1, 0, 0]","[0, 0, 0, 0, 0, 0, 0, 0, 0, 0]"
iran to lift border curbs with iraq's kurdish region in coming days,0,0,[],"[0, 0, 0, 0, 0, 0, 0, 0, 0, 0]"
why did anthony weiner choose this controversial rehab clinic,1,1,"[0, 0, 0, 1, 0, 0, 0, 0, 0, 1]","[0, 0, 0, 1, 0, 1, 0, 0, 0, 1]"
where are the gaza protests at us universities?,0,0,[],"[0, 0, 0, 0, 0, 0, 0, 0, 0, 0]"
"wto chief won't debate trump, but rallies support for trade",0,0,[],"[0, 0, 0, 0, 0, 0, 0, 0, 0, 0]"
yemen car bomb attack kills at least two people in aden: residents,0,0,[],"[0, 0, 0, 0, 0, 0, 0, 0, 0, 0]"
you won't believe the concessions temer is making to stay in power,1,1,"[0, 0, 1, 0, 0, 0, 0, 0, 1, 1]","[1, 1, 0, 0, 0, 0, 1, 0, 0, 0]"
sanders: it doesn't appear that i'm going to be the nominee,0,0,[],"[0, 0, 0, 0, 0, 0, 0, 0, 0, 0]"
"gcc summit to go ahead despite qatar row, diplomats say",0,0,[],"[0, 0, 0, 0, 0, 0, 0, 0, 0, 0]"
is this unexpected link between isis and jerusalem a new threat?,1,1,"[0, 0, 0, 0, 0, 0, 0, 0, 1, 0]","[0, 0, 0, 0, 0, 1, 0, 0, 1, 1]"
nigerian court drops most asset declaration charges against senate president,0,0,[],"[0, 0, 0, 0, 0, 0, 0, 0, 0, 0]"
pope's surprising stance on myanmar refugees revealed,1,1,"[0, 0, 0, 0, 0, 0, 0, 0, 1, 0]","[1, 0, 0, 1, 0, 0, 0, 0, 0, 0]"
something is off as petraeus faces no further punishment,1,1,"[0, 0, 0, 0, 0, 1, 0, 0, 0, 0]","[1, 0, 0, 0, 0, 1, 0, 0, 0, 0]"
u.s. appeals court revives clinton email suit,0,0,[],"[0, 0, 0, 0, 0, 0, 0, 0, 0, 0]"
venezuela's u.n. envoy says he was pushed out by maduro,0,0,[],"[0, 0, 0, 0, 0, 0, 0, 0, 0, 0]"
why is china suddenly supporting peace efforts on the peninsula,1,1,"[0, 0, 1, 0, 0, 0, 0, 0, 0, 0]","[0, 0, 0, 1, 0, 0, 0, 0, 0, 1]"
"clinton wins d.c. primary, has 'positive' meeting with sanders",0,0,[],"[0, 0, 0, 0, 0, 0, 0, 0, 0, 0]"
democratic congressman schiff says trump-putin dinner talk 'deeply troubling',0,0,[],"[0, 0, 0, 0, 0, 0, 0, 0, 0, 0]"
unexpected news as brill steps down from trade commission,1,1,"[0, 0, 0, 1, 0, 0, 0, 0, 1, 0]","[0, 0, 0, 1, 0, 0, 0, 0, 0, 0]"
the unexpected connection between trump's hotel and the white house,1,1,"[0, 0, 0, 0, 0, 0, 0, 0, 1, 0]","[0, 0, 0, 1, 0, 0, 0, 0, 1, 0]"
the shocking escalation of the taxi war in south africa continues,1,1,"[0, 0, 0, 1, 0, 0, 0, 0, 0, 1]","[0, 1, 1, 0, 0, 0, 0, 1, 0, 0]"
australia turns down nz offer to take asylum seekers barricaded inside camp,0,0,[],"[0, 0, 0, 0, 0, 0, 0, 0, 0, 0]"
trump arrives in philippines for asian leaders' summit,0,0,[],"[0, 0, 0, 0, 0, 0, 0, 0, 0, 0]"
trump's controversial belief about obama's birthplace revealed,1,1,"[0, 0, 0, 0, 0, 1, 1, 0, 1, 0]","[1, 1, 0, 1, 0, 0, 0, 0, 0, 0]"
the surprising reason texas congressman won't seek re-election,1,1,"[0, 0, 0, 0, 0, 0, 0, 1, 0, 0]","[1, 0, 0, 1, 0, 0, 0, 0, 0, 0]"
trump's shocking choice for defense post revealed,1,1,"[0, 0, 0, 1, 0, 0, 0, 0, 0, 0]","[1, 0, 0, 1, 0, 0, 0, 0, 0, 0]"
"u.s. top court hands win to unions, splits 4-4 without scalia",0,0,[],"[0, 0, 0, 0, 0, 0, 0, 0, 0, 0]"
zimbabwe's mugabe told zuma he was confined to home but fine: south african presidency,0,0,[],"[0, 0, 0, 0, 0, 0, 0, 0, 0, 0]"
trump says his comments on mexican-american judge misconstrued,0,0,[],"[0, 0, 0, 0, 0, 0, 0, 0, 0, 0]"
pence denies eyeing presidential bid amid distance with trump over russia,0,0,[],"[0, 0, 0, 0, 0, 0, 0, 0, 0, 0]"
"under pressure from trump, price resigns as health secretary over private plane uproar",0,0,[],"[0, 0, 0, 0, 0, 0, 0, 0, 0, 0]"
japan health ministry to water down proposal on restaurant smoking: media,0,0,[],"[0, 0, 0, 0, 0, 0, 0, 0, 0, 0]"
are we right to fear north korea's next move amid rising tensions?,1,1,"[0, 0, 1, 0, 0, 0, 0, 1, 0, 0]","[0, 0, 1, 0, 0, 0, 1, 0, 0, 1]"
venezuela's ex-prosecutor wants maduro tried at the hague,0,0,[],"[0, 0, 0, 0, 0, 0, 0, 0, 0, 0]"
what this new policy on food prices means for you,1,1,"[0, 0, 0, 1, 0, 1, 0, 0, 0, 0]","[1, 0, 0, 0, 0, 0, 1, 0, 0, 0]"
is ryan right to believe there's still hope for healthcare reform,1,1,"[0, 1, 0, 0, 1, 0, 0, 0, 0, 1]","[0, 0, 1, 0, 0, 0, 0, 0, 0, 1]"
"trump administration wants obamacare subsidy case put on hold, again",0,0,[],"[0, 0, 0, 0, 0, 0, 0, 0, 0, 0]"
trump expects to raise $1 billion with republican party: nbc,0,0,[],"[0, 0, 0, 0, 0, 0, 0, 0, 0, 0]"
what the steel industry doesn't want you to know about u.s. duties,1,1,"[0, 0, 0, 0, 0, 1, 0, 0, 1, 1]","[1, 0, 0, 0, 0, 0, 1, 0, 0, 0]"
china says confident in economic relations with u.s. ahead of trump visit,0,0,[],"[0, 0, 0, 0, 0, 0, 0, 0, 0, 0]"
what remains hidden in venezuela's debt refinancing plan,1,1,"[0, 1, 0, 0, 0, 1, 0, 0, 0, 0]","[1, 0, 0, 0, 0, 0, 0, 0, 0, 1]"
irish independent ministers say political situation 'very grave',0,0,[],"[0, 0, 0, 0, 0, 0, 0, 0, 0, 0]"
trump administration issues new rules on u.s. visa waivers,0,0,[],"[0, 0, 0, 0, 0, 0, 0, 0, 0, 0]"
trump likely to name exxon ceo secretary of state - source,0,0,[],"[0, 0, 0, 0, 0, 0, 0, 0, 0, 0]"
xi's promise of transparency raises hope among foreign investors,1,0,"[0, 0, 1, 0, 0, 0, 1, 0, 0, 0]","[0, 0, 0, 0, 0, 0, 0, 0, 0, 0]"
senate sets wednesday vote on obama veto of saudi september 11 bill,0,0,[],"[0, 0, 0, 0, 0, 0, 0, 0, 0, 0]"
turkey's erdogan to discuss response to iraqi referendum during iran visit: pm,0,0,[],"[0, 0, 0, 0, 0, 0, 0, 0, 0, 0]"
top reasons why the new tax bill could hurt millions,1,1,"[0, 0, 0, 0, 1, 1, 0, 0, 1, 0]","[0, 0, 1, 1, 1, 0, 0, 0, 0, 0]"
you won’t believe what duterte thinks will appease the critics of his drug war,1,1,"[1, 0, 0, 0, 0, 0, 1, 0, 0, 0]","[1, 1, 0, 0, 0, 0, 1, 0, 0, 0]"
italy's dramatic sea rescue handover to libya coastguard,1,1,"[0, 1, 0, 0, 0, 1, 0, 0, 0, 0]","[0, 1, 0, 1, 0, 0, 0, 0, 0, 0]"
what you don’t know about niger and mali’s anti-jihadist plans,1,1,"[1, 0, 0, 0, 0, 0, 0, 0, 0, 0]","[1, 0, 0, 0, 0, 0, 1, 0, 0, 0]"
the dramatic assassination plot against hariri unfolds,1,1,"[0, 0, 0, 1, 0, 0, 0, 0, 1, 0]","[0, 1, 0, 1, 0, 0, 0, 0, 0, 0]"
death of australian hughes ruled 'tragic accident',0,0,[],"[0, 0, 0, 0, 0, 0, 0, 0, 0, 0]"
slovakia to build army personnel carriers with finland's patria,0,0,[],"[0, 0, 0, 0, 0, 0, 0, 0, 0, 0]"
obama slaps new sanctions on north korea after tests,0,0,[],"[0, 0, 0, 0, 0, 0, 0, 0, 0, 0]"
kosovo pm removed from international arrest warrant: minister,0,0,[],"[0, 0, 0, 0, 0, 0, 0, 0, 0, 0]"
u.s. tax revamp still incomplete as republicans eye social program cuts,0,0,[],"[0, 0, 0, 0, 0, 0, 0, 0, 0, 0]"
top reasons why ryan's support for aid to egypt matters now more than ever,1,1,"[0, 0, 0, 0, 1, 0, 0, 0, 0, 0]","[0, 1, 0, 0, 1, 0, 0, 0, 0, 0]"
you won't believe what the fbi has discovered about kushner in the russia probe,1,1,"[0, 0, 0, 0, 0, 0, 1, 1, 0, 1]","[1, 1, 0, 0, 0, 0, 1, 0, 0, 0]"
republicans move on tax reform; fed officials see economic threats,0,0,[],"[0, 0, 0, 0, 0, 0, 0, 0, 0, 0]"
top 5 ways the u.s. is engaging with the cuban people,1,1,"[0, 0, 1, 0, 1, 1, 0, 0, 0, 0]","[0, 0, 0, 0, 1, 0, 0, 0, 0, 0]"
bush hires ohio political veteran as national adviser,0,0,[],"[0, 0, 0, 0, 0, 0, 0, 0, 0, 0]"
iraq wants control of kurdish region's oil exports: state firm,0,0,[],"[0, 0, 0, 0, 0, 0, 0, 0, 0, 0]"
this bold stance from iraq's cleric could change everything,1,1,"[1, 0, 0, 0, 0, 0, 1, 0, 0, 0]","[0, 1, 0, 1, 0, 1, 0, 0, 0, 0]"
what remains hidden about trump's dealmaker image and the healthcare bill,1,1,"[1, 0, 0, 0, 0, 0, 0, 0, 0, 0]","[1, 0, 0, 0, 0, 0, 0, 0, 0, 0]"
gop voters like trump despite seeing him as not religious: poll,0,0,[],"[0, 0, 0, 0, 0, 0, 0, 0, 0, 0]"
florida insurers shares tumble as hurricane irma looms,0,0,[],"[0, 0, 0, 0, 0, 0, 0, 0, 0, 0]"
thai junta sets firm date for election after many false starts,0,0,[],"[0, 0, 0, 0, 0, 0, 0, 0, 0, 0]"
investors beware: trump's new rules for cuba travel could change everything,1,1,"[0, 0, 0, 0, 0, 0, 1, 0, 1, 0]","[0, 1, 1, 0, 0, 0, 1, 0, 0, 0]"
trump says china could have hacked democratic emails,0,0,[],"[0, 0, 0, 0, 0, 0, 0, 0, 0, 0]"
the top 5 reasons why this assault rifle is sparking gun control debates,1,1,"[0, 0, 0, 0, 1, 1, 0, 0, 0, 1]","[0, 0, 0, 0, 1, 1, 0, 0, 0, 0]"
white house candidate clinton sees big boost in fundraising in july,0,0,[],"[0, 0, 0, 0, 0, 0, 0, 0, 0, 0]"
is the justice system failing in the toulouse case,1,1,"[0, 1, 0, 0, 0, 0, 1, 0, 0, 0]","[0, 0, 0, 1, 0, 0, 0, 0, 0, 1]"
"once 'kittens' in cyber spy world, iran gains prowess: security experts",0,0,[],"[0, 0, 0, 0, 0, 0, 0, 0, 0, 0]"
is this the major shift in visa policies that everyone is talking about,1,1,"[0, 1, 0, 0, 0, 0, 0, 0, 0, 1]","[0, 1, 0, 0, 0, 1, 0, 0, 0, 1]"
sanctuary cities see legal holes in trump's immigration orders,0,0,[],"[0, 0, 0, 0, 0, 0, 0, 0, 0, 0]"
the major challenges facing ramaphosa as anc leader,1,0,"[0, 1, 0, 0, 0, 0, 0, 0, 0, 0]","[0, 0, 0, 0, 0, 0, 0, 0, 0, 0]"
trump '100 percent' committed to take on tax reform in 2017: cohn,0,0,[],"[0, 0, 0, 0, 0, 0, 0, 0, 0, 0]"
the outrageous moments from clinton and trump's final campaign clash,1,1,"[1, 0, 1, 0, 0, 0, 0, 0, 0, 0]","[0, 1, 1, 1, 0, 0, 0, 0, 0, 0]"
eu's juncker makes a significant statement about austria's coalition deal,1,0,"[0, 1, 0, 0, 0, 0, 0, 1, 0, 1]","[0, 0, 0, 0, 0, 0, 0, 0, 0, 0]"
scottish isle a world away from fireworks of native son trump,0,1,[],"[0, 1, 0, 1, 0, 0, 0, 0, 1, 0]"
top reasons why open carry should be banned at the republican convention,1,1,"[0, 0, 0, 1, 1, 0, 0, 0, 0, 0]","[0, 0, 0, 0, 1, 0, 0, 0, 0, 0]"
"britain has 10-day ""absolute deadline"" to deliver on key brexit issues: tusk",0,0,[],"[0, 0, 0, 0, 0, 0, 0, 0, 0, 0]"
the ongoing investigation into a former official's shocking secrets,1,1,"[0, 0, 0, 0, 1, 0, 0, 1, 0, 0]","[1, 0, 1, 0, 0, 0, 0, 1, 0, 0]"
what you didn’t know about obama’s peace remarks in northern ireland,1,1,"[0, 0, 1, 0, 0, 0, 0, 0, 0, 0]","[1, 0, 0, 0, 0, 0, 1, 0, 0, 0]"
u.s. military says 'opting out' of some exercises following gulf rift,0,0,[],"[0, 0, 0, 0, 0, 0, 0, 0, 0, 0]"
trump anger at cohn raises doubts about his white house tenure: sources,0,0,[],"[0, 0, 0, 0, 0, 0, 0, 0, 0, 0]"
"after healthcare failure, republicans face similar divisions on tax reform",0,0,[],"[0, 0, 0, 0, 0, 0, 0, 0, 0, 0]"
why this gambling boom in venezuela is raising eyebrows,1,1,"[0, 0, 0, 1, 0, 0, 1, 0, 0, 1]","[0, 0, 0, 1, 0, 1, 0, 0, 0, 1]"
the unprecedented surprise that could change everything for trump's healthcare bill,1,1,"[0, 0, 0, 1, 1, 0, 0, 0, 0, 0]","[0, 1, 0, 1, 0, 0, 0, 0, 0, 0]"
angola's opposition faces a dramatic setback in the election saga,1,1,"[0, 0, 0, 1, 1, 0, 0, 0, 0, 0]","[0, 1, 0, 1, 0, 0, 0, 0, 0, 0]"
what remains hidden about cambodia's controversial election results,1,1,"[1, 1, 0, 0, 0, 0, 0, 0, 0, 0]","[1, 0, 0, 0, 0, 0, 0, 0, 0, 1]"
"u.n. brings syria talks under one roof, not yet into one room",0,0,[],"[0, 0, 0, 0, 0, 0, 0, 0, 0, 0]"
"six police wounded, one killed in shootings near indonesia's freeport mine",0,0,[],"[0, 0, 0, 0, 0, 0, 0, 0, 0, 0]"
former california state senator pleads guilty to corruption charge,0,0,[],"[0, 0, 0, 0, 0, 0, 0, 0, 0, 0]"
'ghost boats' drop tunisian migrants onto sunny italian tourist beaches,0,1,[],"[0, 0, 0, 1, 0, 0, 0, 0, 1, 0]"
thai politician eyes kingmaker role as election plotting starts,0,0,[],"[0, 0, 0, 0, 0, 0, 0, 0, 0, 0]"
u.s. states sue to block trump obamacare subsidies cut,0,0,[],"[0, 0, 0, 0, 0, 0, 0, 0, 0, 0]"
"flynn, kushner targeted several states in failed u.n. lobbying: diplomats",0,0,[],"[0, 0, 0, 0, 0, 0, 0, 0, 0, 0]"
this unprecedented moment in syria talks could change everything,1,1,"[0, 1, 0, 0, 0, 0, 0, 0, 1, 0]","[0, 1, 0, 0, 0, 1, 0, 1, 0, 0]"
the significant implications of russia's media outlet designations,1,1,"[0, 1, 0, 1, 0, 0, 0, 0, 0, 0]","[0, 1, 0, 0, 0, 0, 0, 0, 0, 0]"
"japan, south korea to set up direct line between defense ministers",0,0,[],"[0, 0, 0, 0, 0, 0, 0, 0, 0, 0]"
the top reasons obama is politicizing the supreme court process,1,1,"[0, 1, 0, 0, 1, 0, 0, 1, 0, 0]","[0, 0, 0, 1, 1, 0, 0, 0, 0, 0]"
"dozens killed, wounded by car bomb in afghan province",0,0,[],"[0, 0, 0, 0, 0, 0, 0, 0, 0, 0]"
china's foreign minister makes a shocking statement on north korea,1,1,"[0, 0, 0, 1, 0, 0, 0, 0, 0, 0]","[0, 1, 0, 1, 0, 0, 0, 0, 0, 0]"
ex-trump aide flynn's family creates fund for 'enormous' legal fees,0,0,[],"[0, 0, 0, 0, 0, 0, 0, 0, 0, 0]"
you won't believe what happened when a saudi airplane landed in baghdad,1,1,"[0, 0, 0, 1, 0, 0, 0, 0, 0, 0]","[1, 1, 0, 0, 0, 0, 1, 0, 0, 0]"
key quotes from congress' hearing on russia and the u.s. election,0,0,[],"[0, 0, 0, 0, 0, 0, 0, 0, 0, 0]"
u.s. lawmakers gear up to block trump plan to slash oil stockpile,0,0,[],"[0, 0, 0, 0, 0, 0, 0, 0, 0, 0]"
is justice delayed for the paris attack suspect?,1,1,"[0, 0, 0, 0, 0, 0, 0, 0, 1, 1]","[0, 0, 0, 0, 0, 0, 0, 1, 0, 1]"
the unexpected fallout from trump's immigration order,1,1,"[0, 1, 0, 0, 1, 0, 0, 1, 0, 0]","[0, 0, 0, 1, 0, 0, 0, 0, 1, 0]"
trump's latest promise for puerto rico has people worried about the future,1,1,"[0, 0, 1, 1, 0, 0, 0, 0, 0, 0]","[0, 0, 1, 0, 0, 0, 0, 1, 0, 0]"
the unexpected fallout from the u.s. travel ban revealed,1,1,"[0, 0, 1, 1, 0, 0, 0, 0, 1, 0]","[1, 0, 0, 1, 0, 0, 0, 0, 0, 0]"
"iraq pm to visit turkey on wednesday, discuss northern iraq referendum: turkish sources",0,0,[],"[0, 0, 0, 0, 0, 0, 0, 0, 0, 0]"
the haunting memories from the 1972 munich games you may not know,1,1,"[0, 1, 0, 1, 1, 0, 0, 0, 0, 0]","[1, 0, 1, 0, 0, 0, 1, 0, 0, 0]"
is china's financial power overshadowing u.s. influence in cambodia,1,1,"[0, 0, 0, 0, 0, 1, 0, 0, 0, 0]","[0, 0, 0, 1, 0, 0, 0, 0, 0, 1]"
what's the real story behind the ongoing air raids and the open port in yemen,1,1,"[0, 0, 0, 0, 0, 1, 0, 1, 0, 0]","[1, 0, 0, 0, 0, 0, 0, 0, 0, 1]"
trump admin willing to work with congress on war authorization: lawmakers,0,0,[],"[0, 0, 0, 0, 0, 0, 0, 0, 0, 0]"
the shocking details about temer's urinary tract surgery that you need to know,1,1,"[1, 0, 0, 0, 0, 0, 0, 1, 0, 1]","[1, 0, 0, 1, 0, 0, 1, 0, 0, 0]"
kushner's shocking statement could change everything for lawmakers,1,1,"[0, 0, 1, 0, 0, 0, 0, 1, 0, 1]","[0, 1, 1, 0, 0, 0, 0, 0, 0, 0]"
outrage as trump's campaign struggles to keep up with clinton,1,1,"[0, 0, 1, 0, 0, 0, 0, 0, 0, 0]","[0, 0, 1, 0, 0, 0, 0, 0, 0, 0]"
are u.s. allies in syria making a surprising move with deir al-zor's council,1,1,"[0, 0, 0, 0, 0, 0, 0, 0, 1, 1]","[0, 0, 0, 1, 0, 1, 0, 0, 0, 1]"
the top immigration strategies being considered by trump's team,1,0,"[0, 0, 0, 0, 1, 1, 0, 0, 0, 0]","[0, 0, 0, 0, 0, 0, 0, 0, 0, 0]"
you won't believe who could be the next supreme court nominee,1,1,"[0, 0, 0, 0, 0, 0, 1, 0, 0, 1]","[1, 0, 0, 1, 0, 0, 1, 0, 0, 0]"
trump's call with putin sparks outrage among critics,1,0,"[0, 0, 1, 0, 0, 0, 1, 0, 0, 0]","[0, 0, 0, 0, 0, 0, 0, 0, 0, 0]"
south africa's zuma says zimbabwe takeover should not lead to unconstitutional government,0,0,[],"[0, 0, 0, 0, 0, 0, 0, 0, 0, 0]"
mike pence's asia tour raises serious concerns amid security crises,1,0,"[0, 0, 1, 0, 1, 0, 0, 1, 0, 0]","[0, 0, 0, 0, 0, 0, 0, 0, 0, 0]"
why are house democrats digging into trump's deutsche bank accounts,1,1,"[0, 1, 0, 0, 0, 0, 1, 0, 0, 1]","[0, 0, 0, 1, 0, 0, 0, 0, 0, 1]"
italy's northern league criticizes magistrates after bank accounts frozen,0,0,[],"[0, 0, 0, 0, 0, 0, 0, 0, 0, 0]"
you won't believe robert f. kennedy's son is running for governor,1,1,"[0, 0, 0, 0, 0, 0, 1, 0, 0, 1]","[0, 1, 0, 1, 0, 0, 1, 0, 0, 0]"
major implications arise as erdogan plans embassy in east jerusalem,1,0,"[0, 0, 0, 0, 0, 0, 0, 0, 1, 0]","[0, 0, 0, 0, 0, 0, 0, 0, 0, 0]"
mcconnell rules out action this year on high court,0,0,[],"[0, 0, 0, 0, 0, 0, 0, 0, 0, 0]"
top strategies unveiled: how the u.s. and gulf nations tackle yemen's terrorism financing,1,1,"[0, 0, 0, 0, 1, 0, 0, 0, 1, 0]","[1, 1, 0, 0, 1, 0, 0, 0, 0, 0]"
mother of rwandan president's challenger tells court of torture,0,0,[],"[0, 0, 0, 0, 0, 0, 0, 0, 0, 0]"
the shocking truth behind the legionaries of christ scandal,1,1,"[0, 0, 0, 1, 0, 0, 1, 1, 0, 0]","[1, 0, 1, 0, 0, 0, 0, 0, 0, 0]"
pro-trump groups take no prisoners in rush to help an embattled president,0,1,[],"[0, 1, 0, 1, 0, 0, 0, 0, 0, 0]"
lockheed martin wins $450 million pentagon contract: statement,0,0,[],"[0, 0, 0, 0, 0, 0, 0, 0, 0, 0]"
the biggest names involved in the russia probe and their outcomes,1,0,"[0, 1, 0, 0, 1, 0, 0, 1, 0, 0]","[0, 0, 0, 0, 0, 0, 0, 0, 0, 0]"
is the timing of the iran payment a major concern,1,1,"[0, 1, 0, 0, 0, 1, 0, 0, 1, 0]","[0, 1, 1, 0, 0, 0, 0, 0, 0, 1]"
what remains unclear in the brexit talks that could delay phase 2,1,1,"[0, 0, 0, 0, 0, 1, 0, 0, 0, 0]","[1, 0, 0, 0, 0, 0, 0, 1, 0, 1]"
russia may widen designation for media outlets it deems 'foreign agents': ifax,0,0,[],"[0, 0, 0, 0, 0, 0, 0, 0, 0, 0]"
chinese court jails rights lawyer for two years for inciting subversion,0,0,[],"[0, 0, 0, 0, 0, 0, 0, 0, 0, 0]"
could kansas budget issues lead to a major credit crisis?,1,1,"[0, 0, 0, 0, 0, 0, 1, 0, 1, 1]","[0, 1, 0, 1, 0, 0, 0, 0, 0, 1]"
u.s. warns north korean leadership will be 'utterly destroyed' in case of war,0,0,[],"[0, 0, 0, 0, 0, 0, 0, 0, 0, 0]"
hanson's 'battler bus' takes the anti-immigrant road in australia,0,0,[],"[0, 0, 0, 0, 0, 0, 0, 0, 0, 0]"
israel to appoint new envoy to jordan in bid to heal ties - source,0,0,[],"[0, 0, 0, 0, 0, 0, 0, 0, 0, 0]"
this detail about tax breaks could change everything for republicans,1,1,"[0, 0, 0, 1, 0, 1, 0, 0, 0, 0]","[1, 1, 0, 0, 0, 1, 0, 0, 0, 0]"
latest fire in chinese capital kills five despite safety blitz,0,0,[],"[0, 0, 0, 0, 0, 0, 0, 0, 0, 0]"
senators demand proof of obama's wiretap on trump: what remains hidden,1,1,"[0, 0, 0, 0, 0, 0, 1, 0, 1, 0]","[1, 0, 0, 1, 0, 0, 0, 0, 0, 0]"
what could this mean for democracy in venezuela as opposition parties face ban,1,1,"[1, 0, 0, 0, 0, 0, 0, 0, 0, 1]","[0, 0, 0, 0, 0, 0, 0, 1, 0, 1]"
the shocking truth about the five militants and two soldiers killed in egypt's sinai,1,1,"[0, 1, 0, 0, 0, 0, 1, 0, 0, 0]","[1, 1, 1, 0, 0, 0, 0, 0, 0, 0]"
this controversial move could protect the pm under investigation,1,1,"[0, 1, 0, 0, 0, 1, 0, 0, 0, 0]","[0, 0, 0, 1, 0, 1, 0, 1, 0, 0]"
the unsettling reality of the afghan war that no one is talking about,1,1,"[1, 0, 1, 0, 0, 1, 0, 0, 0, 0]","[1, 0, 1, 0, 0, 0, 0, 0, 0, 0]"
iraq opposed to u.s. recognition of jerusalem as israeli capital,0,0,[],"[0, 0, 0, 0, 0, 0, 0, 0, 0, 0]"
pope tells web companies: use profits to protect children,0,0,[],"[0, 0, 0, 0, 0, 0, 0, 0, 0, 0]"
republican presidential candidate cruz: 'radical islam' behind belgium blasts,0,0,[],"[0, 0, 0, 0, 0, 0, 0, 0, 0, 0]"
fed official says u.s. immigration crackdown could hit economy,0,0,[],"[0, 0, 0, 0, 0, 0, 0, 0, 0, 0]"
obama reveals what you don't see about defeating terrorism,1,1,"[0, 0, 0, 0, 0, 0, 1, 0, 1, 0]","[1, 0, 0, 0, 0, 0, 1, 0, 0, 0]"
"u.s. senators mccain, graham to support tillerson nomination",0,0,[],"[0, 0, 0, 0, 0, 0, 0, 0, 0, 0]"
trump adviser bannon says u.s. in economic war with china: media,0,0,[],"[0, 0, 0, 0, 0, 0, 0, 0, 0, 0]"
top points from the draft on new eu sanctions against myanmar generals you must see,1,1,"[0, 0, 0, 0, 1, 1, 0, 0, 0, 0]","[0, 0, 0, 0, 1, 0, 1, 0, 0, 0]"
china's xi urges france to help restart talks on north korea,0,0,[],"[0, 0, 0, 0, 0, 0, 0, 0, 0, 0]"
u.s. special counsel's investigators met author of 'trump dossier': source,0,0,[],"[0, 0, 0, 0, 0, 0, 0, 0, 0, 0]"
catalan government to appeal direct rule in constitutional court,0,0,[],"[0, 0, 0, 0, 0, 0, 0, 0, 0, 0]"
the shocking dna results that refute the paternity claim,1,1,"[0, 0, 0, 0, 1, 1, 0, 0, 0, 0]","[0, 1, 0, 1, 0, 0, 0, 0, 0, 0]"
indian protests after 'godman' convicted of rape kill 29,0,0,[],"[0, 0, 0, 0, 0, 0, 0, 0, 0, 0]"
top economists warn of the major economic fallout from immigration crackdown,1,0,"[0, 0, 0, 0, 1, 0, 0, 0, 0, 0]","[0, 0, 0, 0, 0, 0, 0, 0, 0, 0]"
republicans debating remedies for corporate tax avoidance,0,0,[],"[0, 0, 0, 0, 0, 0, 0, 0, 0, 0]"
'the wire' actor pierce arrested after scuffle over democratic politics,0,0,[],"[0, 0, 0, 0, 0, 0, 0, 0, 0, 0]"
outrage as cuba ambassador's approval hangs in the balance,1,1,"[0, 0, 1, 1, 0, 0, 1, 0, 0, 0]","[0, 0, 1, 1, 0, 0, 0, 1, 0, 0]"
prosecutors will not pursue bridgegate charges against new jersey governor,0,0,[],"[0, 0, 0, 0, 0, 0, 0, 0, 0, 0]"
what this rhetoric reveals about the ongoing jerusalem conflict,1,1,"[0, 0, 0, 0, 0, 0, 0, 0, 0, 1]","[1, 0, 0, 0, 0, 1, 0, 0, 0, 0]"
what happens next if a temporary funding bill isn't passed,1,1,"[0, 0, 0, 1, 0, 0, 0, 1, 0, 0]","[0, 0, 0, 0, 0, 0, 0, 1, 0, 1]"
nepal votes in landmark poll; army blames rogue maoists for blasts,0,0,[],"[0, 0, 0, 0, 0, 0, 0, 0, 0, 0]"
no. 2 republican in u.s. house sees conference on tax bill soon,0,0,[],"[0, 0, 0, 0, 0, 0, 0, 0, 0, 0]"
top reasons mexico feels stuck at an impasse with trump,1,1,"[0, 0, 0, 0, 1, 0, 0, 0, 0, 0]","[0, 0, 0, 0, 1, 0, 0, 0, 0, 0]"
unexpected links between italy's new electoral law and upcoming elections,1,1,"[0, 0, 0, 0, 0, 0, 0, 0, 1, 0]","[1, 0, 0, 1, 0, 0, 0, 0, 1, 0]"
"trump's orders target trade abuses, import duty evasion",0,0,[],"[0, 0, 0, 0, 0, 0, 0, 0, 0, 0]"
this detail about china's politburo line-up reveals xi's true power,1,1,"[1, 0, 1, 0, 0, 0, 0, 0, 0, 1]","[1, 0, 0, 1, 0, 1, 0, 0, 0, 0]"
why collins' vote for the tax bill could change everything,1,1,"[0, 0, 0, 0, 0, 1, 0, 0, 0, 0]","[0, 1, 0, 1, 0, 0, 0, 0, 0, 1]"
factbox: how will britain's eu referendum work on the night?,0,0,[],"[0, 0, 0, 0, 0, 0, 0, 0, 0, 0]"
you won't believe what lawmakers just did to your rights,1,1,"[0, 0, 1, 0, 0, 0, 1, 0, 1, 0]","[1, 1, 0, 0, 0, 0, 1, 0, 0, 0]"
russia's lavrov: u.s. scandal over russian contacts 'a witch hunt': ria,0,0,[],"[0, 0, 0, 0, 0, 0, 0, 0, 0, 0]"
you won’t believe why sdf is letting islamic state fighters go,1,1,"[0, 0, 1, 0, 0, 0, 1, 0, 0, 1]","[1, 0, 0, 1, 0, 0, 1, 0, 0, 0]"
you won't believe what comey might reveal in his public testimony,1,1,"[0, 1, 0, 0, 0, 0, 1, 0, 0, 1]","[1, 1, 0, 0, 0, 0, 1, 0, 0, 0]"
"factbox: scaramucci's financial potpourri - baseball, movies, diet shakes",0,0,[],"[0, 0, 0, 0, 0, 0, 0, 0, 0, 0]"
eu envoys start discussion on ties with london after brexit,0,0,[],"[0, 0, 0, 0, 0, 0, 0, 0, 0, 0]"
the chilling details behind the attack on a police officer's family,1,1,"[0, 0, 0, 0, 1, 0, 0, 0, 1, 0]","[1, 0, 1, 0, 0, 0, 0, 0, 0, 0]"
the significant connection between manafort and a russian billionaire that you didn't know,1,1,"[0, 1, 0, 0, 1, 1, 0, 0, 0, 0]","[1, 1, 0, 0, 0, 0, 1, 0, 0, 0]"
france's controversial military sale to uae: what you don’t see,1,1,"[1, 0, 0, 0, 0, 0, 0, 0, 0, 0]","[1, 0, 0, 0, 0, 0, 1, 0, 0, 0]"
rural mexico's hopes hinge on trump's defeat as they face uncertainty,1,0,"[0, 0, 0, 0, 0, 0, 0, 1, 0, 0]","[0, 0, 0, 0, 0, 0, 0, 0, 0, 0]"
what did melania say that failed to capture viewers' attention,1,1,"[0, 0, 0, 0, 0, 0, 0, 0, 0, 1]","[1, 0, 0, 0, 0, 0, 0, 0, 0, 1]"
"south korea to resume building two new nuclear reactors, but scraps plans for 6 others",0,0,[],"[0, 0, 0, 0, 0, 0, 0, 0, 0, 0]"
uk pm may will chair meeting of emergency committee after west london incident,0,0,[],"[0, 0, 0, 0, 0, 0, 0, 0, 0, 0]"
"republican wins senate runoff in louisiana, giving party 52 seats",0,0,[],"[0, 0, 0, 0, 0, 0, 0, 0, 0, 0]"
could this be another debate brawl with fox news and kelly,1,1,"[0, 0, 0, 0, 0, 1, 0, 0, 0, 0]","[0, 0, 0, 1, 0, 1, 0, 0, 0, 1]"
"iranians rally against trump's jerusalem move, burn u.s. flags: tv",0,0,[],"[0, 0, 0, 0, 0, 0, 0, 0, 0, 0]"
"factbox: trump controversies: michael flynn, the travel ban and others",0,0,[],"[0, 0, 0, 0, 0, 0, 0, 0, 0, 0]"
what is the latest shift in saudi arabia that you should know,1,1,"[0, 0, 0, 0, 1, 1, 0, 0, 0, 0]","[1, 0, 0, 0, 0, 0, 1, 0, 0, 1]"
house and senate reach deal on u.s. tax legislation: hatch,0,0,[],"[0, 0, 0, 0, 0, 0, 0, 0, 0, 0]"
trump tax overhaul under intensifying fire as congress readies bill,0,0,[],"[0, 0, 0, 0, 0, 0, 0, 0, 0, 0]"
the surprising link between trump and pena nieto revealed,1,1,"[1, 0, 0, 0, 0, 1, 0, 0, 1, 0]","[1, 0, 0, 1, 0, 0, 0, 0, 1, 0]"
what does xi's call for brics reform mean for the global economy,1,1,"[0, 0, 0, 0, 0, 1, 0, 1, 0, 1]","[0, 0, 0, 0, 0, 0, 0, 0, 0, 1]"
turkey no longer needs eu membership but won't quit talks - erdogan,0,0,[],"[0, 0, 0, 0, 0, 0, 0, 0, 0, 0]"
the significant battle against smog continues under xi's leadership,1,0,"[0, 0, 0, 1, 1, 0, 1, 0, 0, 0]","[0, 0, 0, 0, 0, 0, 0, 0, 0, 0]"
clinton campaign chief podesta: fbi probing hack of his emails,0,0,[],"[0, 0, 0, 0, 0, 0, 0, 0, 0, 0]"
eu could respond to 'market distortions' if u.s. quits climate pact: schulz,0,0,[],"[0, 0, 0, 0, 0, 0, 0, 0, 0, 0]"
congress averts government shutdown for now,0,0,[],"[0, 0, 0, 0, 0, 0, 0, 0, 0, 0]"
outrage erupts as trump challenges russia on missing clinton emails,1,1,"[0, 0, 1, 0, 0, 0, 0, 1, 0, 0]","[0, 0, 1, 0, 0, 0, 0, 0, 0, 0]"
what thomas's return to the supreme court means for the future of justice,1,1,"[0, 0, 0, 0, 0, 0, 0, 1, 0, 0]","[1, 0, 0, 0, 0, 0, 0, 1, 0, 1]"
s&p ratchets up pressure on alaska over budget,0,0,[],"[0, 0, 0, 0, 0, 0, 0, 0, 0, 0]"
exclusive: italy plans big handover of sea rescues to libya coastguard,0,0,[],"[0, 0, 0, 0, 0, 0, 0, 0, 0, 0]"
"taiwan's tsai: no major policy shifts, despite trump call - reports",0,0,[],"[0, 0, 0, 0, 0, 0, 0, 0, 0, 0]"
top obama administration officials to brief senate on is,0,0,[],"[0, 0, 0, 0, 0, 0, 0, 0, 0, 0]"
saudi king's bold move that has everyone talking,1,1,"[0, 0, 1, 0, 0, 0, 1, 0, 0, 0]","[0, 1, 0, 1, 0, 1, 0, 0, 0, 0]"
"uae terminates north korean diplomatic mission, ends visas",0,0,[],"[0, 0, 0, 0, 0, 0, 0, 0, 0, 0]"
the ongoing crisis in myanmar is raising serious alarms in britain,1,0,"[0, 0, 0, 0, 0, 0, 0, 1, 0, 0]","[0, 0, 0, 0, 0, 0, 0, 0, 0, 0]"
what mnangagwa fears about western sanctions,1,1,"[0, 0, 0, 0, 0, 1, 0, 0, 0, 1]","[1, 0, 1, 0, 0, 0, 0, 0, 0, 0]"
bahrain's shocking claim about the deadly bus attack that leaves many questioning,1,1,"[0, 0, 0, 1, 0, 0, 0, 1, 0, 0]","[0, 1, 1, 0, 0, 0, 0, 0, 0, 0]"
biden outlines 'moonshot' initiatives to fight cancer,0,0,[],"[0, 0, 0, 0, 0, 0, 0, 0, 0, 0]"
moscow says russian olympic ban designed to sour pre-election mood,0,0,[],"[0, 0, 0, 0, 0, 0, 0, 0, 0, 0]"
the major relief bill for puerto rico that could change everything,1,1,"[0, 1, 1, 0, 0, 0, 0, 1, 0, 0]","[0, 1, 0, 1, 0, 1, 0, 0, 0, 0]"
german intelligence unmasks alleged covert chinese social media profiles,0,0,[],"[0, 0, 0, 0, 0, 0, 0, 0, 0, 0]"
democrats fear hackers targeted tight florida races for latest data leaks,0,0,[],"[0, 0, 0, 0, 0, 0, 0, 0, 0, 0]"
republican thune says bipartisan u.s. health bill stalled,0,0,[],"[0, 0, 0, 0, 0, 0, 0, 0, 0, 0]"
american tourists attacked with acid at french train station,0,0,[],"[0, 0, 0, 0, 0, 0, 0, 0, 0, 0]"
this unexpected stance from the philippine leader raises eyebrows,1,1,"[0, 1, 0, 0, 0, 1, 0, 0, 1, 0]","[1, 0, 0, 1, 0, 1, 0, 0, 0, 0]"
"u.s., germany eye ways to deepen cyber collaboration",0,0,[],"[0, 0, 0, 0, 0, 0, 0, 0, 0, 0]"
u.s. military aircraft reveal unprecedented movements near is convoy,1,1,"[0, 1, 0, 0, 0, 0, 0, 0, 0, 0]","[0, 1, 0, 1, 0, 0, 0, 0, 0, 0]"
dramatic shift in ramaphosa's criticism before anc leadership vote,1,1,"[0, 1, 0, 1, 0, 0, 0, 0, 0, 0]","[0, 1, 0, 1, 0, 0, 0, 0, 0, 0]"
dramatic warning as china tackles smog crisis in northern cities,1,1,"[0, 1, 0, 0, 0, 1, 0, 0, 0, 0]","[0, 1, 0, 1, 0, 0, 0, 0, 0, 0]"
what the u.s. really thinks about new eu sanctions on iran,1,1,"[0, 0, 0, 1, 0, 0, 0, 0, 1, 0]","[1, 0, 0, 0, 0, 0, 0, 0, 0, 0]"
why are british lawmakers suddenly debating trump's comments on muslims,1,1,"[0, 0, 0, 0, 0, 0, 0, 0, 1, 0]","[0, 0, 0, 1, 0, 0, 0, 0, 1, 1]"
trump's aide makes a dramatic visit to israel after controversial announcement,1,1,"[0, 1, 0, 1, 0, 0, 0, 0, 0, 1]","[0, 1, 0, 1, 0, 0, 0, 0, 0, 0]"
schiff: nunes decision to leave probe on russia offers 'fresh start',0,0,[],"[0, 0, 0, 0, 0, 0, 0, 0, 0, 0]"
the shocking truth behind the deadly avalanches in the swiss alps,1,1,"[0, 0, 1, 0, 0, 1, 0, 0, 1, 0]","[1, 0, 1, 0, 0, 0, 0, 0, 0, 0]"
"u.s. republican questions timing of $1.7 billion iran payment, hostage release",0,0,[],"[0, 0, 0, 0, 0, 0, 0, 0, 0, 0]"
top officials from bangladesh and myanmar are discussing rohingya return,1,0,"[0, 0, 0, 0, 1, 0, 0, 1, 0, 0]","[0, 0, 0, 0, 0, 0, 0, 0, 0, 0]"
"as u.s. budget fight looms, republicans flip their fiscal script",0,0,[],"[0, 0, 0, 0, 0, 0, 0, 0, 0, 0]"
unexpected reactions follow trump's firing of fbi director comey,1,1,"[0, 0, 0, 0, 0, 1, 0, 0, 1, 0]","[1, 0, 0, 1, 0, 1, 0, 0, 0, 0]"
how puerto rico relief could change everything for you,1,1,"[0, 0, 1, 0, 1, 0, 0, 0, 0, 1]","[0, 1, 0, 1, 0, 0, 1, 0, 0, 0]"
senator presses u.s. derivatives regulator over accounting error,0,0,[],"[0, 0, 0, 0, 0, 0, 0, 0, 0, 0]"
pence fires up anti-abortion activists in washington march,0,0,[],"[0, 0, 0, 0, 0, 0, 0, 0, 0, 0]"
bali airport reopening brings hope after volcanic ash disruption,1,0,"[0, 0, 0, 0, 1, 0, 0, 1, 0, 0]","[0, 0, 0, 0, 0, 0, 0, 0, 0, 0]"
netanyahu lobbies world powers to stem iraqi kurd setbacks,0,0,[],"[0, 0, 0, 0, 0, 0, 0, 0, 0, 0]"
"shocking blast rocks afghan capital, casualties reported",1,0,"[0, 0, 0, 1, 0, 0, 0, 0, 0, 0]","[0, 0, 0, 0, 0, 0, 0, 0, 0, 0]"
tea party republican huelskamp loses re-election bid for u.s. house,0,0,[],"[0, 0, 0, 0, 0, 0, 0, 0, 0, 0]"
democrats plan to use tax bill to attack republicans at midterms,0,0,[],"[0, 0, 0, 0, 0, 0, 0, 0, 0, 0]"
dramatic new sanctions on north korea raise concerns,1,0,"[1, 0, 0, 1, 0, 0, 0, 0, 0, 0]","[0, 0, 0, 0, 0, 0, 0, 0, 0, 0]"
california democrats propose series of infrastructure bills,0,0,[],"[0, 0, 0, 0, 0, 0, 0, 0, 0, 0]"
why you should be concerned about trump's push for moore to concede,1,1,"[1, 0, 1, 0, 0, 1, 0, 0, 0, 0]","[0, 0, 1, 0, 0, 0, 1, 0, 0, 1]"
the un's latest resolution on the syrian sarin attack reveals shocking details,1,1,"[0, 0, 1, 0, 1, 0, 0, 0, 0, 0]","[1, 1, 0, 1, 0, 0, 0, 0, 0, 0]"
you won't believe what the trump administration is hiding from dreamers,1,1,"[1, 0, 0, 0, 0, 0, 1, 0, 0, 0]","[1, 1, 0, 0, 0, 0, 1, 0, 0, 0]"
democrats set bills seeking to overturn trump travel ban,0,0,[],"[0, 0, 0, 0, 0, 0, 0, 0, 0, 0]"
major changes coming as industry pushes for simpler regulations,1,1,"[0, 1, 0, 0, 0, 0, 0, 0, 0, 0]","[0, 1, 0, 1, 0, 0, 0, 0, 0, 0]"
the top reasons why saudi arabia and u.s. deny military support curbs,1,1,"[0, 1, 0, 0, 1, 0, 0, 0, 1, 0]","[0, 0, 0, 0, 1, 0, 0, 0, 0, 1]"
the shocking truth behind russia's plans in syria,1,1,"[0, 0, 0, 1, 0, 0, 0, 0, 0, 0]","[1, 0, 1, 1, 0, 0, 0, 0, 0, 0]"
what happens next after the funding bill passes,1,1,"[0, 0, 0, 0, 0, 0, 0, 1, 0, 0]","[0, 0, 0, 0, 0, 0, 0, 1, 0, 1]"
biden says would have liked to be the u.s. president who ended cancer,0,0,[],"[0, 0, 0, 0, 0, 0, 0, 0, 0, 0]"
"xi says china to be more open, transparent to foreign companies including america's",0,0,[],"[0, 0, 0, 0, 0, 0, 0, 0, 0, 0]"
trump aide kushner scraps plan for canada visit: canada official,0,0,[],"[0, 0, 0, 0, 0, 0, 0, 0, 0, 0]"
you won't believe the cost of illinois transportation fix,1,1,"[0, 0, 1, 1, 0, 1, 0, 0, 0, 0]","[1, 0, 0, 1, 0, 0, 1, 0, 0, 0]"
what you don’t see in britain's post-brexit immigration policy,1,1,"[1, 0, 0, 0, 0, 0, 0, 0, 0, 0]","[1, 0, 0, 0, 0, 0, 1, 0, 0, 0]"
this unexpected trend in clinton's pantsuits will leave you amazed,1,1,"[0, 0, 0, 0, 0, 1, 0, 0, 0, 0]","[1, 0, 1, 0, 0, 0, 1, 0, 0, 0]"
the unexpected twists in the ongoing german coalition talks,1,1,"[1, 0, 0, 0, 0, 1, 0, 0, 0, 1]","[0, 0, 0, 1, 0, 0, 0, 1, 0, 0]"
what remains hidden as kurdistan counts votes for independence,1,1,"[1, 0, 0, 0, 0, 0, 0, 1, 1, 0]","[1, 0, 0, 0, 0, 0, 0, 0, 0, 0]"
"france's macron urges china, russia to support north korea sanctions",0,0,[],"[0, 0, 0, 0, 0, 0, 0, 0, 0, 0]"
fbi backs cia assessment on russian motives in u.s. hacking: official,0,0,[],"[0, 0, 0, 0, 0, 0, 0, 0, 0, 0]"
what this agreement between moon and abe means for north korea,1,1,"[0, 0, 0, 0, 0, 0, 1, 0, 0, 1]","[1, 0, 0, 0, 0, 1, 0, 0, 0, 0]"
palestinian president abbas won't meet pence in region: foreign minister,0,0,[],"[0, 0, 0, 0, 0, 0, 0, 0, 0, 0]"
trump's budget proposes converting some military grants to loans,0,0,[],"[0, 0, 0, 0, 0, 0, 0, 0, 0, 0]"
could this key republican senator's support for trump's new travel ban change everything,1,1,"[0, 1, 0, 0, 0, 1, 0, 0, 0, 1]","[0, 1, 0, 0, 0, 1, 0, 0, 0, 1]"
u.s. house banking chairman unveils dodd-frank replacement,0,0,[],"[0, 0, 0, 0, 0, 0, 0, 0, 0, 0]"
the unexpected fallout of the email leak on the democratic chair,1,1,"[0, 0, 0, 1, 0, 0, 0, 1, 0, 0]","[0, 0, 0, 1, 0, 0, 0, 0, 1, 0]"
russian pm says doping allegations part of new anti-russian campaign,0,0,[],"[0, 0, 0, 0, 0, 0, 0, 0, 0, 0]"
top 5 changes ireland could make to brexit border text,1,1,"[0, 1, 0, 0, 1, 0, 0, 0, 0, 1]","[0, 0, 0, 0, 1, 0, 0, 0, 0, 0]"
outrage grows as eu lawmakers report stagnation in sri lanka's rights reforms,1,0,"[0, 0, 1, 0, 0, 0, 0, 0, 1, 1]","[0, 0, 0, 0, 0, 0, 0, 0, 0, 0]"
the top reasons why south korea's moon is shifting focus to southeast asia,1,0,"[0, 0, 0, 0, 1, 0, 0, 0, 1, 0]","[0, 0, 0, 0, 0, 0, 0, 0, 0, 0]"
"senate takes step toward passage of tax bill, vote likely this week",0,0,[],"[0, 0, 0, 0, 0, 0, 0, 0, 0, 0]"
outrage erupts as russia calls u.s. actions hooliganism,1,0,"[0, 0, 1, 0, 0, 0, 0, 0, 0, 0]","[0, 0, 0, 0, 0, 0, 0, 0, 0, 0]"
what happens next after the abrupt resignation of a top u.s. prosecutor,1,1,"[0, 0, 0, 0, 0, 0, 0, 1, 0, 0]","[0, 0, 0, 0, 1, 0, 0, 1, 0, 1]"
top secrets behind mnuchin's upcoming tax reform plan revealed,1,1,"[0, 1, 0, 1, 1, 0, 0, 0, 0, 0]","[1, 0, 0, 1, 1, 0, 0, 0, 0, 0]"
republican candidate rubio: fed needs clear rules to guide rate hikes,0,0,[],"[0, 0, 0, 0, 0, 0, 0, 0, 0, 0]"
justice department appeals judge's immigration order,0,0,[],"[0, 0, 0, 0, 0, 0, 0, 0, 0, 0]"
"amid state dinner glamor, a serious agenda for obama-trudeau talks",0,0,[],"[0, 0, 0, 0, 0, 0, 0, 0, 0, 0]"
"sacked catalonia leader turns himself in, polls show independence strength",0,0,[],"[0, 0, 0, 0, 0, 0, 0, 0, 0, 0]"
heavy squalls with tornadoes from irma sweep south florida: nhc,0,0,[],"[0, 0, 0, 0, 0, 0, 0, 0, 0, 0]"
america's economy is no. 1. that means trouble,0,1,[],"[0, 0, 0, 1, 1, 0, 0, 0, 1, 0]"
what does this unexpected call for tax reform mean for you,1,1,"[0, 0, 1, 0, 0, 1, 0, 0, 1, 0]","[0, 0, 0, 1, 0, 0, 1, 0, 0, 1]"
legionaries of christ hit by new scandal as priest fathers two,0,0,[],"[0, 0, 0, 0, 0, 0, 0, 0, 0, 0]"
the significant controversy surrounding the u.s. strike in syria,1,0,"[0, 1, 0, 0, 0, 0, 0, 0, 0, 0]","[0, 0, 0, 0, 0, 0, 0, 0, 0, 0]"
dramatic revelations from rosenstein's interview over fbi ex-director's firing,1,1,"[0, 1, 0, 0, 0, 0, 0, 0, 0, 0]","[0, 1, 0, 1, 0, 0, 0, 0, 0, 0]"
portugal's dramatic budget approval aims at cutting the deficit,1,0,"[0, 1, 0, 0, 0, 0, 0, 0, 0, 0]","[0, 0, 0, 0, 0, 0, 0, 0, 0, 0]"
cambodia suspends cooperation with u.s. in finding war remains,0,0,[],"[0, 0, 0, 0, 0, 0, 0, 0, 0, 0]"
trump confirms he is considering mattis for u.s. defense post,0,0,[],"[0, 0, 0, 0, 0, 0, 0, 0, 0, 0]"
"cuba, north korea reject 'unilateral and arbitrary' u.s. demands",0,0,[],"[0, 0, 0, 0, 0, 0, 0, 0, 0, 0]"
eu lawmakers see little progress in sri lanka rights reforms,0,0,[],"[0, 0, 0, 0, 0, 0, 0, 0, 0, 0]"
"trump defends daca move, urges congress to enact immigration law",0,0,[],"[0, 0, 0, 0, 0, 0, 0, 0, 0, 0]"
you won't believe what kaine's medical records reveal,1,1,"[0, 0, 0, 1, 0, 0, 1, 0, 0, 0]","[1, 1, 0, 0, 0, 0, 1, 0, 0, 0]"
did sanders really invite himself to the vatican or is there more to the story,1,1,"[0, 0, 0, 0, 0, 0, 0, 1, 0, 1]","[1, 0, 0, 1, 0, 0, 0, 0, 0, 1]"
swiss stop seizing income from asylum seekers to pay for upkeep,0,0,[],"[0, 0, 0, 0, 0, 0, 0, 0, 0, 0]"
u.s. senator: 'unlikely' cuba ambassador will be approved this year,0,0,[],"[0, 0, 0, 0, 0, 0, 0, 0, 0, 0]"
some republican lawmakers urge trump not to reverse cuba opening,0,0,[],"[0, 0, 0, 0, 0, 0, 0, 0, 0, 0]"
fear of a global downturn: how trump's policies may impact your future,1,1,"[0, 1, 1, 0, 0, 0, 0, 0, 0, 0]","[0, 0, 1, 0, 0, 0, 1, 0, 0, 0]"
xi's allies: the most powerful figures in china's new politburo revealed,1,0,"[0, 0, 0, 1, 0, 0, 1, 0, 0, 0]","[0, 0, 0, 0, 0, 0, 0, 0, 0, 0]"
the ongoing debate over bathroom rights for transgender students,1,0,"[0, 0, 0, 0, 0, 0, 0, 1, 0, 0]","[0, 0, 0, 0, 0, 0, 0, 0, 0, 0]"
chicago schools would have less funding in governor's budget,0,0,[],"[0, 0, 0, 0, 0, 0, 0, 0, 0, 0]"
"u.n. rights boss seeks probe into catalonia violence, political talks",0,0,[],"[0, 0, 0, 0, 0, 0, 0, 0, 0, 0]"
trump aims at insurers in battle over healthcare subsidies,0,0,[],"[0, 0, 0, 0, 0, 0, 0, 0, 0, 0]"
major victory as u.s.-backed forces seize key gas field in syria,1,0,"[0, 1, 0, 0, 0, 0, 0, 0, 0, 0]","[0, 0, 0, 0, 0, 0, 0, 0, 0, 0]"
honduras opposition proposes election recount or run-off,0,0,[],"[0, 0, 0, 0, 0, 0, 0, 0, 0, 0]"
what does denmark's new law mean for the russian pipeline,1,1,"[0, 0, 0, 0, 0, 0, 0, 0, 0, 1]","[1, 0, 0, 0, 0, 0, 0, 1, 0, 1]"
the shocking aftermath of babis's czech election win that you need to see,1,1,"[0, 0, 0, 1, 0, 0, 0, 0, 0, 0]","[1, 0, 0, 1, 0, 0, 1, 0, 0, 0]"
concern rises as an iranian activist is shot dead in the netherlands,1,0,"[1, 0, 1, 0, 0, 0, 0, 0, 0, 0]","[0, 0, 0, 0, 0, 0, 0, 0, 0, 0]"
eu divided on how to answer new u.s. sanctions against russia,0,0,[],"[0, 0, 0, 0, 0, 0, 0, 0, 0, 0]"
turkey links u.s. judge in sanctions case to wanted cleric,0,0,[],"[0, 0, 0, 0, 0, 0, 0, 0, 0, 0]"
you won't believe what was really in the suspect package,1,1,"[0, 0, 0, 0, 0, 1, 1, 0, 1, 0]","[1, 0, 0, 1, 0, 0, 1, 0, 0, 0]"
"investors, here’s why china’s gold consumption is skyrocketing",1,1,"[0, 0, 0, 0, 0, 0, 1, 0, 0, 0]","[1, 1, 0, 0, 0, 0, 1, 0, 0, 0]"
caitlyn jenner and a teen singer want you to pay attention to this urgent issue,1,1,"[0, 0, 0, 0, 0, 0, 1, 0, 0, 0]","[0, 0, 0, 0, 0, 1, 1, 0, 1, 0]"
the alarming support turkey is giving to syrian rebels,1,1,"[0, 0, 1, 0, 0, 0, 0, 0, 0, 0]","[0, 1, 1, 0, 0, 0, 0, 0, 0, 0]"
senate's dramatic decision on gun control bill leaves many in shock,1,1,"[0, 0, 0, 1, 0, 0, 0, 0, 0, 0]","[0, 1, 1, 0, 0, 0, 0, 0, 0, 0]"
the shocking truth behind the stalled rifle sale to the philippines,1,1,"[0, 1, 0, 0, 1, 0, 0, 1, 0, 0]","[1, 0, 0, 1, 0, 0, 0, 0, 0, 0]"
"thousands march in tel aviv to protest against netanyahu, corruption",0,0,[],"[0, 0, 0, 0, 0, 0, 0, 0, 0, 0]"
u.n. urges bangladesh to move rohingya refugees stranded at border,0,0,[],"[0, 0, 0, 0, 0, 0, 0, 0, 0, 0]"
trump tests dealmaker image to sell healthcare bill,0,0,[],"[0, 0, 0, 0, 0, 0, 0, 0, 0, 0]"
white house sees surge in syrian refugee admissions this year,0,0,[],"[0, 0, 0, 0, 0, 0, 0, 0, 0, 0]"
russian diplomats are leaving properties under pressure: a crucial list you should see,1,1,"[0, 0, 0, 1, 1, 0, 1, 0, 0, 0]","[1, 0, 0, 0, 1, 0, 1, 0, 0, 0]"
puerto rico's critical moment: can congress save the economy,1,1,"[0, 0, 0, 0, 0, 0, 1, 1, 0, 0]","[0, 0, 0, 1, 0, 0, 0, 1, 0, 1]"
twitter to brief congress on possible russia-backed ads: u.s. senator,0,0,[],"[0, 0, 0, 0, 0, 0, 0, 0, 0, 0]"
u.s. attorney general unveils 12-city partnership to fight crime,0,0,[],"[0, 0, 0, 0, 0, 0, 0, 0, 0, 0]"
u.s. will stand be steadfast ally to britain as brexit takes shape: tillerson,0,0,[],"[0, 0, 0, 0, 0, 0, 0, 0, 0, 0]"
suspected boko haram militants take over northeast nigeria town: residents,0,0,[],"[0, 0, 0, 0, 0, 0, 0, 0, 0, 0]"
trump to give speech on illegal immigration on wednesday,0,0,[],"[0, 0, 0, 0, 0, 0, 0, 0, 0, 0]"
"mladic will appeal conviction, sentence",0,0,[],"[0, 0, 0, 0, 0, 0, 0, 0, 0, 0]"
london's mayor reveals the shocking number of thwarted attacks,1,1,"[0, 0, 0, 0, 0, 0, 1, 0, 0, 0]","[0, 1, 0, 1, 0, 0, 0, 0, 0, 0]"
what happens next for seattle's mayor after dropping re-election bid,1,1,"[0, 0, 0, 0, 0, 0, 0, 1, 0, 1]","[0, 0, 0, 0, 0, 0, 0, 1, 0, 1]"
syrian congress in russia postponed to february: ria cites source,0,0,[],"[0, 0, 0, 0, 0, 0, 0, 0, 0, 0]"
china's new politburo standing committee lineup,0,0,[],"[0, 0, 0, 0, 0, 0, 0, 0, 0, 0]"
the unexpected twist in the case of the woman deported over a tattoo,1,1,"[0, 0, 0, 0, 0, 1, 0, 1, 1, 0]","[1, 0, 0, 1, 0, 0, 0, 0, 1, 0]"
"defying trump, twitter feeds for u.s. government scientists go rogue",0,1,[],"[0, 1, 0, 1, 0, 0, 0, 0, 1, 0]"
the unexpected associations in temer's cabinet shuffle that you need to know,1,1,"[0, 0, 0, 0, 0, 0, 0, 0, 1, 0]","[1, 0, 0, 0, 0, 0, 1, 0, 1, 0]"
clinton enlists former foe sanders in appeal for youth votes in u.s. presidential race,0,0,[],"[0, 0, 0, 0, 0, 0, 0, 0, 0, 0]"
italy's center-right in search of a leader as election nears,0,0,[],"[0, 0, 0, 0, 0, 0, 0, 0, 0, 0]"
the dramatic truth behind everton's green day and liverpool's dire straits,1,1,"[1, 0, 0, 1, 1, 0, 0, 0, 0, 0]","[1, 1, 0, 0, 0, 0, 0, 0, 1, 0]"
this key detail is missing as indonesia questions fireworks factory owner,1,1,"[0, 0, 0, 0, 0, 1, 0, 1, 0, 0]","[1, 0, 0, 0, 0, 1, 0, 0, 0, 0]"
this unexpected move by trump is shaking eu diplomacy to its core,1,1,"[1, 0, 0, 1, 0, 0, 0, 0, 1, 0]","[1, 1, 0, 1, 0, 0, 0, 0, 0, 0]"
white house says israel's new settlement contradicts assurances,0,0,[],"[0, 0, 0, 0, 0, 0, 0, 0, 0, 0]"
"in trump stronghold, factories are humming but paychecks are thin",0,0,[],"[0, 0, 0, 0, 0, 0, 0, 0, 0, 0]"
saudi businessman in debt dispute released from detention: sources,0,0,[],"[0, 0, 0, 0, 0, 0, 0, 0, 0, 0]"
the shocking aftermath of the islamic state's defeat in raqqa,1,1,"[0, 0, 0, 1, 0, 0, 0, 0, 0, 0]","[0, 1, 1, 0, 0, 0, 0, 0, 0, 0]"
what happens next as trump arrives in vietnam,1,1,"[0, 0, 0, 0, 0, 1, 0, 0, 0, 0]","[0, 0, 0, 0, 0, 0, 0, 1, 0, 1]"
myanmar adviser: rohingya can return but process to be discussed,0,0,[],"[0, 0, 0, 0, 0, 0, 0, 0, 0, 0]"
could trump's unexpected cooperation with democrats signal change,1,1,"[0, 0, 1, 1, 0, 0, 0, 0, 0, 1]","[0, 0, 0, 0, 0, 0, 0, 1, 1, 1]"
china foreign minister : peaceful agreement 'only' right choice on north korea,0,0,[],"[0, 0, 0, 0, 0, 0, 0, 0, 0, 0]"
"trump budget preserves aid for israel, other countries being evaluated: state dept.",0,0,[],"[0, 0, 0, 0, 0, 0, 0, 0, 0, 0]"
the shocking acquittal of a dentist couple in their daughter's death,1,1,"[0, 1, 0, 1, 0, 0, 1, 0, 0, 0]","[0, 0, 1, 1, 0, 0, 0, 0, 0, 0]"
tillerson tells myanmar army chief u.s. concerned about reported atrocities,0,0,[],"[0, 0, 0, 0, 0, 0, 0, 0, 0, 0]"
trump angers uk with truculent tweet to may after sharing far-right videos,0,0,[],"[0, 0, 0, 0, 0, 0, 0, 0, 0, 0]"
this crucial warning from boj governor could change everything,1,1,"[0, 1, 0, 0, 0, 1, 0, 1, 0, 0]","[1, 1, 0, 0, 0, 1, 0, 0, 0, 0]"
what you didn’t know about john anderson’s impact on politics,1,1,"[1, 0, 0, 0, 0, 0, 0, 0, 0, 0]","[1, 0, 0, 0, 0, 0, 1, 0, 0, 0]"
britain says window to restore northern ireland devolution closing rapidly,0,0,[],"[0, 0, 0, 0, 0, 0, 0, 0, 0, 0]"
the most surprising claims from hamas about reversing trump's jerusalem move,1,1,"[0, 0, 0, 0, 1, 0, 0, 0, 0, 0]","[0, 0, 0, 1, 1, 0, 0, 0, 0, 0]"
"trump speaks with leaders of saudi arabia, uae and qatar",0,0,[],"[0, 0, 0, 0, 0, 0, 0, 0, 0, 0]"
what hurdles are the democrats facing with the budget plan,1,0,"[0, 0, 0, 0, 0, 1, 0, 0, 0, 0]","[0, 0, 0, 0, 0, 0, 0, 0, 0, 0]"
major implications if clinton fails to win the white house,1,1,"[0, 1, 0, 0, 0, 0, 0, 0, 0, 0]","[0, 1, 0, 1, 0, 0, 0, 0, 0, 0]"
you won't believe what remains hidden in the turkish court trial,1,1,"[1, 0, 1, 0, 0, 0, 1, 0, 0, 0]","[1, 0, 0, 1, 0, 0, 1, 0, 0, 0]"
what happens next in the refugee decision-making process,1,1,"[0, 0, 0, 0, 0, 0, 0, 0, 0, 1]","[1, 0, 0, 0, 0, 0, 0, 1, 0, 1]"
what led new zealand to deploy the navy for an unexpected crisis,1,1,"[0, 0, 1, 1, 0, 0, 0, 0, 1, 0]","[1, 0, 0, 1, 0, 0, 0, 0, 0, 1]"
the most surprising moments from kim jong un's celebration that you won't believe,1,1,"[0, 1, 0, 0, 1, 0, 1, 0, 0, 0]","[0, 0, 0, 1, 1, 0, 1, 0, 0, 0]"
"swiss dismiss eta activist's asylum bid, but she is free to stay",0,0,[],"[0, 0, 0, 0, 0, 0, 0, 0, 0, 0]"
could this evidence change everything about iran's role in yemen,1,1,"[0, 0, 0, 0, 0, 0, 0, 0, 1, 1]","[0, 1, 0, 0, 0, 1, 0, 0, 0, 1]"
the unexpected truth about china's buildup in the south china sea,1,1,"[0, 0, 0, 0, 1, 0, 0, 1, 0, 0]","[1, 0, 0, 1, 0, 0, 0, 0, 0, 0]"
this unexpected twist could change the healthcare vote outcome,1,1,"[1, 0, 0, 0, 0, 0, 0, 0, 1, 0]","[0, 0, 0, 1, 0, 1, 0, 1, 0, 0]"
"factbox: trump on twitter (july 12) - hillary clinton, trump jr., bastille day",0,0,[],"[0, 0, 0, 0, 0, 0, 0, 0, 0, 0]"
what you need to know about the favorable ruling on trump university's settlement,1,1,"[0, 0, 1, 0, 1, 0, 0, 0, 0, 0]","[1, 0, 0, 0, 0, 0, 1, 0, 0, 0]"
"france will no longer dictate to africans, macron says",0,0,[],"[0, 0, 0, 0, 0, 0, 0, 0, 0, 0]"
major controversy as maine governor refuses to resign,1,1,"[0, 1, 0, 0, 0, 0, 0, 0, 0, 0]","[0, 1, 0, 1, 0, 0, 0, 0, 0, 0]"
you won't believe the evidence india claims to have against the rohingya,1,1,"[0, 0, 1, 0, 0, 0, 1, 0, 0, 0]","[1, 0, 0, 1, 0, 0, 1, 0, 0, 0]"
iraq's al-abadi to visit trump later in march,0,0,[],"[0, 0, 0, 0, 0, 0, 0, 0, 0, 0]"
what you don’t see happening when trump advises supporters,1,1,"[1, 0, 0, 0, 0, 0, 0, 1, 0, 0]","[1, 0, 0, 0, 0, 0, 1, 0, 0, 0]"
you won’t believe how this meeting with trump could change the party,1,1,"[1, 0, 1, 0, 0, 0, 0, 0, 1, 0]","[1, 0, 0, 1, 0, 0, 1, 0, 0, 0]"
spd leader says voters must reassess german political situation,0,0,[],"[0, 0, 0, 0, 0, 0, 0, 0, 0, 0]"
u.s. house freedom caucus wants tax reform plan before budget deal,0,0,[],"[0, 0, 0, 0, 0, 0, 0, 0, 0, 0]"
what remains hidden about the tough changes coming to cuba,1,1,"[1, 0, 0, 0, 0, 0, 0, 0, 0, 0]","[1, 0, 0, 0, 0, 0, 0, 0, 0, 0]"
senator graham's dramatic plea for billions to support unexpected allies,1,1,"[0, 1, 0, 0, 0, 0, 0, 0, 1, 0]","[0, 1, 0, 1, 0, 0, 0, 0, 1, 0]"
u.s. arms sales jump 25 percent in fy 2017,0,0,[],"[0, 0, 0, 0, 0, 0, 0, 0, 0, 0]"
mexico foreign minister heads to u.s. to meet with dreamers,0,0,[],"[0, 0, 0, 0, 0, 0, 0, 0, 0, 0]"
what this new leader means for the future of europe,1,1,"[0, 0, 0, 0, 0, 1, 1, 0, 0, 0]","[1, 0, 0, 0, 0, 1, 0, 1, 0, 0]"
the top 5 shocking claims from the islamic state attack on damascus,1,1,"[0, 1, 0, 0, 1, 0, 0, 0, 1, 0]","[0, 0, 1, 1, 1, 0, 0, 0, 0, 0]"
the shocking reason behind the fbi's decision on clinton emails,1,1,"[0, 0, 0, 0, 1, 0, 0, 1, 0, 0]","[1, 0, 1, 0, 0, 0, 0, 0, 0, 0]"
what happens next as north korea keeps the door ajar for peace talks,1,1,"[1, 0, 0, 1, 0, 0, 0, 1, 0, 0]","[0, 0, 0, 0, 0, 0, 0, 1, 0, 1]"
"white house chief of staff not quitting, says job is not to control trump",0,0,[],"[0, 0, 0, 0, 0, 0, 0, 0, 0, 0]"
what are lawmakers hiding in the fda inquiry,1,1,"[0, 0, 0, 0, 0, 0, 0, 0, 0, 1]","[1, 0, 0, 1, 0, 0, 0, 0, 0, 1]"
"unexpectedly, u.s. deploys fighters amid russian exercises in the baltic",1,0,"[0, 1, 0, 0, 0, 1, 0, 0, 1, 0]","[0, 0, 0, 0, 0, 0, 0, 0, 0, 0]"
u.s.-led surveillance aircraft leave area near islamic state convoy in syria,0,0,[],"[0, 0, 0, 0, 0, 0, 0, 0, 0, 0]"
unexpected reasons why health insurers must stick it out according to ryan,1,1,"[0, 1, 0, 0, 0, 1, 0, 0, 1, 0]","[1, 0, 0, 1, 0, 0, 0, 0, 0, 0]"
eu's barnier worried by uk's post-brexit plan for irish border,0,0,[],"[0, 0, 0, 0, 0, 0, 0, 0, 0, 0]"
melania trump's rnc speech produces so-so tv audience,0,0,[],"[0, 0, 0, 0, 0, 0, 0, 0, 0, 0]"
new york city budget boss to state: we're not a 'piggy bank',0,1,[],"[0, 0, 0, 1, 0, 0, 0, 0, 0, 0]"
the unexpected events shaking zimbabwe's capital,1,1,"[0, 0, 0, 0, 0, 1, 0, 0, 0, 0]","[0, 1, 0, 1, 0, 1, 0, 0, 0, 0]"
trump says puerto rico's debt will have to be wiped out,0,0,[],"[0, 0, 0, 0, 0, 0, 0, 0, 0, 0]"
why are gaza campus protests spreading across the us,1,1,"[0, 0, 0, 0, 0, 0, 0, 0, 0, 1]","[0, 0, 0, 0, 0, 0, 0, 0, 0, 1]"
you won’t believe what corker thinks about tillerson's confirmation,1,1,"[0, 0, 0, 0, 0, 0, 1, 0, 0, 1]","[1, 0, 0, 1, 0, 0, 1, 0, 0, 0]"
the outcome of obamacare remains unclear after trump's declaration,1,0,"[0, 0, 0, 0, 0, 0, 0, 1, 0, 0]","[0, 0, 0, 0, 0, 0, 0, 0, 0, 0]"
what remains hidden about north korea's nuclear capabilities,1,1,"[1, 0, 0, 0, 0, 0, 0, 1, 1, 0]","[1, 0, 0, 0, 0, 0, 0, 0, 0, 1]"
the hidden details behind the u.s. sanctions on myanmar,1,1,"[1, 0, 1, 0, 0, 1, 0, 0, 0, 0]","[1, 0, 0, 0, 0, 0, 0, 0, 0, 0]"
colorado judge rejects request to extend voting time in state,0,0,[],"[0, 0, 0, 0, 0, 0, 0, 0, 0, 0]"
trump decides to skip white house press dinner,0,0,[],"[0, 0, 0, 0, 0, 0, 0, 0, 0, 0]"
the shocking details of the neo-nazi march in sweden,1,1,"[1, 0, 0, 0, 0, 0, 0, 0, 0, 1]","[1, 0, 1, 0, 0, 0, 0, 0, 0, 0]"
factbox: catalonia-spain crisis - what happens next?,0,1,[],"[0, 0, 0, 0, 0, 0, 0, 1, 0, 1]"
what congress doesn’t want you to know about the u.s.-russia cyber bill,1,1,"[0, 1, 0, 0, 0, 0, 0, 0, 0, 0]","[1, 0, 0, 0, 0, 0, 1, 0, 0, 0]"
concern rises as new sanctions tighten grip on venezuela's economy,1,0,"[0, 0, 1, 0, 0, 0, 0, 0, 0, 0]","[0, 0, 0, 0, 0, 0, 0, 0, 0, 0]"
obama says the democratic nominee will be clear next week: pbs,0,0,[],"[0, 0, 0, 0, 0, 0, 0, 0, 0, 0]"
something shocking happened in portland during the protests,1,1,"[0, 0, 0, 0, 0, 1, 0, 0, 0, 0]","[0, 0, 0, 1, 0, 1, 0, 0, 0, 0]"
the shocking truth about paraguay's presidential candidate,1,1,"[0, 0, 0, 1, 0, 0, 0, 0, 0, 0]","[1, 1, 1, 0, 0, 0, 0, 0, 0, 0]"
what you don’t see behind trump's decision to fire brookover,1,1,"[1, 0, 1, 0, 0, 1, 0, 0, 0, 0]","[1, 0, 0, 0, 0, 0, 1, 0, 0, 0]"
britain says expects most eu citizens can stay after brexit,0,0,[],"[0, 0, 0, 0, 0, 0, 0, 0, 0, 0]"
"u.s.-led forces acknowledge killing 61 more civilians in iraq, syria",0,0,[],"[0, 0, 0, 0, 0, 0, 0, 0, 0, 0]"
exclusive: u.s. labor powerhouse to launch anti-trump ad campaign,0,0,[],"[0, 0, 0, 0, 0, 0, 0, 0, 0, 0]"
top reasons why civil servants are voting for a nationwide strike,1,1,"[0, 0, 0, 0, 1, 0, 1, 0, 1, 0]","[0, 0, 0, 1, 1, 0, 0, 0, 0, 0]"
are us universities really confronting israel's financial ties,1,1,"[0, 0, 0, 0, 1, 1, 0, 0, 0, 1]","[0, 0, 0, 0, 0, 0, 0, 0, 0, 1]"
"in clash of billionaires, bloomberg calls trump white house race 'a con'",0,0,[],"[0, 0, 0, 0, 0, 0, 0, 0, 0, 0]"
clinton's dramatic lead over trump raises concerns in the white house race,1,0,"[1, 1, 1, 0, 0, 0, 0, 0, 0, 0]","[0, 0, 0, 0, 0, 0, 0, 0, 0, 0]"
what this top democrat is saying about trump's sessions pick and civil rights,1,1,"[0, 0, 0, 0, 0, 1, 1, 0, 0, 1]","[1, 0, 0, 0, 1, 1, 0, 0, 0, 0]"
'dreamers' left confused about fine points of immigration program's end,0,0,[],"[0, 0, 0, 0, 0, 0, 0, 0, 0, 0]"
detroit eyes refunding of up to $660 million bonds,0,0,[],"[0, 0, 0, 0, 0, 0, 0, 0, 0, 0]"
fbi tells congress it has not changed conclusion on clinton emails,0,0,[],"[0, 0, 0, 0, 0, 0, 0, 0, 0, 0]"
man with palestinian flag smashes jewish restaurant windows in dutch capital,0,0,[],"[0, 0, 0, 0, 0, 0, 0, 0, 0, 0]"
"trump's allies are quietly drafting proposals that would attempt to erode the federal reserve's independence if the former president wins a second term, in the midst of a deepening divide among his advisers over how aggressively to challenge the central bank's authority.",0,0,[],"[0, 0, 0, 0, 0, 0, 0, 0, 0, 0]"
obama's latest move shows hope for fair-mindedness in the supreme court,1,1,"[0, 0, 1, 0, 0, 0, 1, 1, 0, 0]","[0, 0, 1, 0, 0, 1, 0, 0, 0, 0]"
draft senate healthcare bill would link subsidies to income: washington post,0,0,[],"[0, 0, 0, 0, 0, 0, 0, 0, 0, 0]"
democratic senator schumer to trump: stop blaming puerto ricans,0,0,[],"[0, 0, 0, 0, 0, 0, 0, 0, 0, 0]"
china says hopes south korea continues to appropriately handle thaad issue,0,0,[],"[0, 0, 0, 0, 0, 0, 0, 0, 0, 0]"
what you don’t see in the airline transparency debate,1,1,"[0, 0, 1, 0, 0, 0, 0, 0, 0, 0]","[1, 0, 0, 0, 0, 0, 1, 0, 0, 0]"
trump's fed nominee has history of benefiting from bailouts,0,0,[],"[0, 0, 0, 0, 0, 0, 0, 0, 0, 0]"
the dramatic conclusion of trump's meeting with japan's abe,1,1,"[0, 1, 0, 1, 0, 0, 0, 0, 0, 0]","[0, 1, 0, 1, 0, 0, 0, 0, 0, 0]"
significant electoral challenge from cuban dissidents as castro era ends,1,0,"[0, 1, 0, 0, 0, 0, 0, 0, 0, 0]","[0, 0, 0, 0, 0, 0, 0, 0, 0, 0]"
investors should pay attention to bannon's departure,1,1,"[0, 0, 0, 0, 0, 0, 1, 0, 0, 0]","[0, 1, 0, 0, 0, 0, 1, 0, 0, 0]"
what happens next after the tragic killings in kenya,1,1,"[1, 0, 0, 0, 0, 0, 0, 1, 0, 1]","[0, 0, 1, 0, 0, 0, 0, 1, 0, 1]"
backs against the wall: trump victory casts pall over mexico,0,1,[],"[0, 1, 0, 1, 0, 0, 0, 0, 0, 0]"
democrats sue to get documents on trump's washington hotel,0,0,[],"[0, 0, 0, 0, 0, 0, 0, 0, 0, 0]"
house banking panel's bill could dramatically change financial crisis rules,1,0,"[0, 1, 0, 0, 0, 0, 1, 1, 0, 0]","[0, 0, 0, 0, 0, 0, 0, 0, 0, 0]"
u.s. house speaker: no reason for sessions recusal from russia probes,0,0,[],"[0, 0, 0, 0, 0, 0, 0, 0, 0, 0]"
what cuba isn't telling us about the diplomat incidents,1,1,"[0, 1, 0, 0, 0, 1, 0, 0, 0, 0]","[1, 0, 0, 0, 0, 0, 1, 0, 0, 1]"
five suspected al qaeda militants killed in yemen by drone strike,0,0,[],"[0, 0, 0, 0, 0, 0, 0, 0, 0, 0]"
major claim from islamic state on misrata attack,1,1,"[0, 1, 0, 0, 0, 0, 0, 0, 0, 0]","[0, 1, 0, 1, 0, 0, 0, 0, 0, 0]"
the top five reasons puerto rico's bill will finally see movement,1,1,"[0, 0, 0, 1, 1, 0, 0, 0, 0, 0]","[0, 0, 0, 0, 1, 0, 0, 0, 0, 0]"
what remains hidden in russia's gourmet response to sanctions,1,1,"[1, 0, 1, 0, 0, 1, 0, 0, 0, 0]","[1, 0, 0, 0, 0, 0, 0, 0, 1, 0]"
what happens next after north korea's latest missile test,1,1,"[0, 0, 0, 0, 0, 1, 0, 1, 0, 1]","[0, 0, 0, 0, 0, 0, 0, 1, 0, 1]"
paul manafort's unexpected departure from his legal team raises eyebrows,1,1,"[0, 1, 0, 0, 1, 0, 1, 0, 0, 0]","[0, 0, 0, 1, 0, 0, 0, 0, 0, 0]"
u.s. lawmakers want say on any trump russia sanctions move,0,0,[],"[0, 0, 0, 0, 0, 0, 0, 0, 0, 0]"
u.s. citizen detained in yemeni capital sanaa: colleagues,0,0,[],"[0, 0, 0, 0, 0, 0, 0, 0, 0, 0]"
televisa exec shot dead outside mexico city while riding bike,0,0,[],"[0, 0, 0, 0, 0, 0, 0, 0, 0, 0]"
"chaos, anger as trump order halts some muslim immigrants",0,0,[],"[0, 0, 0, 0, 0, 0, 0, 0, 0, 0]"
why northern ireland's future in the customs union is raising alarms among parents,1,1,"[0, 0, 0, 1, 0, 0, 1, 0, 0, 0]","[1, 0, 1, 0, 0, 0, 1, 0, 0, 0]"
house panel to probe possible russia-trump campaign collusion: democrat,0,0,[],"[0, 0, 0, 0, 0, 0, 0, 0, 0, 0]"
this pastor's trial for subversion could lead to an unprecedented 20-year sentence,1,0,"[0, 0, 0, 0, 0, 1, 1, 1, 0, 0]","[0, 0, 0, 0, 0, 0, 0, 0, 0, 0]"
"trump wants $4 billion more for missile defense, citing north korea",0,0,[],"[0, 0, 0, 0, 0, 0, 0, 0, 0, 0]"
the top trump trade nominee is now approved before nafta talks,1,0,"[0, 1, 0, 0, 1, 1, 0, 0, 0, 0]","[0, 0, 0, 0, 0, 0, 0, 0, 0, 0]"
brexit transition plans face unprecedented scrutiny,1,0,"[0, 1, 0, 0, 0, 0, 0, 0, 0, 0]","[0, 0, 0, 0, 0, 0, 0, 0, 0, 0]"
yemeni-americans shut hundreds of shops in ny city to protest travel ban,0,0,[],"[0, 0, 0, 0, 0, 0, 0, 0, 0, 0]"
treasury's lew urges china to ensure fairness for u.s. exporters,0,0,[],"[0, 0, 0, 0, 0, 0, 0, 0, 0, 0]"
"crowds boo, jeer as zimbabwe's mugabe motorcade leaves harare residence",0,0,[],"[0, 0, 0, 0, 0, 0, 0, 0, 0, 0]"
the surprising odds of clinton winning the presidency revealed,1,1,"[0, 0, 0, 0, 1, 0, 0, 0, 1, 0]","[1, 0, 0, 1, 0, 0, 0, 0, 0, 0]"
what's at stake as lawmakers challenge trump's oil strategy,1,1,"[1, 0, 0, 0, 0, 0, 0, 0, 1, 0]","[0, 0, 0, 1, 0, 0, 0, 1, 0, 1]"
"english language exit talk was only banter, says eu's juncker",0,0,[],"[0, 0, 0, 0, 0, 0, 0, 0, 0, 0]"
the surprising shift in trump's campaign strategy that could change everything,1,1,"[1, 1, 0, 1, 0, 0, 0, 0, 0, 0]","[0, 1, 0, 1, 0, 0, 0, 1, 0, 0]"
what could happen next with zimbabwe's mugabe impeachment motion,1,1,"[0, 0, 0, 0, 1, 0, 0, 1, 0, 1]","[0, 0, 0, 0, 0, 0, 0, 1, 0, 1]"
what every voter should know about the obamacare replacement plan,1,1,"[0, 0, 1, 0, 0, 0, 1, 0, 0, 0]","[1, 0, 0, 0, 1, 0, 1, 0, 0, 0]"
kuwait's emir in hospital for medical checks after cold: agency,0,0,[],"[0, 0, 0, 0, 0, 0, 0, 0, 0, 0]"
trump to name republican media firm owner to run communications: reports,0,0,[],"[0, 0, 0, 0, 0, 0, 0, 0, 0, 0]"
u.s. house approves bill to preserve insurance expert on regulatory panel,0,0,[],"[0, 0, 0, 0, 0, 0, 0, 0, 0, 0]"
should sessions resign? hear what schiff has to say,1,1,"[0, 0, 0, 0, 0, 0, 0, 0, 0, 1]","[1, 0, 0, 0, 0, 0, 1, 0, 0, 1]"
putin's surprising new rules for north korea you need to know,1,1,"[0, 0, 0, 0, 1, 0, 0, 0, 1, 0]","[1, 0, 0, 0, 0, 0, 1, 0, 0, 0]"
the shocking truth behind may's stance on brexit concerns,1,1,"[0, 0, 0, 1, 0, 0, 0, 0, 0, 0]","[1, 0, 0, 1, 0, 0, 0, 0, 0, 0]"
you won’t believe what trump said to the wounded service members,1,1,"[0, 0, 0, 0, 0, 0, 0, 0, 0, 1]","[1, 1, 0, 0, 0, 0, 1, 0, 0, 0]"
hundreds of shops closed by yemeni-americans in dramatic protest,1,0,"[0, 0, 0, 1, 1, 1, 0, 0, 0, 0]","[0, 0, 0, 0, 0, 0, 0, 0, 0, 0]"
russia expects new sanctions to further sour its ties with u.s. in 2018: ria,0,0,[],"[0, 0, 0, 0, 0, 0, 0, 0, 0, 0]"
the shocking reason democrats are pushing for congress' approval on military campaigns,1,1,"[0, 0, 1, 1, 1, 0, 0, 0, 0, 0]","[1, 1, 1, 0, 0, 0, 0, 0, 0, 0]"
trump likely to name fed chair by early november: source,0,0,[],"[0, 0, 0, 0, 0, 0, 0, 0, 0, 0]"
uk's boris johnson reignites leadership speculation with brexit plans,0,0,[],"[0, 0, 0, 0, 0, 0, 0, 0, 0, 0]"
"under china anthem cloud, rare interest in hong kong vs bahrain soccer friendly",0,1,[],"[0, 1, 0, 1, 0, 0, 0, 0, 1, 0]"
what you didn't know about wilbur ross and his protectionism stance,1,1,"[1, 0, 0, 0, 0, 0, 0, 0, 1, 0]","[1, 0, 0, 0, 0, 0, 1, 0, 0, 0]"
"help refugees wherever they come from, austria's kurz says",0,0,[],"[0, 0, 0, 0, 0, 0, 0, 0, 0, 0]"
the unexpected fallout from macedonia's municipal vote rejection,1,1,"[0, 0, 0, 1, 0, 0, 0, 0, 0, 0]","[0, 1, 0, 1, 0, 0, 0, 0, 0, 0]"
heavy rains and flooding kill dozens as extreme weather racks kenya,0,0,[],"[0, 0, 0, 0, 0, 0, 0, 0, 0, 0]"
the dramatic turn of events in deir al-zor that left many shocked,1,1,"[0, 1, 1, 0, 0, 0, 0, 0, 1, 0]","[0, 1, 1, 1, 0, 0, 0, 0, 0, 0]"
"stop meddling in foreign elections, uk's johnson tells russian hosts",0,0,[],"[0, 0, 0, 0, 0, 0, 0, 0, 0, 0]"
new york times to boost spending on trump coverage amid budget cuts,0,0,[],"[0, 0, 0, 0, 0, 0, 0, 0, 0, 0]"
the top moments from the burial of former iraqi president talabani,1,1,"[0, 0, 1, 0, 1, 0, 0, 0, 0, 0]","[0, 0, 0, 0, 1, 0, 0, 0, 0, 0]"
bannon departure tips trade scales in favor of white house 'globalists',0,0,[],"[0, 0, 0, 0, 0, 0, 0, 0, 0, 0]"
outrage grows over world bank's $150 million for yemeni cities,1,0,"[0, 0, 1, 0, 0, 0, 0, 0, 1, 0]","[0, 0, 0, 0, 0, 0, 0, 0, 0, 0]"
ramaphosa's 'poisoned chalice': new anc leader may struggle to reform south africa,0,1,[],"[0, 0, 0, 1, 0, 0, 0, 1, 0, 0]"
u.s.-backed sdf launch final assault in syria's raqqa city,0,0,[],"[0, 0, 0, 0, 0, 0, 0, 0, 0, 0]"
you won’t believe the eu's ruling on the bridge situation,1,1,"[0, 0, 1, 0, 0, 0, 1, 0, 0, 1]","[1, 0, 0, 0, 0, 1, 1, 0, 0, 0]"
is the fbi hiding something about the cyber hack delay,1,1,"[0, 0, 0, 0, 1, 0, 0, 0, 1, 1]","[1, 0, 0, 0, 0, 1, 0, 0, 0, 1]"
senator dick durbin calls for congress to pass new gun law,0,0,[],"[0, 0, 0, 0, 0, 0, 0, 0, 0, 0]"
federal judge limits some election day voter registration in illinois,0,0,[],"[0, 0, 0, 0, 0, 0, 0, 0, 0, 0]"
u.s. praises saudi arabia for exposing iran's role in yemen,0,0,[],"[0, 0, 0, 0, 0, 0, 0, 0, 0, 0]"
what china's investment in iran means for global economics,1,0,"[1, 0, 0, 0, 1, 0, 1, 0, 0, 0]","[0, 0, 0, 0, 0, 0, 0, 0, 0, 0]"
"embroiled in controversies, trump seeks boost on foreign trip",0,0,[],"[0, 0, 0, 0, 0, 0, 0, 0, 0, 0]"
"wall street raises targets on netflix, citing price increases",0,0,[],"[0, 0, 0, 0, 0, 0, 0, 0, 0, 0]"
the crucial healthcare extension that coal miners are waiting for,1,1,"[0, 1, 0, 0, 1, 0, 0, 0, 1, 0]","[0, 1, 0, 0, 0, 0, 0, 1, 0, 0]"
"brazil's temer to shuffle cabinet in march, main ally out: source",0,0,[],"[0, 0, 0, 0, 0, 0, 0, 0, 0, 0]"
russia urges india to line up behind china's belt and road initiative,0,0,[],"[0, 0, 0, 0, 0, 0, 0, 0, 0, 0]"
the dramatic impact of trump's trade stance on his party's unity,1,1,"[0, 0, 0, 1, 0, 0, 1, 0, 1, 0]","[0, 1, 0, 1, 0, 0, 0, 0, 0, 0]"
the shocking details of the retirement advice rule set to change everything,1,1,"[0, 0, 0, 1, 0, 0, 0, 0, 0, 0]","[1, 1, 0, 1, 0, 0, 0, 0, 0, 0]"
‘woke’ isn’t dead – it’s entered the mainstream. no wonder the right is furious | gaby hinsliff,0,1,[],"[0, 0, 1, 1, 0, 0, 0, 0, 0, 0]"
chile election ends era of female presidents in latin america,0,0,[],"[0, 0, 0, 0, 0, 0, 0, 0, 0, 0]"
this shocking detail reveals eu's stance on turkey funding,1,1,"[1, 0, 0, 0, 0, 0, 0, 0, 0, 0]","[1, 1, 0, 1, 0, 0, 0, 0, 0, 0]"
why the surge in the latino vote might not be what it seems,1,1,"[0, 0, 0, 1, 1, 0, 0, 0, 0, 0]","[1, 0, 0, 0, 0, 0, 0, 0, 0, 1]"
the urgent call to action from syria's government envoy,1,1,"[1, 0, 0, 1, 0, 0, 1, 0, 0, 0]","[0, 1, 0, 0, 0, 0, 0, 0, 0, 0]"
pro-palestinian protests spread at us universities as police crack down,0,0,[],"[0, 0, 0, 0, 0, 0, 0, 0, 0, 0]"
bbc reporter at trump trial as man sets himself on fire,0,0,[],"[0, 0, 0, 0, 0, 0, 0, 0, 0, 0]"
these bold activists are taking a stand against afd,1,1,"[0, 0, 0, 0, 0, 1, 1, 0, 0, 0]","[0, 1, 0, 1, 0, 1, 0, 0, 0, 0]"
illegal miners in south africa swallow gold in condoms,0,0,[],"[0, 0, 0, 0, 0, 0, 0, 0, 0, 0]"
kurdistan never intended to engage in war with iraq: krg,0,0,[],"[0, 0, 0, 0, 0, 0, 0, 0, 0, 0]"
south korea to hold summit with china on saturday: blue house,0,0,[],"[0, 0, 0, 0, 0, 0, 0, 0, 0, 0]"
will bruno guimarães stay or go after his release clause ends,1,1,"[0, 0, 0, 0, 0, 0, 0, 0, 0, 1]","[0, 0, 0, 0, 0, 0, 0, 1, 0, 1]"
u.n. rights forum to hold special session on myanmar rohingya - u.n. sources,0,0,[],"[0, 0, 0, 0, 0, 0, 0, 0, 0, 0]"
"us house speaker johnson heckled and booed at columbia, center of gaza protests",0,0,[],"[0, 0, 0, 0, 0, 0, 0, 0, 0, 0]"
this vote could change everything for the irish government,1,1,"[0, 0, 0, 0, 1, 1, 0, 0, 0, 0]","[0, 1, 0, 0, 0, 1, 0, 0, 0, 0]"
outrage over hamas's shocking new deputy chief choice,1,1,"[0, 0, 1, 0, 0, 0, 0, 0, 0, 0]","[1, 1, 1, 0, 0, 0, 0, 0, 0, 0]"
"obama says new ties with cuba made 'wet-foot, dry-foot' policy obsolete",0,0,[],"[0, 0, 0, 0, 0, 0, 0, 0, 0, 0]"
why this congresswoman's concerns about vw oversight are raising eyebrows,1,1,"[0, 0, 1, 0, 0, 0, 0, 1, 0, 0]","[1, 0, 0, 1, 0, 0, 0, 0, 0, 1]"
what you don’t see about the trump election commission's new powers,1,1,"[1, 0, 0, 0, 0, 0, 0, 0, 0, 0]","[1, 0, 0, 0, 0, 0, 1, 0, 0, 0]"
5 surprising reasons netanyahu believes peace is closer than ever,1,1,"[0, 0, 0, 0, 1, 1, 1, 0, 0, 0]","[1, 1, 0, 0, 1, 0, 0, 0, 0, 0]"
the shocking truth behind trump’s supreme court move,1,1,"[0, 0, 1, 0, 1, 1, 0, 0, 0, 0]","[1, 1, 0, 1, 0, 0, 0, 0, 0, 0]"
robert mueller examining flynn's role in seeking clinton emails from hackers: wsj,0,0,[],"[0, 0, 0, 0, 0, 0, 0, 0, 0, 0]"
outrage grows over charges against detained ugandan journalists,1,0,"[1, 0, 1, 0, 0, 0, 0, 0, 1, 0]","[0, 0, 0, 0, 0, 0, 0, 0, 0, 0]"
outrage as afghan security forces fall victim to friendly fire,1,0,"[0, 0, 1, 0, 0, 0, 0, 0, 1, 0]","[0, 0, 0, 0, 0, 0, 0, 0, 0, 0]"
the shocking legal move against catalonia's parliament speaker,1,1,"[0, 0, 0, 0, 0, 0, 1, 1, 0, 1]","[0, 1, 1, 0, 0, 0, 0, 0, 0, 0]"
"fannie, freddie stocks open higher after mnuchin's remarks",0,0,[],"[0, 0, 0, 0, 0, 0, 0, 0, 0, 0]"
arab coalition says will keep yemen port open; air raids kill at least nine,0,0,[],"[0, 0, 0, 0, 0, 0, 0, 0, 0, 0]"
the ongoing protests that could change cameroon's border with nigeria forever,1,1,"[0, 0, 0, 0, 0, 0, 0, 1, 0, 0]","[0, 1, 0, 1, 0, 0, 0, 1, 0, 0]"
congress probes ny fed's handling of bangladesh bank heist: letter,0,0,[],"[0, 0, 0, 0, 0, 0, 0, 0, 0, 0]"
"south korea, china agree to manage north korea issue peacefully, in stable manner",0,0,[],"[0, 0, 0, 0, 0, 0, 0, 0, 0, 0]"
could this republican senator's criticism change trump's tax plan,1,1,"[0, 0, 1, 1, 0, 1, 0, 0, 0, 0]","[0, 0, 0, 0, 0, 1, 0, 1, 0, 1]"
"house backs $700 billion defense policy bill, funding uncertain",0,0,[],"[0, 0, 0, 0, 0, 0, 0, 0, 0, 0]"
what this means for trump's urgent search for an fbi chief,1,1,"[0, 1, 0, 0, 0, 0, 1, 0, 0, 0]","[1, 1, 0, 0, 0, 1, 0, 0, 0, 0]"
legal challenge to uk ruling party's northern irish alliance fails,0,0,[],"[0, 0, 0, 0, 0, 0, 0, 0, 0, 0]"
robert f. kennedy's son announces run for illinois governor,0,0,[],"[0, 0, 0, 0, 0, 0, 0, 0, 0, 0]"
czech election winner babis calls minority government 'unrealistic',0,0,[],"[0, 0, 0, 0, 0, 0, 0, 0, 0, 0]"
"u.s., gulf nations target yemen terrorism financing",0,0,[],"[0, 0, 0, 0, 0, 0, 0, 0, 0, 0]"
italy national election likely set for march 4: parliamentary source,0,0,[],"[0, 0, 0, 0, 0, 0, 0, 0, 0, 0]"
major shock as trump opts out of iowa debate,1,1,"[0, 1, 0, 1, 0, 0, 0, 0, 0, 0]","[0, 1, 0, 1, 0, 0, 0, 0, 0, 0]"
major shifts in immigration enforcement as maryland lawmakers act,1,0,"[0, 1, 0, 0, 0, 0, 0, 0, 1, 0]","[0, 0, 0, 0, 0, 0, 0, 0, 0, 0]"
"after hesitation, carson accepts trump's offer to head u.s. housing department",0,0,[],"[0, 0, 0, 0, 0, 0, 0, 0, 0, 0]"
german official warns u.s. not to use sanctions for industrial policy,0,0,[],"[0, 0, 0, 0, 0, 0, 0, 0, 0, 0]"
the shocking claims about iran's nuclear deal violations,1,1,"[0, 0, 0, 1, 0, 0, 0, 1, 0, 0]","[0, 1, 1, 1, 0, 0, 0, 0, 0, 0]"
what you don't see in trump's plans for putin and ukraine,1,1,"[1, 0, 0, 0, 0, 0, 0, 0, 0, 0]","[1, 0, 0, 0, 0, 0, 1, 0, 0, 0]"
trump calls for boycott of television network cnn: tweet,0,0,[],"[0, 0, 0, 0, 0, 0, 0, 0, 0, 0]"
congressman seeks probe of chartered flights by u.s. energy secretary,0,0,[],"[0, 0, 0, 0, 0, 0, 0, 0, 0, 0]"
"china, southeast asia aim to build trust with sea drills, singapore says",0,0,[],"[0, 0, 0, 0, 0, 0, 0, 0, 0, 0]"
clinton voices concern about russian interference in election,0,0,[],"[0, 0, 0, 0, 0, 0, 0, 0, 0, 0]"
indonesian 'trump' says has no plans to run for president,0,0,[],"[0, 0, 0, 0, 0, 0, 0, 0, 0, 0]"
what you don’t see in pakistan’s education debate could change everything,1,1,"[1, 1, 0, 0, 0, 0, 0, 0, 1, 0]","[1, 1, 0, 0, 0, 0, 1, 0, 0, 0]"
mnuchin says u.s. growth prospects not fully reflected in markets,0,0,[],"[0, 0, 0, 0, 0, 0, 0, 0, 0, 0]"
what you don’t see in the new autonomous vehicle guidelines,1,1,"[1, 1, 0, 0, 0, 0, 0, 0, 1, 0]","[1, 0, 0, 0, 0, 0, 1, 0, 0, 0]"
the shocking appeal of virginia's ex-governor goes to the top court,1,1,"[0, 1, 0, 1, 0, 0, 0, 0, 0, 0]","[0, 1, 0, 1, 1, 0, 0, 0, 0, 0]"
the dramatic implications of trump's latest tweets on iraq and syria,1,1,"[1, 1, 0, 1, 0, 0, 0, 0, 0, 0]","[0, 1, 0, 1, 0, 0, 0, 0, 0, 0]"
you won't believe what babis really thinks about the eu's future,1,1,"[0, 0, 0, 0, 0, 0, 1, 0, 0, 0]","[1, 0, 0, 1, 0, 0, 1, 0, 0, 0]"
germany's major warning to trump on protectionism,1,0,"[0, 1, 0, 0, 0, 0, 0, 0, 0, 0]","[0, 0, 0, 0, 0, 0, 0, 0, 0, 0]"
the shocking details behind the fourth ex-governor's arrest,1,1,"[0, 0, 0, 0, 0, 0, 0, 1, 0, 0]","[1, 0, 1, 0, 1, 0, 0, 0, 0, 0]"
you won't believe what the u.s. is planning in north korea sanctions talks,1,1,"[1, 0, 0, 1, 0, 0, 1, 0, 0, 0]","[1, 1, 0, 0, 0, 0, 1, 0, 0, 0]"
u.s. consumer financial agency's backers seek to fight for it in court,0,0,[],"[0, 0, 0, 0, 0, 0, 0, 0, 0, 0]"
china's unexpected call for diplomacy on north korea takes center stage,1,0,"[0, 1, 0, 0, 0, 0, 0, 0, 0, 0]","[0, 0, 0, 0, 0, 0, 0, 0, 0, 0]"
the most incredible moments from harry kane's record-breaking game,1,1,"[0, 1, 0, 1, 0, 0, 0, 1, 0, 0]","[0, 1, 0, 1, 1, 0, 0, 0, 0, 0]"
trump's unexpected request to comey about flynn's investigation,1,1,"[0, 0, 0, 0, 0, 0, 0, 0, 1, 0]","[1, 1, 0, 1, 0, 0, 0, 0, 0, 0]"
what you need to know about vietnam's request to cambodia on immigrant protection,1,1,"[1, 0, 0, 0, 1, 0, 0, 0, 0, 1]","[1, 0, 0, 0, 0, 0, 1, 0, 0, 0]"
is there more to trump's comey firing than we know,1,1,"[0, 0, 0, 0, 0, 1, 0, 1, 0, 1]","[1, 0, 0, 0, 0, 0, 0, 0, 0, 1]"
the unexpected appointment that could change trump's social media strategy,1,1,"[0, 0, 0, 1, 0, 1, 0, 0, 0, 1]","[0, 0, 0, 1, 0, 1, 0, 1, 0, 0]"
what happens next in the race as clinton holds a lead,1,1,"[0, 1, 0, 0, 0, 0, 1, 1, 0, 0]","[0, 0, 0, 0, 0, 0, 0, 1, 0, 1]"
"trump, south korea's moon agree to boost defenses: white house",0,0,[],"[0, 0, 0, 0, 0, 0, 0, 0, 0, 0]"
erdogan's threat could change everything regarding iraq's oil flow,1,1,"[0, 0, 0, 0, 0, 0, 0, 1, 0, 0]","[0, 1, 0, 1, 0, 0, 0, 1, 0, 0]"
australian pm puts foreign minister in charge amid government crisis,0,0,[],"[0, 0, 0, 0, 0, 0, 0, 0, 0, 0]"
ready to fight again: the homeless rohingya still backing myanmar insurgency,0,1,[],"[0, 0, 0, 1, 0, 0, 0, 0, 1, 0]"
u.s. top court rejects challenge to political ad disclosure rules,0,0,[],"[0, 0, 0, 0, 0, 0, 0, 0, 0, 0]"
"trump, china's xi to meet april 6-7 in florida: source",0,0,[],"[0, 0, 0, 0, 0, 0, 0, 0, 0, 0]"
"abortion providers, opponents brace for u.s. high court decision",0,0,[],"[0, 0, 0, 0, 0, 0, 0, 0, 0, 0]"
what happens next in the clinton vs sanders debate saga,1,1,"[0, 0, 0, 0, 0, 0, 0, 1, 0, 0]","[0, 0, 0, 1, 0, 0, 0, 1, 0, 1]"
arne slot admits he wants to succeed jürgen klopp as liverpool manager,0,0,[],"[0, 0, 0, 0, 0, 0, 0, 0, 0, 0]"
what's the real story behind trump's new hire?,1,1,"[0, 0, 0, 0, 0, 1, 0, 1, 0, 0]","[1, 0, 0, 0, 0, 0, 0, 0, 0, 1]"
uk threat level remains at critical: minister,0,0,[],"[0, 0, 0, 0, 0, 0, 0, 0, 0, 0]"
"factbox: japanese emperor akihito worked to console the people, reconcile with asia",0,0,[],"[0, 0, 0, 0, 0, 0, 0, 0, 0, 0]"
this shocking claim about thaad payments from south korea's frontrunner,1,1,"[1, 0, 0, 0, 0, 1, 1, 0, 0, 0]","[1, 1, 0, 1, 0, 0, 0, 0, 0, 0]"
wall street elite stunned at trump triumph,0,1,[],"[0, 1, 1, 0, 0, 0, 0, 0, 1, 0]"
turkey summons german envoy over kurdish rally in cologne,0,0,[],"[0, 0, 0, 0, 0, 0, 0, 0, 0, 0]"
the top 5 budget cuts trump doesn't want you to know about,1,1,"[0, 0, 0, 0, 1, 0, 0, 0, 0, 0]","[1, 0, 0, 0, 1, 0, 1, 0, 0, 0]"
fear grips beijing as another tragic fire claims lives,1,0,"[0, 0, 1, 0, 0, 0, 1, 0, 1, 0]","[0, 0, 0, 0, 0, 0, 0, 0, 0, 0]"
spanish judge has yet to issue arrest warrant for puigdemont: court source,0,0,[],"[0, 0, 0, 0, 0, 0, 0, 0, 0, 0]"
the growth of syria's humanitarian crisis,0,0,[],"[0, 0, 0, 0, 0, 0, 0, 0, 0, 0]"
trump's central america plan will not boost militarization: honduras president,0,0,[],"[0, 0, 0, 0, 0, 0, 0, 0, 0, 0]"
"twenty-eight arrests after venezuela looting, violence",0,0,[],"[0, 0, 0, 0, 0, 0, 0, 0, 0, 0]"
the surprising choice for agriculture head that could change everything,1,1,"[0, 0, 0, 1, 1, 0, 0, 0, 1, 0]","[0, 1, 0, 1, 0, 1, 0, 0, 0, 0]"
top lawmakers demand action over the shocking sonic attacks in cuba,1,0,"[0, 0, 0, 1, 1, 0, 0, 0, 0, 1]","[0, 0, 0, 0, 0, 0, 0, 0, 0, 0]"
ex-democratic leader who mulled dropping clinton spurns critics,0,0,[],"[0, 0, 0, 0, 0, 0, 0, 0, 0, 0]"
syrian refugees should return to calmer areas: lebanon president,0,0,[],"[0, 0, 0, 0, 0, 0, 0, 0, 0, 0]"
you won't believe how the former trump girlfriend rebuts the ny times story,1,1,"[0, 0, 0, 0, 0, 1, 1, 0, 0, 1]","[1, 0, 0, 1, 0, 0, 1, 0, 0, 0]"
united states calls for delivery of u.n. aid shipments to yemen,0,0,[],"[0, 0, 0, 0, 0, 0, 0, 0, 0, 0]"
the significant move by japan and south korea for defense talks,1,0,"[0, 1, 0, 0, 0, 0, 1, 0, 0, 0]","[0, 0, 0, 0, 0, 0, 0, 0, 0, 0]"
islamic state claims attack on damascus police center,0,0,[],"[0, 0, 0, 0, 0, 0, 0, 0, 0, 0]"
u.s. military says no orders yet to create safe areas for refugees,0,0,[],"[0, 0, 0, 0, 0, 0, 0, 0, 0, 0]"
what you don’t see in the eu's talks with london post-brexit,1,1,"[1, 0, 0, 0, 0, 1, 0, 0, 0, 0]","[1, 0, 0, 0, 0, 1, 1, 0, 0, 0]"
what does the sicilian election reveal about your future,1,1,"[0, 0, 0, 0, 0, 0, 1, 0, 0, 1]","[0, 0, 0, 0, 0, 0, 1, 0, 1, 1]"
"north korea tests short-range missiles as south korea, u.s. conduct drills",0,0,[],"[0, 0, 0, 0, 0, 0, 0, 0, 0, 0]"
secretary of state nominee tillerson veers from trump on key issues,0,0,[],"[0, 0, 0, 0, 0, 0, 0, 0, 0, 0]"
trump urged washington to stop bank mergers in 2004 letter,0,0,[],"[0, 0, 0, 0, 0, 0, 0, 0, 0, 0]"
federal judge in hawaii expands block on trump travel ban,0,0,[],"[0, 0, 0, 0, 0, 0, 0, 0, 0, 0]"
finland plans military drill with united states and sweden,0,0,[],"[0, 0, 0, 0, 0, 0, 0, 0, 0, 0]"
dramatic changes in trump's economic plan shock experts,1,1,"[0, 0, 0, 1, 0, 0, 0, 0, 0, 0]","[0, 1, 0, 1, 0, 0, 0, 0, 0, 0]"
senate republicans are pushing for a tax bill you can’t afford to miss,1,1,"[0, 0, 0, 0, 0, 0, 1, 0, 0, 0]","[0, 1, 0, 1, 0, 0, 1, 0, 0, 0]"
comey signs book deal after abrupt end to fbi career,0,0,[],"[0, 0, 0, 0, 0, 0, 0, 0, 0, 0]"
senate republicans appear to have votes to pave way to tax reform,0,0,[],"[0, 0, 0, 0, 0, 0, 0, 0, 0, 0]"
the unexpected connection between wall street and trump's presidency,1,1,"[0, 0, 0, 0, 0, 0, 0, 1, 0, 0]","[0, 0, 0, 1, 0, 0, 0, 0, 1, 0]"
trump tower's booming business leaves nearby retailers in despair,1,0,"[0, 1, 1, 0, 0, 0, 1, 0, 0, 0]","[0, 0, 0, 0, 0, 0, 0, 0, 0, 0]"
exclusive: top u.s. spy agency has not embraced cia assessment on russia hacking - sources,0,0,[],"[0, 0, 0, 0, 0, 0, 0, 0, 0, 0]"
house votes to kill consumer lawsuit rule,0,0,[],"[0, 0, 0, 0, 0, 0, 0, 0, 0, 0]"
south korea to start talks with u.s. on developing military capabilities,0,0,[],"[0, 0, 0, 0, 0, 0, 0, 0, 0, 0]"
what remains hidden as senators push for a russian hacking investigation,1,1,"[1, 0, 0, 0, 1, 0, 1, 0, 0, 0]","[1, 0, 0, 0, 0, 1, 0, 0, 0, 1]"
iraq threatens to resume military operations against kurds,0,0,[],"[0, 0, 0, 0, 0, 0, 0, 0, 0, 0]"
what could this year’s military satellite purchases mean for the u.s.,1,1,"[0, 0, 1, 1, 0, 0, 0, 0, 0, 1]","[0, 0, 0, 0, 0, 0, 0, 1, 0, 1]"
the potential fallout from misconduct allegations in 2018 elections is alarming,1,1,"[0, 1, 0, 0, 0, 0, 0, 1, 0, 1]","[0, 1, 1, 1, 0, 0, 0, 0, 0, 0]"
explosions rock zimbabwe capital as coup speculation intensifies,0,0,[],"[0, 0, 0, 0, 0, 0, 0, 0, 0, 0]"
suspects held in franco-swiss swoop face terrorism charges,0,0,[],"[0, 0, 0, 0, 0, 0, 0, 0, 0, 0]"
the surprising move by libya towards refugee solutions that you won't believe,1,1,"[1, 0, 0, 1, 0, 0, 0, 0, 0, 1]","[1, 0, 0, 1, 0, 0, 1, 0, 0, 0]"
what remains hidden about papadopoulos' guilty plea,1,1,"[1, 0, 1, 0, 0, 0, 0, 0, 0, 0]","[1, 0, 0, 0, 0, 0, 0, 0, 0, 1]"
"in syria, russia securing position as assad presses war",0,0,[],"[0, 0, 0, 0, 0, 0, 0, 0, 0, 0]"
the significant relationship between trump and merkel revealed,1,1,"[0, 1, 0, 0, 0, 0, 0, 0, 0, 0]","[0, 1, 0, 1, 0, 0, 0, 0, 0, 0]"
this detail about party meetings will surprise you,1,1,"[0, 0, 0, 0, 0, 1, 1, 0, 0, 0]","[1, 0, 0, 0, 0, 1, 1, 0, 0, 0]"
lockheed martin wins $743 million u.s. defense contract: pentagon,0,0,[],"[0, 0, 0, 0, 0, 0, 0, 0, 0, 0]"
is there really no cause for panic over zika? obama's funding move raises doubts,1,1,"[0, 0, 0, 0, 0, 1, 0, 0, 0, 1]","[0, 0, 1, 1, 0, 0, 0, 0, 0, 1]"
"unbending on border, ireland says there work to do to get brexit deal next month",0,0,[],"[0, 0, 0, 0, 0, 0, 0, 0, 0, 0]"
eu's mogherini says eu-u.s. ties deeper than any change in politics,0,0,[],"[0, 0, 0, 0, 0, 0, 0, 0, 0, 0]"
senate sets votes on competing zika funding plans,0,0,[],"[0, 0, 0, 0, 0, 0, 0, 0, 0, 0]"
u.s. commerce nominee ross calls china 'most protectionist' country,0,0,[],"[0, 0, 0, 0, 0, 0, 0, 0, 0, 0]"
security for trump's summer visit ruffles tranquil new jersey town,0,0,[],"[0, 0, 0, 0, 0, 0, 0, 0, 0, 0]"
why you should be concerned about clinton's lead over trump,1,1,"[0, 0, 1, 0, 0, 0, 0, 0, 0, 0]","[0, 0, 1, 0, 0, 0, 1, 0, 0, 1]"
what you didn't know about trump's latest justice department choice,1,1,"[0, 0, 1, 0, 0, 0, 0, 0, 0, 0]","[1, 0, 0, 0, 0, 0, 1, 0, 0, 0]"
this unexpected move could change everything for kosovo's pm,1,1,"[0, 0, 0, 0, 0, 1, 0, 1, 0, 0]","[1, 1, 0, 0, 0, 1, 0, 0, 0, 0]"
the dramatic decision to ban ties with pyongyang is raising eyebrows,1,1,"[0, 1, 0, 1, 0, 1, 0, 0, 0, 0]","[0, 1, 0, 1, 0, 0, 0, 0, 0, 0]"
the dramatic approval of trump's pentagon pick by the senate panel,1,0,"[0, 1, 0, 0, 0, 0, 0, 0, 0, 0]","[0, 0, 0, 0, 0, 0, 0, 0, 0, 0]"
south korean 'nut rage' executive remains free after court upholds suspended sentence,0,0,[],"[0, 0, 0, 0, 0, 0, 0, 0, 0, 0]"
france stops large shipment of radioactive belarus mushrooms,0,0,[],"[0, 0, 0, 0, 0, 0, 0, 0, 0, 0]"
you need to see what trump's $1 trillion infrastructure plan entails,1,1,"[0, 0, 0, 1, 0, 0, 1, 0, 0, 0]","[1, 0, 0, 0, 0, 0, 1, 0, 0, 0]"
colombia's peace with eln rebels is more shocking than you think,1,1,"[0, 0, 0, 1, 0, 0, 0, 0, 0, 0]","[0, 1, 0, 1, 0, 0, 1, 0, 0, 0]"
what remains hidden in the senate's tax cut discussions,1,1,"[1, 0, 0, 0, 0, 0, 0, 0, 0, 0]","[1, 0, 0, 0, 0, 0, 0, 0, 0, 1]"
"turkey's talks with u.s. on visa crisis going in 'good direction', erdogan spokesman says",0,0,[],"[0, 0, 0, 0, 0, 0, 0, 0, 0, 0]"
you won’t believe what these congressional republicans are doing,1,1,"[0, 0, 0, 0, 0, 1, 0, 0, 1, 0]","[1, 1, 0, 0, 0, 0, 1, 0, 0, 0]"
"senate banking chair, democrats say still hopeful for deal on dodd-frank bank rules rewrite",0,0,[],"[0, 0, 0, 0, 0, 0, 0, 0, 0, 0]"
slovenian government faces test in pre-election investment referendum,0,0,[],"[0, 0, 0, 0, 0, 0, 0, 0, 0, 0]"
hostile same-sex marriage vote spurs australia to amend anti-hate law,0,0,[],"[0, 0, 0, 0, 0, 0, 0, 0, 0, 0]"
"turkish court remands turkey's amnesty chairman in custody, amnesty says",0,0,[],"[0, 0, 0, 0, 0, 0, 0, 0, 0, 0]"
u.s. lawmaker to scrap bill to sell public lands after backlash,0,0,[],"[0, 0, 0, 0, 0, 0, 0, 0, 0, 0]"
dup leader says brexit transition should be kept to 'absolute minimum',0,0,[],"[0, 0, 0, 0, 0, 0, 0, 0, 0, 0]"
top tech leaders including sam altman join ai safety board,1,0,"[0, 0, 1, 0, 1, 0, 0, 0, 0, 0]","[0, 0, 0, 0, 0, 0, 0, 0, 0, 0]"
corporate amt likely will not be in final u.s. tax bill: hatch,0,0,[],"[0, 0, 0, 0, 0, 0, 0, 0, 0, 0]"
what happens next after trump drops steve bannon from national security council,1,1,"[0, 0, 0, 1, 0, 0, 0, 1, 0, 0]","[0, 0, 0, 0, 0, 0, 0, 1, 0, 1]"
this unexpected move by indonesia police stirs outrage,1,1,"[0, 1, 0, 0, 0, 0, 1, 0, 1, 0]","[0, 0, 1, 1, 0, 1, 0, 0, 0, 0]"
"morocco expresses deep concern over jerusalem decision, summons u.s. charge d'affaires",0,0,[],"[0, 0, 0, 0, 0, 0, 0, 0, 0, 0]"
what remains hidden about guantanamo releases this week,1,1,"[0, 0, 0, 1, 0, 0, 0, 0, 0, 1]","[1, 0, 0, 0, 0, 0, 0, 0, 0, 1]"
boris and brexit sour british pm theresa may's party in manchester,0,0,[],"[0, 0, 0, 0, 0, 0, 0, 0, 0, 0]"
the shocking truth behind the libyan slave trade allegations,1,1,"[0, 1, 0, 0, 1, 0, 0, 0, 0, 0]","[1, 0, 1, 1, 0, 0, 0, 0, 0, 0]"
why does ireland believe the eu's role in middle east peace is vital,1,1,"[0, 0, 0, 1, 0, 0, 0, 0, 0, 1]","[0, 1, 0, 0, 0, 0, 0, 0, 0, 1]"
representative scalise's condition upgraded to 'serious' after shooting,0,0,[],"[0, 0, 0, 0, 0, 0, 0, 0, 0, 0]"
ajax makes a surprising move for the former chelsea manager you didn't expect,1,1,"[0, 0, 1, 0, 1, 1, 0, 0, 0, 0]","[0, 0, 0, 1, 0, 1, 1, 0, 0, 0]"
the shocking details of the white widow's death revealed,1,1,"[0, 0, 1, 0, 0, 0, 1, 0, 0, 1]","[1, 1, 0, 1, 0, 0, 0, 0, 0, 0]"
house passes bill again to restrict obama lifting iran sanctions,0,0,[],"[0, 0, 0, 0, 0, 0, 0, 0, 0, 0]"
fear grows as flake warns trump's future is at stake,1,1,"[0, 0, 1, 0, 0, 0, 0, 0, 0, 0]","[0, 0, 1, 1, 0, 0, 0, 1, 0, 0]"
"trump team wants more nafta access for u.s. goods, services: lawmakers",0,0,[],"[0, 0, 0, 0, 0, 0, 0, 0, 0, 0]"
u.s. visas issued to citizens of trump travel ban nations continue to decline,0,0,[],"[0, 0, 0, 0, 0, 0, 0, 0, 0, 0]"
yemeni airline says not resumed commercial flights after blockade,0,0,[],"[0, 0, 0, 0, 0, 0, 0, 0, 0, 0]"
trump pledges 'close collaboration' with uk after attack: white house,0,0,[],"[0, 0, 0, 0, 0, 0, 0, 0, 0, 0]"
lithuania's social democrat mps disobey party to stay in government,0,0,[],"[0, 0, 0, 0, 0, 0, 0, 0, 0, 0]"
how trump's comments redefine perceptions of u.s. freedoms abroad,1,1,"[0, 0, 0, 1, 0, 0, 0, 0, 1, 1]","[0, 1, 0, 0, 0, 0, 0, 0, 1, 1]"
"trump, aviation executives to discuss infrastructure thursday: sources",0,0,[],"[0, 0, 0, 0, 0, 0, 0, 0, 0, 0]"
suspected istanbul airport bomber thought killed in georgia: three sources,0,0,[],"[0, 0, 0, 0, 0, 0, 0, 0, 0, 0]"
"u.s. secret service says 1,100 employees face unpaid overtime",0,0,[],"[0, 0, 0, 0, 0, 0, 0, 0, 0, 0]"
